solid OpenSCAD_Model
  facet normal 0 0 -1
    outer loop
      vertex -75.37433458119631 -64.79157857596874 0
      vertex -75.39999999850988 -64.39999999850988 0
      vertex -68.5 -59.5 0
    endloop
  endfacet
  facet normal 0 0 -1
    outer loop
      vertex -75.29777747392654 -65.17645713686943 0
      vertex -75.37433458119631 -64.79157857596874 0
      vertex -68.5 -59.5 0
    endloop
  endfacet
  facet normal 0 0 -1
    outer loop
      vertex -75.29777747392654 -65.17645713686943 0
      vertex -68.5 -59.5 0
      vertex -65.5 -59.5 0
    endloop
  endfacet
  facet normal 0 0 -1
    outer loop
      vertex -75.39999999850988 -64.39999999850988 0
      vertex -68.5 -54.5 0
      vertex -68.5 -59.5 0
    endloop
  endfacet
  facet normal 0 0 -1
    outer loop
      vertex -75.39999999850988 -64.39999999850988 0
      vertex -75.39999999850988 -47.93287698356378 0
      vertex -68.5 -54.5 0
    endloop
  endfacet
  facet normal -1 0 0
    outer loop
      vertex -75.39999999850988 -64.39999999850988 0
      vertex -75.39999999850988 -47.93287698356378 4
      vertex -75.39999999850988 -47.93287698356378 0
    endloop
  endfacet
  facet normal 0 0 -1
    outer loop
      vertex -75.39999999850988 -47.93287698356378 0
      vertex -65.5 -54.5 0
      vertex -68.5 -54.5 0
    endloop
  endfacet
  facet normal 0 0 -1
    outer loop
      vertex -75.39999999850988 -47.93287698356378 0
      vertex -75.39999999850988 -32.06712301643622 0
      vertex -68.5 -31.5 0
    endloop
  endfacet
  facet normal 0 0 -1
    outer loop
      vertex -75.39999999850988 -47.93287698356378 0
      vertex -68.5 -31.5 0
      vertex -65.5 -31.5 0
    endloop
  endfacet
  facet normal -0.8968727407473451 -0.44228869181151975 0
    outer loop
      vertex -75.17163859307766 -65.54805029928684 0
      vertex -74.99807620793581 -65.89999999850988 0
      vertex -75.17163859307766 -65.54805029928684 32.4
    endloop
  endfacet
  facet normal -0.9469301300366788 -0.32143946370773846 0
    outer loop
      vertex -75.17163859307766 -65.54805029928684 0
      vertex -75.29777747392654 -65.17645713686943 32.4
      vertex -75.29777747392654 -65.17645713686943 0
    endloop
  endfacet
  facet normal -0.44228869181151975 -0.8968727407473451 0
    outer loop
      vertex -73.89999999850988 -66.99807620793581 0
      vertex -73.54805029928684 -67.17163859307766 0
      vertex -73.89999999850988 -66.99807620793581 32.4
    endloop
  endfacet
  facet normal -0.5555702203832521 -0.8314696207458842 0
    outer loop
      vertex -73.89999999850988 -66.99807620793581 0
      vertex -74.22628428786993 -66.78006002306938 32.4
      vertex -74.22628428786993 -66.78006002306938 0
    endloop
  endfacet
  facet normal -0.6593458207943228 -0.7518398024852506 0
    outer loop
      vertex -74.52132034301758 -66.52132034301758 0
      vertex -74.22628428786993 -66.78006002306938 0
      vertex -74.52132034301758 -66.52132034301758 32.4
    endloop
  endfacet
  facet normal -0.8314696207458842 -0.5555702203832521 0
    outer loop
      vertex -74.78006002306938 -66.22628428786993 0
      vertex -74.99807620793581 -65.89999999850988 32.4
      vertex -74.99807620793581 -65.89999999850988 0
    endloop
  endfacet
  facet normal -0.7518398024852506 -0.6593458207943228 0
    outer loop
      vertex -74.52132034301758 -66.52132034301758 0
      vertex -74.78006002306938 -66.22628428786993 32.4
      vertex -74.78006002306938 -66.22628428786993 0
    endloop
  endfacet
  facet normal -0.9807852796390059 -0.19509032585814406 0
    outer loop
      vertex -75.29777747392654 -65.17645713686943 0
      vertex -75.37433458119631 -64.79157857596874 32.4
      vertex -75.37433458119631 -64.79157857596874 0
    endloop
  endfacet
  facet normal -0.9978589230086541 -0.06540313273849395 0
    outer loop
      vertex -75.37433458119631 -64.79157857596874 0
      vertex -75.39999999850988 -64.39999999850988 32.4
      vertex -75.39999999850988 -64.39999999850988 0
    endloop
  endfacet
  facet normal -0.32143946370773846 -0.9469301300366788 0
    outer loop
      vertex -73.54805029928684 -67.17163859307766 0
      vertex -73.17645713686943 -67.29777747392654 0
      vertex -73.54805029928684 -67.17163859307766 32.4
    endloop
  endfacet
  facet normal -0.19509032585814406 -0.9807852796390059 0
    outer loop
      vertex -73.17645713686943 -67.29777747392654 0
      vertex -72.79157857596874 -67.37433458119631 0
      vertex -73.17645713686943 -67.29777747392654 32.4
    endloop
  endfacet
  facet normal -0.06540313273849395 -0.9978589230086541 0
    outer loop
      vertex -72.79157857596874 -67.37433458119631 0
      vertex -72.39999999850988 -67.39999999850988 0
      vertex -72.79157857596874 -67.37433458119631 32.4
    endloop
  endfacet
  facet normal 0 0 -1
    outer loop
      vertex -75.39999999850988 -32.06712301643622 0
      vertex -72.5 -9 0
      vertex -68.5 -31.5 0
    endloop
  endfacet
  facet normal 0 0 -1
    outer loop
      vertex -68.5 -31.5 0
      vertex -72.5 -9 0
      vertex -68.5 -26.5 0
    endloop
  endfacet
  facet normal 0 0 -1
    outer loop
      vertex -75.39999999850988 -32.06712301643622 0
      vertex -72.5 -4 0
      vertex -72.5 -9 0
    endloop
  endfacet
  facet normal 0 0 -1
    outer loop
      vertex -68.5 -26.5 0
      vertex -72.5 -9 0
      vertex -69.5 -9 0
    endloop
  endfacet
  facet normal 0 0 -1
    outer loop
      vertex -65.5 -31.5 0
      vertex -65.5 -26.5 0
      vertex -38.5 -9 0
    endloop
  endfacet
  facet normal 0 0 -1
    outer loop
      vertex -68.5 -26.5 0
      vertex -38.5 -9 0
      vertex -65.5 -26.5 0
    endloop
  endfacet
  facet normal 0 0 -1
    outer loop
      vertex -68.5 -26.5 0
      vertex -69.5 -9 0
      vertex -38.5 -9 0
    endloop
  endfacet
  facet normal 0 0 -1
    outer loop
      vertex -69.5 -9 0
      vertex -69.5 -4 0
      vertex -35.5 -1.5 0
    endloop
  endfacet
  facet normal 0 0 -1
    outer loop
      vertex -69.5 -4 0
      vertex -72.5 -4 0
      vertex -35.5 -1.5 0
    endloop
  endfacet
  facet normal 0 0 -1
    outer loop
      vertex -65.5 -31.5 0
      vertex -38.5 -9 0
      vertex -35.5 -9 0
    endloop
  endfacet
  facet normal 0 0 -1
    outer loop
      vertex -38.5 -9 0
      vertex -69.5 -9 0
      vertex -38.5 -4 0
    endloop
  endfacet
  facet normal 0 0 -1
    outer loop
      vertex -69.5 -9 0
      vertex -35.5 -1.5 0
      vertex -38.5 -4 0
    endloop
  endfacet
  facet normal 0 0 -1
    outer loop
      vertex -72.5 -4 0
      vertex -35.5 3.5 0
      vertex -35.5 -1.5 0
    endloop
  endfacet
  facet normal -1 0 0
    outer loop
      vertex -75.39999999850988 -64.39999999850988 0
      vertex -75.39999999850988 64.39999999850988 32.4
      vertex -75.39999999850988 -47.93287698356378 4
    endloop
  endfacet
  facet normal -1 0 0
    outer loop
      vertex -75.39999999850988 -47.93287698356378 4
      vertex -75.39999999850988 64.39999999850988 32.4
      vertex -75.39999999850988 -32.06712301643622 4
    endloop
  endfacet
  facet normal 0 0 -1
    outer loop
      vertex -74.52132034301758 -66.52132034301758 0
      vertex 74.99807620793581 -65.89999999850988 0
      vertex -74.22628428786993 -66.78006002306938 0
    endloop
  endfacet
  facet normal 0 0 -1
    outer loop
      vertex -74.52132034301758 -66.52132034301758 0
      vertex -74.78006002306938 -66.22628428786993 0
      vertex 75.17163859307766 -65.54805029928684 0
    endloop
  endfacet
  facet normal 0 0 -1
    outer loop
      vertex -75.17163859307766 -65.54805029928684 0
      vertex 75.37433458119631 -64.79157857596874 0
      vertex -74.99807620793581 -65.89999999850988 0
    endloop
  endfacet
  facet normal 0 0 -1
    outer loop
      vertex -74.78006002306938 -66.22628428786993 0
      vertex -74.99807620793581 -65.89999999850988 0
      vertex 75.29777747392654 -65.17645713686943 0
    endloop
  endfacet
  facet normal 0 0 -1
    outer loop
      vertex -75.17163859307766 -65.54805029928684 0
      vertex -75.29777747392654 -65.17645713686943 0
      vertex 75.39999999850988 -64.39999999850988 0
    endloop
  endfacet
  facet normal 0 0 -1
    outer loop
      vertex -73.89999999850988 -66.99807620793581 0
      vertex 74.52132034301758 -66.52132034301758 0
      vertex -73.54805029928684 -67.17163859307766 0
    endloop
  endfacet
  facet normal 0 0 -1
    outer loop
      vertex -73.17645713686943 -67.29777747392654 0
      vertex 73.89999999850988 -66.99807620793581 0
      vertex -72.79157857596874 -67.37433458119631 0
    endloop
  endfacet
  facet normal 0 0 -1
    outer loop
      vertex -73.54805029928684 -67.17163859307766 0
      vertex 74.22628428786993 -66.78006002306938 0
      vertex -73.17645713686943 -67.29777747392654 0
    endloop
  endfacet
  facet normal 0 0 -1
    outer loop
      vertex -73.89999999850988 -66.99807620793581 0
      vertex -74.22628428786993 -66.78006002306938 0
      vertex 74.78006002306938 -66.22628428786993 0
    endloop
  endfacet
  facet normal 0 0 -1
    outer loop
      vertex -72.79157857596874 -67.37433458119631 0
      vertex 73.54805029928684 -67.17163859307766 0
      vertex -72.39999999850988 -67.39999999850988 0
    endloop
  endfacet
  facet normal 0 0 -1
    outer loop
      vertex -65.5 -54.5 0
      vertex 15.5 -31.5 0
      vertex -65.5 -59.5 0
    endloop
  endfacet
  facet normal 0 0 -1
    outer loop
      vertex -75.29777747392654 -65.17645713686943 0
      vertex 15.5 -59.5 0
      vertex 18.5 -59.5 0
    endloop
  endfacet
  facet normal 0 0 -1
    outer loop
      vertex -75.29777747392654 -65.17645713686943 0
      vertex 15.5 -54.5 0
      vertex 15.5 -59.5 0
    endloop
  endfacet
  facet normal 0 0 -1
    outer loop
      vertex -75.29777747392654 -65.17645713686943 0
      vertex -65.5 -59.5 0
      vertex 75.39999999850988 -32.06712301643622 0
    endloop
  endfacet
  facet normal 0 0 -1
    outer loop
      vertex -65.5 -54.5 0
      vertex 15.5 -26.5 0
      vertex 15.5 -31.5 0
    endloop
  endfacet
  facet normal 0 -1 0
    outer loop
      vertex -72.39999999850988 -67.39999999850988 0
      vertex 72.39999999850988 -67.39999999850988 0
      vertex -72.39999999850988 -67.39999999850988 32.4
    endloop
  endfacet
  facet normal 0 0 -1
    outer loop
      vertex -75.39999999850988 -47.93287698356378 0
      vertex 37.5 36.5 0
      vertex -65.5 -54.5 0
    endloop
  endfacet
  facet normal 0 0 -1
    outer loop
      vertex -75.39999999850988 -47.93287698356378 0
      vertex -65.5 -31.5 0
      vertex 37.5 36.5 0
    endloop
  endfacet
  facet normal 0 0 -1
    outer loop
      vertex -35.5 -4 0
      vertex -38.5 -4 0
      vertex -35.5 -1.5 0
    endloop
  endfacet
  facet normal 0 0 -1
    outer loop
      vertex -35.5 -4 0
      vertex -35.5 -1.5 0
      vertex -32.5 -1.5 0
    endloop
  endfacet
  facet normal 0 0 -1
    outer loop
      vertex -65.5 -54.5 0
      vertex 37.5 3.5 0
      vertex 15.5 -26.5 0
    endloop
  endfacet
  facet normal 0 0 -1
    outer loop
      vertex 37.5 36.5 0
      vertex -65.5 -31.5 0
      vertex -35.5 -9 0
    endloop
  endfacet
  facet normal -0.9469301300366788 -0.32143946370773846 0
    outer loop
      vertex -75.17163859307766 -65.54805029928684 0
      vertex -75.17163859307766 -65.54805029928684 32.4
      vertex -75.29777747392654 -65.17645713686943 32.4
    endloop
  endfacet
  facet normal -0.7518398024852506 -0.6593458207943228 0
    outer loop
      vertex -74.52132034301758 -66.52132034301758 0
      vertex -74.52132034301758 -66.52132034301758 32.4
      vertex -74.78006002306938 -66.22628428786993 32.4
    endloop
  endfacet
  facet normal -0.5555702203832521 -0.8314696207458842 0
    outer loop
      vertex -73.89999999850988 -66.99807620793581 0
      vertex -73.89999999850988 -66.99807620793581 32.4
      vertex -74.22628428786993 -66.78006002306938 32.4
    endloop
  endfacet
  facet normal -0.6593458207943228 -0.7518398024852506 0
    outer loop
      vertex -74.22628428786993 -66.78006002306938 0
      vertex -74.22628428786993 -66.78006002306938 32.4
      vertex -74.52132034301758 -66.52132034301758 32.4
    endloop
  endfacet
  facet normal -0.8314696207458842 -0.5555702203832521 0
    outer loop
      vertex -74.78006002306938 -66.22628428786993 0
      vertex -74.78006002306938 -66.22628428786993 32.4
      vertex -74.99807620793581 -65.89999999850988 32.4
    endloop
  endfacet
  facet normal -0.8968727407473451 -0.44228869181151975 0
    outer loop
      vertex -74.99807620793581 -65.89999999850988 0
      vertex -74.99807620793581 -65.89999999850988 32.4
      vertex -75.17163859307766 -65.54805029928684 32.4
    endloop
  endfacet
  facet normal -0.9807852796390059 -0.19509032585814406 0
    outer loop
      vertex -75.29777747392654 -65.17645713686943 0
      vertex -75.29777747392654 -65.17645713686943 32.4
      vertex -75.37433458119631 -64.79157857596874 32.4
    endloop
  endfacet
  facet normal -0.9978589230086541 -0.06540313273849395 0
    outer loop
      vertex -75.37433458119631 -64.79157857596874 0
      vertex -75.37433458119631 -64.79157857596874 32.4
      vertex -75.39999999850988 -64.39999999850988 32.4
    endloop
  endfacet
  facet normal -0.44228869181151975 -0.8968727407473451 0
    outer loop
      vertex -73.54805029928684 -67.17163859307766 0
      vertex -73.54805029928684 -67.17163859307766 32.4
      vertex -73.89999999850988 -66.99807620793581 32.4
    endloop
  endfacet
  facet normal -0.32143946370773846 -0.9469301300366788 0
    outer loop
      vertex -73.17645713686943 -67.29777747392654 0
      vertex -73.17645713686943 -67.29777747392654 32.4
      vertex -73.54805029928684 -67.17163859307766 32.4
    endloop
  endfacet
  facet normal -0.19509032585814406 -0.9807852796390059 0
    outer loop
      vertex -72.79157857596874 -67.37433458119631 0
      vertex -72.79157857596874 -67.37433458119631 32.4
      vertex -73.17645713686943 -67.29777747392654 32.4
    endloop
  endfacet
  facet normal -0.06540313273849395 -0.9978589230086541 0
    outer loop
      vertex -72.39999999850988 -67.39999999850988 0
      vertex -72.39999999850988 -67.39999999850988 32.4
      vertex -72.79157857596874 -67.37433458119631 32.4
    endloop
  endfacet
  facet normal 0 0 1
    outer loop
      vertex -75.17163859307766 -65.54805029928684 32.4
      vertex -74.99807620793581 -65.89999999850988 32.4
      vertex -72.39999999850988 -65 32.4
    endloop
  endfacet
  facet normal 0 0 1
    outer loop
      vertex -75.17163859307766 -65.54805029928684 32.4
      vertex -72.39999999850988 -65 32.4
      vertex -75.29777747392654 -65.17645713686943 32.4
    endloop
  endfacet
  facet normal 0 0 1
    outer loop
      vertex -75.29777747392654 -65.17645713686943 32.4
      vertex -72.95432771742344 -64.62961006164551 32.4
      vertex -72.97955549508333 -64.55529142916203 32.4
    endloop
  endfacet
  facet normal 0 0 1
    outer loop
      vertex -75.29777747392654 -65.17645713686943 32.4
      vertex -72.99486691504717 -64.47831571102142 32.4
      vertex -73 -64.39999999850988 32.4
    endloop
  endfacet
  facet normal 0 0 1
    outer loop
      vertex -75.29777747392654 -65.17645713686943 32.4
      vertex -72.97955549508333 -64.55529142916203 32.4
      vertex -72.99486691504717 -64.47831571102142 32.4
    endloop
  endfacet
  facet normal 0 0 1
    outer loop
      vertex -75.29777747392654 -65.17645713686943 32.4
      vertex -72.55529142916203 -64.97955549508333 32.4
      vertex -72.62961006164551 -64.95432771742344 32.4
    endloop
  endfacet
  facet normal 0 0 1
    outer loop
      vertex -75.29777747392654 -65.17645713686943 32.4
      vertex -72.47831571102142 -64.99486691504717 32.4
      vertex -72.55529142916203 -64.97955549508333 32.4
    endloop
  endfacet
  facet normal 0 0 1
    outer loop
      vertex -75.29777747392654 -65.17645713686943 32.4
      vertex -72.82426406443119 -64.82426406443119 32.4
      vertex -72.8760120049119 -64.76525685936213 32.4
    endloop
  endfacet
  facet normal 0 0 1
    outer loop
      vertex -75.29777747392654 -65.17645713686943 32.4
      vertex -72.76525685936213 -64.8760120049119 32.4
      vertex -72.82426406443119 -64.82426406443119 32.4
    endloop
  endfacet
  facet normal 0 0 1
    outer loop
      vertex -75.29777747392654 -65.17645713686943 32.4
      vertex -72.69999999552965 -64.91961523890495 32.4
      vertex -72.76525685936213 -64.8760120049119 32.4
    endloop
  endfacet
  facet normal 0 0 1
    outer loop
      vertex -75.29777747392654 -65.17645713686943 32.4
      vertex -72.91961523890495 -64.69999999552965 32.4
      vertex -72.95432771742344 -64.62961006164551 32.4
    endloop
  endfacet
  facet normal 0 0 1
    outer loop
      vertex -75.29777747392654 -65.17645713686943 32.4
      vertex -72.8760120049119 -64.76525685936213 32.4
      vertex -72.91961523890495 -64.69999999552965 32.4
    endloop
  endfacet
  facet normal 0 0 1
    outer loop
      vertex -75.29777747392654 -65.17645713686943 32.4
      vertex -72.62961006164551 -64.95432771742344 32.4
      vertex -72.69999999552965 -64.91961523890495 32.4
    endloop
  endfacet
  facet normal 0 0 1
    outer loop
      vertex -75.29777747392654 -65.17645713686943 32.4
      vertex -72.39999999850988 -65 32.4
      vertex -72.47831571102142 -64.99486691504717 32.4
    endloop
  endfacet
  facet normal 0 0 1
    outer loop
      vertex -72.39999999850988 -65 32.4
      vertex -71.89487520312355 -65.00060348149229 32.4
      vertex -71.89609894253272 -65 32.4
    endloop
  endfacet
  facet normal -1 0 0
    outer loop
      vertex -75.39999999850988 -64.39999999850988 0
      vertex -75.39999999850988 -64.39999999850988 32.4
      vertex -75.39999999850988 64.39999999850988 32.4
    endloop
  endfacet
  facet normal 0 0 1
    outer loop
      vertex -75.29777747392654 -65.17645713686943 32.4
      vertex -73.05984433416282 61.02525336249511 32.4
      vertex -75.37433458119631 -64.79157857596874 32.4
    endloop
  endfacet
  facet normal 0 0 1
    outer loop
      vertex -75.37433458119631 -64.79157857596874 32.4
      vertex -73.04843950578815 61.66839538638356 32.4
      vertex -75.39999999850988 -64.39999999850988 32.4
    endloop
  endfacet
  facet normal 0 0 1
    outer loop
      vertex -75.29777747392654 -65.17645713686943 32.4
      vertex -73 -64.39999999850988 32.4
      vertex -73.05984433416282 61.02525336249511 32.4
    endloop
  endfacet
  facet normal 0 0 1
    outer loop
      vertex -73 -64.39999999850988 32.4
      vertex -73 -63.89609894253272 32.4
      vertex -73.05984433416282 61.02525336249511 32.4
    endloop
  endfacet
  facet normal 0 0 1
    outer loop
      vertex -73 -63.89609894253272 32.4
      vertex -73 -60.903901057467294 32.4
      vertex -73.05984433416282 61.02525336249511 32.4
    endloop
  endfacet
  facet normal 0 0 1
    outer loop
      vertex -74.78006002306938 -66.22628428786993 32.4
      vertex 69.61738346880372 -65.2038032574245 32.4
      vertex -74.99807620793581 -65.89999999850988 32.4
    endloop
  endfacet
  facet normal 0 0 1
    outer loop
      vertex -74.52132034301758 -66.52132034301758 32.4
      vertex -74.22628428786993 -66.78006002306938 32.4
      vertex 74.99807620793581 -65.89999999850988 32.4
    endloop
  endfacet
  facet normal 0 0 1
    outer loop
      vertex -74.99807620793581 -65.89999999850988 32.4
      vertex 69.61738346880372 -65.2038032574245 32.4
      vertex -72.39999999850988 -65 32.4
    endloop
  endfacet
  facet normal 0 0 1
    outer loop
      vertex -74.52132034301758 -66.52132034301758 32.4
      vertex 75.17163859307766 -65.54805029928684 32.4
      vertex -74.78006002306938 -66.22628428786993 32.4
    endloop
  endfacet
  facet normal 0 0 1
    outer loop
      vertex -72.39999999850988 -65 32.4
      vertex 69.61738346880372 -65.2038032574245 32.4
      vertex -71.89487520312355 -65.00060348149229 32.4
    endloop
  endfacet
  facet normal 0 0 1
    outer loop
      vertex -73.89999999850988 -66.99807620793581 32.4
      vertex -73.54805029928684 -67.17163859307766 32.4
      vertex 74.52132034301758 -66.52132034301758 32.4
    endloop
  endfacet
  facet normal 0 0 1
    outer loop
      vertex -73.17645713686943 -67.29777747392654 32.4
      vertex -72.79157857596874 -67.37433458119631 32.4
      vertex 73.89999999850988 -66.99807620793581 32.4
    endloop
  endfacet
  facet normal 0 0 1
    outer loop
      vertex -73.54805029928684 -67.17163859307766 32.4
      vertex -73.17645713686943 -67.29777747392654 32.4
      vertex 74.22628428786993 -66.78006002306938 32.4
    endloop
  endfacet
  facet normal 0 0 1
    outer loop
      vertex -73.89999999850988 -66.99807620793581 32.4
      vertex 74.78006002306938 -66.22628428786993 32.4
      vertex -74.22628428786993 -66.78006002306938 32.4
    endloop
  endfacet
  facet normal 0 0 1
    outer loop
      vertex -72.79157857596874 -67.37433458119631 32.4
      vertex -72.39999999850988 -67.39999999850988 32.4
      vertex 73.54805029928684 -67.17163859307766 32.4
    endloop
  endfacet
  facet normal 0 0 1
    outer loop
      vertex -71.89487520312355 -65.00060348149229 32.4
      vertex 69.61738346880372 -65.2038032574245 32.4
      vertex -68.91235040363594 -65.00416675641603 32.4
    endloop
  endfacet
  facet normal 0 0 1
    outer loop
      vertex -68.91235040363594 -65.00416675641603 32.4
      vertex 68.9039010574673 -65 32.4
      vertex -68.9039010574673 -65 32.4
    endloop
  endfacet
  facet normal -1 0 0
    outer loop
      vertex -75.39999999850988 -32.06712301643622 0
      vertex -75.39999999850988 -32.06712301643622 4
      vertex -75.39999999850988 64.39999999850988 0
    endloop
  endfacet
  facet normal 0 0 -1
    outer loop
      vertex -75.39999999850988 -32.06712301643622 0
      vertex -75.39999999850988 64.39999999850988 0
      vertex -72.5 -4 0
    endloop
  endfacet
  facet normal 0 0 -1
    outer loop
      vertex -72.5 -4 0
      vertex -72.5 44 0
      vertex -35.5 3.5 0
    endloop
  endfacet
  facet normal 0 0 -1
    outer loop
      vertex -35.5 3.5 0
      vertex -72.5 44 0
      vertex -35.5 36.5 0
    endloop
  endfacet
  facet normal -1 0 0
    outer loop
      vertex -75.39999999850988 -32.06712301643622 4
      vertex -75.39999999850988 64.39999999850988 32.4
      vertex -75.39999999850988 64.39999999850988 0
    endloop
  endfacet
  facet normal 0 0 -1
    outer loop
      vertex -75.39999999850988 64.39999999850988 0
      vertex -72.5 44 0
      vertex -72.5 -4 0
    endloop
  endfacet
  facet normal 0 0 -1
    outer loop
      vertex -75.39999999850988 64.39999999850988 0
      vertex -72.5 49 0
      vertex -72.5 44 0
    endloop
  endfacet
  facet normal 0 0 -1
    outer loop
      vertex -75.39999999850988 64.39999999850988 0
      vertex -69.5 49 0
      vertex -72.5 49 0
    endloop
  endfacet
  facet normal 0 0 -1
    outer loop
      vertex -73.17645713686943 67.29777747392654 0
      vertex -72.79157857596874 67.37433458119631 0
      vertex -72.39999999850988 67.39999999850988 0
    endloop
  endfacet
  facet normal 0 0 -1
    outer loop
      vertex -69.5 44 0
      vertex -35.5 41.5 0
      vertex -72.5 44 0
    endloop
  endfacet
  facet normal 0 0 -1
    outer loop
      vertex -69.5 44 0
      vertex -69.5 49 0
      vertex -38.5 44 0
    endloop
  endfacet
  facet normal 0 0 -1
    outer loop
      vertex -72.5 44 0
      vertex -35.5 41.5 0
      vertex -35.5 36.5 0
    endloop
  endfacet
  facet normal 0 0 -1
    outer loop
      vertex -69.5 44 0
      vertex -38.5 44 0
      vertex -35.5 41.5 0
    endloop
  endfacet
  facet normal 0 0 -1
    outer loop
      vertex -69.5 49 0
      vertex -38.5 49 0
      vertex -38.5 44 0
    endloop
  endfacet
  facet normal 0 0 -1
    outer loop
      vertex -75.39999999850988 64.39999999850988 0
      vertex -38.5 49 0
      vertex -69.5 49 0
    endloop
  endfacet
  facet normal 0 1 0
    outer loop
      vertex -72.39999999850988 67.39999999850988 0
      vertex -66 67.39999999850988 9.399999999999999
      vertex -42 67.39999999850988 9.399999999999999
    endloop
  endfacet
  facet normal -0.9978589230086541 0.06540313273849395 0
    outer loop
      vertex -75.39999999850988 64.39999999850988 0
      vertex -75.37433458119631 64.79157857596874 32.4
      vertex -75.37433458119631 64.79157857596874 0
    endloop
  endfacet
  facet normal -0.9807852796390059 0.19509032585814406 0
    outer loop
      vertex -75.37433458119631 64.79157857596874 0
      vertex -75.29777747392654 65.17645713686943 32.4
      vertex -75.29777747392654 65.17645713686943 0
    endloop
  endfacet
  facet normal -0.9469301300366788 0.32143946370773846 0
    outer loop
      vertex -75.29777747392654 65.17645713686943 0
      vertex -75.17163859307766 65.54805029928684 32.4
      vertex -75.17163859307766 65.54805029928684 0
    endloop
  endfacet
  facet normal -0.8968727407473451 0.44228869181151975 0
    outer loop
      vertex -75.17163859307766 65.54805029928684 0
      vertex -74.99807620793581 65.89999999850988 32.4
      vertex -74.99807620793581 65.89999999850988 0
    endloop
  endfacet
  facet normal -0.8314696207458842 0.5555702203832521 0
    outer loop
      vertex -74.99807620793581 65.89999999850988 0
      vertex -74.78006002306938 66.22628428786993 32.4
      vertex -74.78006002306938 66.22628428786993 0
    endloop
  endfacet
  facet normal -0.7518398024852506 0.6593458207943228 0
    outer loop
      vertex -74.78006002306938 66.22628428786993 0
      vertex -74.52132034301758 66.52132034301758 32.4
      vertex -74.52132034301758 66.52132034301758 0
    endloop
  endfacet
  facet normal -0.6593458207943228 0.7518398024852506 0
    outer loop
      vertex -74.52132034301758 66.52132034301758 0
      vertex -74.22628428786993 66.78006002306938 32.4
      vertex -74.22628428786993 66.78006002306938 0
    endloop
  endfacet
  facet normal -0.5555702203832521 0.8314696207458842 0
    outer loop
      vertex -74.22628428786993 66.78006002306938 0
      vertex -73.89999999850988 66.99807620793581 32.4
      vertex -73.89999999850988 66.99807620793581 0
    endloop
  endfacet
  facet normal -0.44228869181151975 0.8968727407473451 0
    outer loop
      vertex -73.89999999850988 66.99807620793581 0
      vertex -73.54805029928684 67.17163859307766 32.4
      vertex -73.54805029928684 67.17163859307766 0
    endloop
  endfacet
  facet normal -0.32143946370773846 0.9469301300366788 0
    outer loop
      vertex -73.54805029928684 67.17163859307766 0
      vertex -73.17645713686943 67.29777747392654 32.4
      vertex -73.17645713686943 67.29777747392654 0
    endloop
  endfacet
  facet normal -0.19509032585814406 0.9807852796390059 0
    outer loop
      vertex -73.17645713686943 67.29777747392654 0
      vertex -72.79157857596874 67.37433458119631 32.4
      vertex -72.79157857596874 67.37433458119631 0
    endloop
  endfacet
  facet normal -0.06540313273849395 0.9978589230086541 0
    outer loop
      vertex -72.79157857596874 67.37433458119631 0
      vertex -72.39999999850988 67.39999999850988 32.4
      vertex -72.39999999850988 67.39999999850988 0
    endloop
  endfacet
  facet normal 0 1 0
    outer loop
      vertex -72.39999999850988 67.39999999850988 0
      vertex -72.39999999850988 67.39999999850988 32.4
      vertex -66 67.39999999850988 9.399999999999999
    endloop
  endfacet
  facet normal 0 0 -1
    outer loop
      vertex -35.5 3.5 0
      vertex -32.5 36.5 0
      vertex -32.5 3.5 0
    endloop
  endfacet
  facet normal 0 0 -1
    outer loop
      vertex -35.5 3.5 0
      vertex -35.5 36.5 0
      vertex -32.5 36.5 0
    endloop
  endfacet
  facet normal 0 0 -1
    outer loop
      vertex 37.5 36.5 0
      vertex -35.5 -9 0
      vertex -35.5 -4 0
    endloop
  endfacet
  facet normal 0 0 -1
    outer loop
      vertex -35.5 -4 0
      vertex -32.5 -1.5 0
      vertex 37.5 41.5 0
    endloop
  endfacet
  facet normal 0 0 -1
    outer loop
      vertex -32.5 -1.5 0
      vertex -32.5 3.5 0
      vertex 37.5 41.5 0
    endloop
  endfacet
  facet normal 0 0 -1
    outer loop
      vertex -32.5 3.5 0
      vertex -32.5 36.5 0
      vertex 37.5 41.5 0
    endloop
  endfacet
  facet normal 0 0 -1
    outer loop
      vertex -35.5 44 0
      vertex -35.5 41.5 0
      vertex -38.5 44 0
    endloop
  endfacet
  facet normal 0 0 -1
    outer loop
      vertex -35.5 41.5 0
      vertex -35.5 44 0
      vertex -32.5 41.5 0
    endloop
  endfacet
  facet normal 0 0 -1
    outer loop
      vertex -32.5 41.5 0
      vertex -35.5 44 0
      vertex -35.5 49 0
    endloop
  endfacet
  facet normal 0 0 -1
    outer loop
      vertex -75.39999999850988 64.39999999850988 0
      vertex -75.37433458119631 64.79157857596874 0
      vertex 75.17163859307766 65.54805029928684 0
    endloop
  endfacet
  facet normal 0 0 -1
    outer loop
      vertex -75.37433458119631 64.79157857596874 0
      vertex -75.29777747392654 65.17645713686943 0
      vertex 74.99807620793581 65.89999999850988 0
    endloop
  endfacet
  facet normal 0 0 -1
    outer loop
      vertex -75.29777747392654 65.17645713686943 0
      vertex -75.17163859307766 65.54805029928684 0
      vertex 74.78006002306938 66.22628428786993 0
    endloop
  endfacet
  facet normal 0 0 -1
    outer loop
      vertex -75.17163859307766 65.54805029928684 0
      vertex -74.99807620793581 65.89999999850988 0
      vertex 74.52132034301758 66.52132034301758 0
    endloop
  endfacet
  facet normal 0 0 -1
    outer loop
      vertex -74.99807620793581 65.89999999850988 0
      vertex -74.78006002306938 66.22628428786993 0
      vertex 74.22628428786993 66.78006002306938 0
    endloop
  endfacet
  facet normal 0 0 -1
    outer loop
      vertex -74.78006002306938 66.22628428786993 0
      vertex -74.52132034301758 66.52132034301758 0
      vertex 73.89999999850988 66.99807620793581 0
    endloop
  endfacet
  facet normal 0 0 -1
    outer loop
      vertex -74.52132034301758 66.52132034301758 0
      vertex -74.22628428786993 66.78006002306938 0
      vertex 73.54805029928684 67.17163859307766 0
    endloop
  endfacet
  facet normal 0 0 -1
    outer loop
      vertex -74.22628428786993 66.78006002306938 0
      vertex -73.89999999850988 66.99807620793581 0
      vertex 73.17645713686943 67.29777747392654 0
    endloop
  endfacet
  facet normal 0 0 -1
    outer loop
      vertex -73.89999999850988 66.99807620793581 0
      vertex -73.54805029928684 67.17163859307766 0
      vertex 72.79157857596874 67.37433458119631 0
    endloop
  endfacet
  facet normal 0 0 -1
    outer loop
      vertex -73.54805029928684 67.17163859307766 0
      vertex -73.17645713686943 67.29777747392654 0
      vertex 72.39999999850988 67.39999999850988 0
    endloop
  endfacet
  facet normal 0 0 -1
    outer loop
      vertex -73.17645713686943 67.29777747392654 0
      vertex -72.39999999850988 67.39999999850988 0
      vertex 72.39999999850988 67.39999999850988 0
    endloop
  endfacet
  facet normal 0 0 -1
    outer loop
      vertex -32.5 36.5 0
      vertex -32.5 41.5 0
      vertex 37.5 41.5 0
    endloop
  endfacet
  facet normal 0 0 -1
    outer loop
      vertex -32.5 41.5 0
      vertex -35.5 49 0
      vertex 37.5 41.5 0
    endloop
  endfacet
  facet normal 0 0 -1
    outer loop
      vertex -75.39999999850988 64.39999999850988 0
      vertex 75.29777747392654 65.17645713686943 0
      vertex -38.5 49 0
    endloop
  endfacet
  facet normal 0 1 0
    outer loop
      vertex -72.39999999850988 67.39999999850988 0
      vertex -42 67.39999999850988 9.399999999999999
      vertex 72.39999999850988 67.39999999850988 32.4
    endloop
  endfacet
  facet normal 0 0 1
    outer loop
      vertex -75.37433458119631 -64.79157857596874 32.4
      vertex -73.05984433416282 61.02525336249511 32.4
      vertex -73.04843950578815 61.66839538638356 32.4
    endloop
  endfacet
  facet normal 0 0 1
    outer loop
      vertex -75.39999999850988 -64.39999999850988 32.4
      vertex -73.04843950578815 61.66839538638356 32.4
      vertex -73.05035492479095 61.697619033113824 32.4
    endloop
  endfacet
  facet normal 0 0 1
    outer loop
      vertex -75.39999999850988 -64.39999999850988 32.4
      vertex -73.05035492479095 61.697619033113824 32.4
      vertex -75.39999999850988 64.39999999850988 32.4
    endloop
  endfacet
  facet normal 0 0 1
    outer loop
      vertex -73 -60.903901057467294 32.4
      vertex -73 60.903901057467294 32.4
      vertex -73.05984433416282 61.02525336249511 32.4
    endloop
  endfacet
  facet normal -0.9978589230086541 0.06540313273849395 0
    outer loop
      vertex -75.39999999850988 64.39999999850988 0
      vertex -75.39999999850988 64.39999999850988 32.4
      vertex -75.37433458119631 64.79157857596874 32.4
    endloop
  endfacet
  facet normal -0.9807852796390059 0.19509032585814406 0
    outer loop
      vertex -75.37433458119631 64.79157857596874 0
      vertex -75.37433458119631 64.79157857596874 32.4
      vertex -75.29777747392654 65.17645713686943 32.4
    endloop
  endfacet
  facet normal -0.9469301300366788 0.32143946370773846 0
    outer loop
      vertex -75.29777747392654 65.17645713686943 0
      vertex -75.29777747392654 65.17645713686943 32.4
      vertex -75.17163859307766 65.54805029928684 32.4
    endloop
  endfacet
  facet normal -0.8968727407473451 0.44228869181151975 0
    outer loop
      vertex -75.17163859307766 65.54805029928684 0
      vertex -75.17163859307766 65.54805029928684 32.4
      vertex -74.99807620793581 65.89999999850988 32.4
    endloop
  endfacet
  facet normal -0.8314696207458842 0.5555702203832521 0
    outer loop
      vertex -74.99807620793581 65.89999999850988 0
      vertex -74.99807620793581 65.89999999850988 32.4
      vertex -74.78006002306938 66.22628428786993 32.4
    endloop
  endfacet
  facet normal -0.7518398024852506 0.6593458207943228 0
    outer loop
      vertex -74.78006002306938 66.22628428786993 0
      vertex -74.78006002306938 66.22628428786993 32.4
      vertex -74.52132034301758 66.52132034301758 32.4
    endloop
  endfacet
  facet normal -0.6593458207943228 0.7518398024852506 0
    outer loop
      vertex -74.52132034301758 66.52132034301758 0
      vertex -74.52132034301758 66.52132034301758 32.4
      vertex -74.22628428786993 66.78006002306938 32.4
    endloop
  endfacet
  facet normal -0.5555702203832521 0.8314696207458842 0
    outer loop
      vertex -74.22628428786993 66.78006002306938 0
      vertex -74.22628428786993 66.78006002306938 32.4
      vertex -73.89999999850988 66.99807620793581 32.4
    endloop
  endfacet
  facet normal -0.44228869181151975 0.8968727407473451 0
    outer loop
      vertex -73.89999999850988 66.99807620793581 0
      vertex -73.89999999850988 66.99807620793581 32.4
      vertex -73.54805029928684 67.17163859307766 32.4
    endloop
  endfacet
  facet normal -0.32143946370773846 0.9469301300366788 0
    outer loop
      vertex -73.54805029928684 67.17163859307766 0
      vertex -73.54805029928684 67.17163859307766 32.4
      vertex -73.17645713686943 67.29777747392654 32.4
    endloop
  endfacet
  facet normal -0.19509032585814406 0.9807852796390059 0
    outer loop
      vertex -73.17645713686943 67.29777747392654 0
      vertex -73.17645713686943 67.29777747392654 32.4
      vertex -72.79157857596874 67.37433458119631 32.4
    endloop
  endfacet
  facet normal -0.06540313273849395 0.9978589230086541 0
    outer loop
      vertex -72.79157857596874 67.37433458119631 0
      vertex -72.79157857596874 67.37433458119631 32.4
      vertex -72.39999999850988 67.39999999850988 32.4
    endloop
  endfacet
  facet normal 0 1 0
    outer loop
      vertex -72.39999999850988 67.39999999850988 32.4
      vertex -66 67.39999999850988 32.4
      vertex -66 67.39999999850988 9.399999999999999
    endloop
  endfacet
  facet normal 0 0 1
    outer loop
      vertex -73.05035492479095 61.697619033113824 32.4
      vertex -73.00975817407227 63.87631132298444 32.4
      vertex -75.39999999850988 64.39999999850988 32.4
    endloop
  endfacet
  facet normal 0 0 1
    outer loop
      vertex -75.39999999850988 64.39999999850988 32.4
      vertex -73.00975817407227 63.87631132298444 32.4
      vertex -73 64.39999999850988 32.4
    endloop
  endfacet
  facet normal 0 0 1
    outer loop
      vertex -75.39999999850988 64.39999999850988 32.4
      vertex -72.99486691504717 64.47831571102142 32.4
      vertex -75.37433458119631 64.79157857596874 32.4
    endloop
  endfacet
  facet normal 0 0 1
    outer loop
      vertex -75.37433458119631 64.79157857596874 32.4
      vertex -72.82426406443119 64.82426406443119 32.4
      vertex -75.29777747392654 65.17645713686943 32.4
    endloop
  endfacet
  facet normal 0 0 1
    outer loop
      vertex -75.39999999850988 64.39999999850988 32.4
      vertex -73 64.39999999850988 32.4
      vertex -72.99486691504717 64.47831571102142 32.4
    endloop
  endfacet
  facet normal 0 0 1
    outer loop
      vertex -75.37433458119631 64.79157857596874 32.4
      vertex -72.99486691504717 64.47831571102142 32.4
      vertex -72.97955549508333 64.55529142916203 32.4
    endloop
  endfacet
  facet normal 0 0 1
    outer loop
      vertex -75.37433458119631 64.79157857596874 32.4
      vertex -72.95432771742344 64.62961006164551 32.4
      vertex -72.91961523890495 64.69999999552965 32.4
    endloop
  endfacet
  facet normal 0 0 1
    outer loop
      vertex -75.37433458119631 64.79157857596874 32.4
      vertex -72.97955549508333 64.55529142916203 32.4
      vertex -72.95432771742344 64.62961006164551 32.4
    endloop
  endfacet
  facet normal 0 0 1
    outer loop
      vertex -75.29777747392654 65.17645713686943 32.4
      vertex -71.454659251714 65.20334058562824 32.4
      vertex -75.17163859307766 65.54805029928684 32.4
    endloop
  endfacet
  facet normal 0 0 1
    outer loop
      vertex -73.00926897268236 63.877303325270354 32.4
      vertex -73 64.39999999850988 32.4
      vertex -73.00975817407227 63.87631132298444 32.4
    endloop
  endfacet
  facet normal 0 0 1
    outer loop
      vertex -73.00926897268236 63.877303325270354 32.4
      vertex -73 63.89609894253272 32.4
      vertex -73 64.39999999850988 32.4
    endloop
  endfacet
  facet normal 0 0 1
    outer loop
      vertex -75.37433458119631 64.79157857596874 32.4
      vertex -72.91961523890495 64.69999999552965 32.4
      vertex -72.8760120049119 64.76525685936213 32.4
    endloop
  endfacet
  facet normal 0 0 1
    outer loop
      vertex -75.37433458119631 64.79157857596874 32.4
      vertex -72.8760120049119 64.76525685936213 32.4
      vertex -72.82426406443119 64.82426406443119 32.4
    endloop
  endfacet
  facet normal 0 0 1
    outer loop
      vertex -75.29777747392654 65.17645713686943 32.4
      vertex -72.76525685936213 64.8760120049119 32.4
      vertex -72.69999999552965 64.91961523890495 32.4
    endloop
  endfacet
  facet normal 0 0 1
    outer loop
      vertex -75.29777747392654 65.17645713686943 32.4
      vertex -72.82426406443119 64.82426406443119 32.4
      vertex -72.76525685936213 64.8760120049119 32.4
    endloop
  endfacet
  facet normal 0 0 1
    outer loop
      vertex -75.29777747392654 65.17645713686943 32.4
      vertex -72.69999999552965 64.91961523890495 32.4
      vertex -72.62961006164551 64.95432771742344 32.4
    endloop
  endfacet
  facet normal 0 0 1
    outer loop
      vertex -75.29777747392654 65.17645713686943 32.4
      vertex -72.62961006164551 64.95432771742344 32.4
      vertex -72.55529142916203 64.97955549508333 32.4
    endloop
  endfacet
  facet normal 0 0 1
    outer loop
      vertex -75.29777747392654 65.17645713686943 32.4
      vertex -72.55529142916203 64.97955549508333 32.4
      vertex -72.47831571102142 64.99486691504717 32.4
    endloop
  endfacet
  facet normal 0 0 1
    outer loop
      vertex -75.29777747392654 65.17645713686943 32.4
      vertex -72.47831571102142 64.99486691504717 32.4
      vertex -72.39999999850988 65 32.4
    endloop
  endfacet
  facet normal 0 0 1
    outer loop
      vertex -75.29777747392654 65.17645713686943 32.4
      vertex -72.39999999850988 65 32.4
      vertex -71.89609894253272 65 32.4
    endloop
  endfacet
  facet normal 0 0 1
    outer loop
      vertex -75.29777747392654 65.17645713686943 32.4
      vertex -71.89609894253272 65 32.4
      vertex -71.54705609415178 65.17197608395722 32.4
    endloop
  endfacet
  facet normal 0 0 1
    outer loop
      vertex -75.29777747392654 65.17645713686943 32.4
      vertex -71.54705609415178 65.17197608395722 32.4
      vertex -71.454659251714 65.20334058562824 32.4
    endloop
  endfacet
  facet normal 0 0 1
    outer loop
      vertex -71.89609894253272 65 32.4
      vertex -71.53680050906016 65 32.4
      vertex -71.54705609415178 65.17197608395722 32.4
    endloop
  endfacet
  facet normal 0 0 1
    outer loop
      vertex -73.17645713686943 67.29777747392654 32.4
      vertex -72.39999999850988 67.39999999850988 32.4
      vertex -72.79157857596874 67.37433458119631 32.4
    endloop
  endfacet
  facet normal 0 0 1
    outer loop
      vertex -75.17163859307766 65.54805029928684 32.4
      vertex -71.454659251714 65.20334058562824 32.4
      vertex -69.38793034130792 65.21779780436279 32.4
    endloop
  endfacet
  facet normal 0 0 1
    outer loop
      vertex -75.17163859307766 65.54805029928684 32.4
      vertex -66 67.39999999850988 32.4
      vertex -74.99807620793581 65.89999999850988 32.4
    endloop
  endfacet
  facet normal 0 0 1
    outer loop
      vertex -74.99807620793581 65.89999999850988 32.4
      vertex -66 67.39999999850988 32.4
      vertex -74.78006002306938 66.22628428786993 32.4
    endloop
  endfacet
  facet normal 0 0 1
    outer loop
      vertex -74.78006002306938 66.22628428786993 32.4
      vertex -66 67.39999999850988 32.4
      vertex -74.52132034301758 66.52132034301758 32.4
    endloop
  endfacet
  facet normal 0 0 1
    outer loop
      vertex -74.52132034301758 66.52132034301758 32.4
      vertex -66 67.39999999850988 32.4
      vertex -74.22628428786993 66.78006002306938 32.4
    endloop
  endfacet
  facet normal 0 0 1
    outer loop
      vertex -74.22628428786993 66.78006002306938 32.4
      vertex -66 67.39999999850988 32.4
      vertex -73.89999999850988 66.99807620793581 32.4
    endloop
  endfacet
  facet normal 0 0 1
    outer loop
      vertex -73.89999999850988 66.99807620793581 32.4
      vertex -66 67.39999999850988 32.4
      vertex -73.54805029928684 67.17163859307766 32.4
    endloop
  endfacet
  facet normal 0 0 1
    outer loop
      vertex -69.35048882242903 65.20508812132104 32.4
      vertex -69.25194970290474 65.16923407991666 32.4
      vertex -69.24706198229353 65.16922824047074 32.4
    endloop
  endfacet
  facet normal 0 0 1
    outer loop
      vertex -75.17163859307766 65.54805029928684 32.4
      vertex -69.38793034130792 65.21779780436279 32.4
      vertex -66 67.39999999850988 32.4
    endloop
  endfacet
  facet normal 0 0 1
    outer loop
      vertex -73.54805029928684 67.17163859307766 32.4
      vertex -66 67.39999999850988 32.4
      vertex -73.17645713686943 67.29777747392654 32.4
    endloop
  endfacet
  facet normal 0 0 1
    outer loop
      vertex -73.17645713686943 67.29777747392654 32.4
      vertex -66 67.39999999850988 32.4
      vertex -72.39999999850988 67.39999999850988 32.4
    endloop
  endfacet
  facet normal 0 0 1
    outer loop
      vertex -69.35048882242903 65.20508812132104 32.4
      vertex -69.24706198229353 65.16922824047074 32.4
      vertex -66 67.39999999850988 32.4
    endloop
  endfacet
  facet normal 0 0 1
    outer loop
      vertex -69.38793034130792 65.21779780436279 32.4
      vertex -69.35048882242903 65.20508812132104 32.4
      vertex -66 67.39999999850988 32.4
    endloop
  endfacet
  facet normal 0 0 1
    outer loop
      vertex -69.24706198229353 65.16922824047074 32.4
      vertex -68.9039010574673 65 32.4
      vertex -66 67.39999999850988 32.4
    endloop
  endfacet
  facet normal 0 0 1
    outer loop
      vertex -68.9039010574673 65 32.4
      vertex -66 65 32.4
      vertex -66 67.39999999850988 32.4
    endloop
  endfacet
  facet normal 0 1 0
    outer loop
      vertex 72.39999999850988 67.39999999850988 32.4
      vertex -42 67.39999999850988 9.399999999999999
      vertex -42 67.39999999850988 32.4
    endloop
  endfacet
  facet normal 0 0 1
    outer loop
      vertex 68.91235040363594 65.00416675641603 32.4
      vertex -42 67.39999999850988 32.4
      vertex -42 65 32.4
    endloop
  endfacet
  facet normal 0 0 -1
    outer loop
      vertex -75.29777747392654 -65.17645713686943 0
      vertex 18.5 -59.5 0
      vertex 75.39999999850988 -64.39999999850988 0
    endloop
  endfacet
  facet normal 0 0 -1
    outer loop
      vertex -75.29777747392654 -65.17645713686943 0
      vertex 75.39999999850988 -32.06712301643622 0
      vertex 15.5 -54.5 0
    endloop
  endfacet
  facet normal 0 0 -1
    outer loop
      vertex 75.39999999850988 -32.06712301643622 0
      vertex -65.5 -59.5 0
      vertex 15.5 -31.5 0
    endloop
  endfacet
  facet normal 0 0 -1
    outer loop
      vertex -72.39999999850988 -67.39999999850988 0
      vertex 73.17645713686943 -67.29777747392654 0
      vertex 72.39999999850988 -67.39999999850988 0
    endloop
  endfacet
  facet normal 0 0 -1
    outer loop
      vertex -72.39999999850988 -67.39999999850988 0
      vertex 73.54805029928684 -67.17163859307766 0
      vertex 73.17645713686943 -67.29777747392654 0
    endloop
  endfacet
  facet normal 0 0 -1
    outer loop
      vertex -72.79157857596874 -67.37433458119631 0
      vertex 73.89999999850988 -66.99807620793581 0
      vertex 73.54805029928684 -67.17163859307766 0
    endloop
  endfacet
  facet normal 0 0 -1
    outer loop
      vertex -73.17645713686943 -67.29777747392654 0
      vertex 74.22628428786993 -66.78006002306938 0
      vertex 73.89999999850988 -66.99807620793581 0
    endloop
  endfacet
  facet normal 0 0 -1
    outer loop
      vertex -73.54805029928684 -67.17163859307766 0
      vertex 74.52132034301758 -66.52132034301758 0
      vertex 74.22628428786993 -66.78006002306938 0
    endloop
  endfacet
  facet normal 0 0 -1
    outer loop
      vertex -73.89999999850988 -66.99807620793581 0
      vertex 74.78006002306938 -66.22628428786993 0
      vertex 74.52132034301758 -66.52132034301758 0
    endloop
  endfacet
  facet normal 0 0 -1
    outer loop
      vertex -74.22628428786993 -66.78006002306938 0
      vertex 74.99807620793581 -65.89999999850988 0
      vertex 74.78006002306938 -66.22628428786993 0
    endloop
  endfacet
  facet normal 0 0 -1
    outer loop
      vertex -74.52132034301758 -66.52132034301758 0
      vertex 75.17163859307766 -65.54805029928684 0
      vertex 74.99807620793581 -65.89999999850988 0
    endloop
  endfacet
  facet normal 0 0 -1
    outer loop
      vertex -74.78006002306938 -66.22628428786993 0
      vertex 75.29777747392654 -65.17645713686943 0
      vertex 75.17163859307766 -65.54805029928684 0
    endloop
  endfacet
  facet normal 0 0 -1
    outer loop
      vertex -74.99807620793581 -65.89999999850988 0
      vertex 75.37433458119631 -64.79157857596874 0
      vertex 75.29777747392654 -65.17645713686943 0
    endloop
  endfacet
  facet normal 0 0 -1
    outer loop
      vertex -75.17163859307766 -65.54805029928684 0
      vertex 75.39999999850988 -64.39999999850988 0
      vertex 75.37433458119631 -64.79157857596874 0
    endloop
  endfacet
  facet normal 0 0 -1
    outer loop
      vertex 75.39999999850988 -64.39999999850988 0
      vertex 18.5 -59.5 0
      vertex 18.5 -54.5 0
    endloop
  endfacet
  facet normal 0 0 -1
    outer loop
      vertex 75.39999999850988 -47.93287698356378 0
      vertex 18.5 -54.5 0
      vertex 15.5 -54.5 0
    endloop
  endfacet
  facet normal 0 0 -1
    outer loop
      vertex -65.5 -54.5 0
      vertex 71.5 41.5 0
      vertex 37.5 3.5 0
    endloop
  endfacet
  facet normal 0 0 -1
    outer loop
      vertex 15.5 -26.5 0
      vertex 37.5 -1.5 0
      vertex 18.5 -26.5 0
    endloop
  endfacet
  facet normal 0 0 -1
    outer loop
      vertex 75.39999999850988 -32.06712301643622 0
      vertex 15.5 -31.5 0
      vertex 18.5 -31.5 0
    endloop
  endfacet
  facet normal 0 0 -1
    outer loop
      vertex 18.5 -31.5 0
      vertex 18.5 -26.5 0
      vertex 71.5 -1.5 0
    endloop
  endfacet
  facet normal 0 0 -1
    outer loop
      vertex 18.5 -26.5 0
      vertex 37.5 -1.5 0
      vertex 38.5 -1.5 0
    endloop
  endfacet
  facet normal 0 0 -1
    outer loop
      vertex 15.5 -26.5 0
      vertex 37.5 3.5 0
      vertex 37.5 -1.5 0
    endloop
  endfacet
  facet normal 0 0 -1
    outer loop
      vertex 18.5 -26.5 0
      vertex 38.5 -1.5 0
      vertex 41.5 -1.5 0
    endloop
  endfacet
  facet normal 0 0 -1
    outer loop
      vertex 75.39999999850988 -64.39999999850988 0
      vertex 18.5 -54.5 0
      vertex 75.39999999850988 -47.93287698356378 0
    endloop
  endfacet
  facet normal 0 0 -1
    outer loop
      vertex 75.39999999850988 -47.93287698356378 0
      vertex 15.5 -54.5 0
      vertex 75.39999999850988 -32.06712301643622 0
    endloop
  endfacet
  facet normal 0 0 -1
    outer loop
      vertex 72.39999999850988 -67.39999999850988 0
      vertex 73.17645713686943 -67.29777747392654 0
      vertex 72.79157857596874 -67.37433458119631 0
    endloop
  endfacet
  facet normal 1 0 0
    outer loop
      vertex 75.39999999850988 -64.39999999850988 0
      vertex 75.39999999850988 -47.93287698356378 0
      vertex 75.39999999850988 -47.93287698356378 4
    endloop
  endfacet
  facet normal 0.06540313273849395 -0.9978589230086541 0
    outer loop
      vertex 72.39999999850988 -67.39999999850988 0
      vertex 72.79157857596874 -67.37433458119631 0
      vertex 72.39999999850988 -67.39999999850988 32.4
    endloop
  endfacet
  facet normal 0.19509032585814406 -0.9807852796390059 0
    outer loop
      vertex 72.79157857596874 -67.37433458119631 0
      vertex 73.17645713686943 -67.29777747392654 0
      vertex 72.79157857596874 -67.37433458119631 32.4
    endloop
  endfacet
  facet normal 0.32143946370773846 -0.9469301300366788 0
    outer loop
      vertex 73.17645713686943 -67.29777747392654 0
      vertex 73.54805029928684 -67.17163859307766 0
      vertex 73.17645713686943 -67.29777747392654 32.4
    endloop
  endfacet
  facet normal 0.44228869181151975 -0.8968727407473451 0
    outer loop
      vertex 73.54805029928684 -67.17163859307766 0
      vertex 73.89999999850988 -66.99807620793581 0
      vertex 73.54805029928684 -67.17163859307766 32.4
    endloop
  endfacet
  facet normal 0.5555702203832521 -0.8314696207458842 0
    outer loop
      vertex 73.89999999850988 -66.99807620793581 0
      vertex 74.22628428786993 -66.78006002306938 0
      vertex 73.89999999850988 -66.99807620793581 32.4
    endloop
  endfacet
  facet normal 0.6593458207943228 -0.7518398024852506 0
    outer loop
      vertex 74.22628428786993 -66.78006002306938 0
      vertex 74.52132034301758 -66.52132034301758 0
      vertex 74.22628428786993 -66.78006002306938 32.4
    endloop
  endfacet
  facet normal 0.7518398024852506 -0.6593458207943228 0
    outer loop
      vertex 74.52132034301758 -66.52132034301758 0
      vertex 74.78006002306938 -66.22628428786993 0
      vertex 74.52132034301758 -66.52132034301758 32.4
    endloop
  endfacet
  facet normal 0.8314696207458842 -0.5555702203832521 0
    outer loop
      vertex 74.78006002306938 -66.22628428786993 0
      vertex 74.99807620793581 -65.89999999850988 0
      vertex 74.78006002306938 -66.22628428786993 32.4
    endloop
  endfacet
  facet normal 0.8968727407473451 -0.44228869181151975 0
    outer loop
      vertex 74.99807620793581 -65.89999999850988 0
      vertex 75.17163859307766 -65.54805029928684 0
      vertex 74.99807620793581 -65.89999999850988 32.4
    endloop
  endfacet
  facet normal 0.9469301300366788 -0.32143946370773846 0
    outer loop
      vertex 75.17163859307766 -65.54805029928684 0
      vertex 75.29777747392654 -65.17645713686943 0
      vertex 75.17163859307766 -65.54805029928684 32.4
    endloop
  endfacet
  facet normal 0.9807852796390059 -0.19509032585814406 0
    outer loop
      vertex 75.29777747392654 -65.17645713686943 0
      vertex 75.37433458119631 -64.79157857596874 0
      vertex 75.29777747392654 -65.17645713686943 32.4
    endloop
  endfacet
  facet normal 0.9978589230086541 -0.06540313273849395 0
    outer loop
      vertex 75.37433458119631 -64.79157857596874 0
      vertex 75.39999999850988 -64.39999999850988 0
      vertex 75.37433458119631 -64.79157857596874 32.4
    endloop
  endfacet
  facet normal 1 0 0
    outer loop
      vertex 75.39999999850988 -64.39999999850988 0
      vertex 75.39999999850988 -47.93287698356378 4
      vertex 75.39999999850988 -64.39999999850988 32.4
    endloop
  endfacet
  facet normal 1 0 0
    outer loop
      vertex 75.39999999850988 -47.93287698356378 4
      vertex 75.39999999850988 -32.06712301643622 4
      vertex 75.39999999850988 -64.39999999850988 32.4
    endloop
  endfacet
  facet normal 0 0 -1
    outer loop
      vertex 75.39999999850988 -32.06712301643622 0
      vertex 18.5 -31.5 0
      vertex 74.5 -1.5 0
    endloop
  endfacet
  facet normal 0 0 -1
    outer loop
      vertex 18.5 -26.5 0
      vertex 41.5 -1.5 0
      vertex 71.5 -1.5 0
    endloop
  endfacet
  facet normal 0 0 -1
    outer loop
      vertex 18.5 -31.5 0
      vertex 71.5 -1.5 0
      vertex 74.5 -1.5 0
    endloop
  endfacet
  facet normal 1 0 0
    outer loop
      vertex 75.39999999850988 -32.06712301643622 4
      vertex 75.39999999850988 64.39999999850988 0
      vertex 75.39999999850988 -64.39999999850988 32.4
    endloop
  endfacet
  facet normal 0 -1 0
    outer loop
      vertex -72.39999999850988 -67.39999999850988 32.4
      vertex 72.39999999850988 -67.39999999850988 0
      vertex 72.39999999850988 -67.39999999850988 32.4
    endloop
  endfacet
  facet normal 0 0 1
    outer loop
      vertex -74.78006002306938 -66.22628428786993 32.4
      vertex 69.6181951455777 -65.21618705191942 32.4
      vertex 69.61738346880372 -65.2038032574245 32.4
    endloop
  endfacet
  facet normal 0 0 1
    outer loop
      vertex -72.39999999850988 -67.39999999850988 32.4
      vertex 72.39999999850988 -67.39999999850988 32.4
      vertex 73.17645713686943 -67.29777747392654 32.4
    endloop
  endfacet
  facet normal 0 0 1
    outer loop
      vertex -74.78006002306938 -66.22628428786993 32.4
      vertex 75.17163859307766 -65.54805029928684 32.4
      vertex 69.6181951455777 -65.21618705191942 32.4
    endloop
  endfacet
  facet normal 0 0 1
    outer loop
      vertex -68.91235040363594 -65.00416675641603 32.4
      vertex 69.24706198229353 -65.16922824047074 32.4
      vertex 68.9039010574673 -65 32.4
    endloop
  endfacet
  facet normal 0 0 1
    outer loop
      vertex -68.91235040363594 -65.00416675641603 32.4
      vertex 69.61738346880372 -65.2038032574245 32.4
      vertex 69.24706198229353 -65.16922824047074 32.4
    endloop
  endfacet
  facet normal 0 0 1
    outer loop
      vertex -72.39999999850988 -67.39999999850988 32.4
      vertex 73.17645713686943 -67.29777747392654 32.4
      vertex 73.54805029928684 -67.17163859307766 32.4
    endloop
  endfacet
  facet normal 0 0 1
    outer loop
      vertex -72.79157857596874 -67.37433458119631 32.4
      vertex 73.54805029928684 -67.17163859307766 32.4
      vertex 73.89999999850988 -66.99807620793581 32.4
    endloop
  endfacet
  facet normal 0 0 1
    outer loop
      vertex -73.17645713686943 -67.29777747392654 32.4
      vertex 73.89999999850988 -66.99807620793581 32.4
      vertex 74.22628428786993 -66.78006002306938 32.4
    endloop
  endfacet
  facet normal 0 0 1
    outer loop
      vertex -73.54805029928684 -67.17163859307766 32.4
      vertex 74.22628428786993 -66.78006002306938 32.4
      vertex 74.52132034301758 -66.52132034301758 32.4
    endloop
  endfacet
  facet normal 0 0 1
    outer loop
      vertex -73.89999999850988 -66.99807620793581 32.4
      vertex 74.52132034301758 -66.52132034301758 32.4
      vertex 74.78006002306938 -66.22628428786993 32.4
    endloop
  endfacet
  facet normal 0 0 1
    outer loop
      vertex -74.22628428786993 -66.78006002306938 32.4
      vertex 74.78006002306938 -66.22628428786993 32.4
      vertex 74.99807620793581 -65.89999999850988 32.4
    endloop
  endfacet
  facet normal 0 0 1
    outer loop
      vertex -74.52132034301758 -66.52132034301758 32.4
      vertex 74.99807620793581 -65.89999999850988 32.4
      vertex 75.17163859307766 -65.54805029928684 32.4
    endloop
  endfacet
  facet normal 0.06540313273849395 -0.9978589230086541 0
    outer loop
      vertex 72.79157857596874 -67.37433458119631 0
      vertex 72.79157857596874 -67.37433458119631 32.4
      vertex 72.39999999850988 -67.39999999850988 32.4
    endloop
  endfacet
  facet normal 0.19509032585814406 -0.9807852796390059 0
    outer loop
      vertex 73.17645713686943 -67.29777747392654 0
      vertex 73.17645713686943 -67.29777747392654 32.4
      vertex 72.79157857596874 -67.37433458119631 32.4
    endloop
  endfacet
  facet normal 0.32143946370773846 -0.9469301300366788 0
    outer loop
      vertex 73.54805029928684 -67.17163859307766 0
      vertex 73.54805029928684 -67.17163859307766 32.4
      vertex 73.17645713686943 -67.29777747392654 32.4
    endloop
  endfacet
  facet normal 0.44228869181151975 -0.8968727407473451 0
    outer loop
      vertex 73.89999999850988 -66.99807620793581 0
      vertex 73.89999999850988 -66.99807620793581 32.4
      vertex 73.54805029928684 -67.17163859307766 32.4
    endloop
  endfacet
  facet normal 0.5555702203832521 -0.8314696207458842 0
    outer loop
      vertex 74.22628428786993 -66.78006002306938 0
      vertex 74.22628428786993 -66.78006002306938 32.4
      vertex 73.89999999850988 -66.99807620793581 32.4
    endloop
  endfacet
  facet normal 0.6593458207943228 -0.7518398024852506 0
    outer loop
      vertex 74.52132034301758 -66.52132034301758 0
      vertex 74.52132034301758 -66.52132034301758 32.4
      vertex 74.22628428786993 -66.78006002306938 32.4
    endloop
  endfacet
  facet normal 0.7518398024852506 -0.6593458207943228 0
    outer loop
      vertex 74.78006002306938 -66.22628428786993 0
      vertex 74.78006002306938 -66.22628428786993 32.4
      vertex 74.52132034301758 -66.52132034301758 32.4
    endloop
  endfacet
  facet normal 0.8314696207458842 -0.5555702203832521 0
    outer loop
      vertex 74.99807620793581 -65.89999999850988 0
      vertex 74.99807620793581 -65.89999999850988 32.4
      vertex 74.78006002306938 -66.22628428786993 32.4
    endloop
  endfacet
  facet normal 0.8968727407473451 -0.44228869181151975 0
    outer loop
      vertex 75.17163859307766 -65.54805029928684 0
      vertex 75.17163859307766 -65.54805029928684 32.4
      vertex 74.99807620793581 -65.89999999850988 32.4
    endloop
  endfacet
  facet normal 0.9469301300366788 -0.32143946370773846 0
    outer loop
      vertex 75.29777747392654 -65.17645713686943 0
      vertex 75.29777747392654 -65.17645713686943 32.4
      vertex 75.17163859307766 -65.54805029928684 32.4
    endloop
  endfacet
  facet normal 0.9807852796390059 -0.19509032585814406 0
    outer loop
      vertex 75.37433458119631 -64.79157857596874 0
      vertex 75.37433458119631 -64.79157857596874 32.4
      vertex 75.29777747392654 -65.17645713686943 32.4
    endloop
  endfacet
  facet normal 0.9978589230086541 -0.06540313273849395 0
    outer loop
      vertex 75.39999999850988 -64.39999999850988 0
      vertex 75.39999999850988 -64.39999999850988 32.4
      vertex 75.37433458119631 -64.79157857596874 32.4
    endloop
  endfacet
  facet normal 0 0 1
    outer loop
      vertex 69.24706198229353 -65.16922824047074 32.4
      vertex 69.61738346880372 -65.2038032574245 32.4
      vertex 69.25194970290474 -65.16923407991666 32.4
    endloop
  endfacet
  facet normal 0 0 1
    outer loop
      vertex 69.6181951455777 -65.21618705191942 32.4
      vertex 75.17163859307766 -65.54805029928684 32.4
      vertex 71.454659251714 -65.20334058562824 32.4
    endloop
  endfacet
  facet normal 0 0 1
    outer loop
      vertex 72.39999999850988 -67.39999999850988 32.4
      vertex 72.79157857596874 -67.37433458119631 32.4
      vertex 73.17645713686943 -67.29777747392654 32.4
    endloop
  endfacet
  facet normal 0 0 1
    outer loop
      vertex 71.54705609415178 -65.17197608395722 32.4
      vertex 71.89609894253272 -65 32.4
      vertex 71.53680050906016 -65 32.4
    endloop
  endfacet
  facet normal 0 0 1
    outer loop
      vertex 71.454659251714 -65.20334058562824 32.4
      vertex 75.29777747392654 -65.17645713686943 32.4
      vertex 71.54705609415178 -65.17197608395722 32.4
    endloop
  endfacet
  facet normal 0 0 1
    outer loop
      vertex 71.54705609415178 -65.17197608395722 32.4
      vertex 75.29777747392654 -65.17645713686943 32.4
      vertex 71.89609894253272 -65 32.4
    endloop
  endfacet
  facet normal 0 0 1
    outer loop
      vertex 71.89609894253272 -65 32.4
      vertex 75.29777747392654 -65.17645713686943 32.4
      vertex 72.39999999850988 -65 32.4
    endloop
  endfacet
  facet normal 0 0 1
    outer loop
      vertex 72.39999999850988 -65 32.4
      vertex 75.29777747392654 -65.17645713686943 32.4
      vertex 72.47831571102142 -64.99486691504717 32.4
    endloop
  endfacet
  facet normal 0 0 1
    outer loop
      vertex 72.47831571102142 -64.99486691504717 32.4
      vertex 75.29777747392654 -65.17645713686943 32.4
      vertex 72.55529142916203 -64.97955549508333 32.4
    endloop
  endfacet
  facet normal 0 0 1
    outer loop
      vertex 72.55529142916203 -64.97955549508333 32.4
      vertex 75.29777747392654 -65.17645713686943 32.4
      vertex 72.62961006164551 -64.95432771742344 32.4
    endloop
  endfacet
  facet normal 0 0 1
    outer loop
      vertex 72.62961006164551 -64.95432771742344 32.4
      vertex 75.29777747392654 -65.17645713686943 32.4
      vertex 72.69999999552965 -64.91961523890495 32.4
    endloop
  endfacet
  facet normal 0 0 1
    outer loop
      vertex 72.69999999552965 -64.91961523890495 32.4
      vertex 75.29777747392654 -65.17645713686943 32.4
      vertex 72.76525685936213 -64.8760120049119 32.4
    endloop
  endfacet
  facet normal 0 0 1
    outer loop
      vertex 72.76525685936213 -64.8760120049119 32.4
      vertex 75.29777747392654 -65.17645713686943 32.4
      vertex 72.82426406443119 -64.82426406443119 32.4
    endloop
  endfacet
  facet normal 0 0 1
    outer loop
      vertex 72.82426406443119 -64.82426406443119 32.4
      vertex 75.37433458119631 -64.79157857596874 32.4
      vertex 72.8760120049119 -64.76525685936213 32.4
    endloop
  endfacet
  facet normal 0 0 1
    outer loop
      vertex 72.8760120049119 -64.76525685936213 32.4
      vertex 75.37433458119631 -64.79157857596874 32.4
      vertex 72.91961523890495 -64.69999999552965 32.4
    endloop
  endfacet
  facet normal 0 0 1
    outer loop
      vertex 73 -64.39999999850988 32.4
      vertex 73.00926897268236 -63.877303325270354 32.4
      vertex 73 -63.89609894253272 32.4
    endloop
  endfacet
  facet normal 0 0 1
    outer loop
      vertex 73 -64.39999999850988 32.4
      vertex 73.05035492479095 -61.697619033113824 32.4
      vertex 73.00926897268236 -63.877303325270354 32.4
    endloop
  endfacet
  facet normal 0 0 1
    outer loop
      vertex 71.454659251714 -65.20334058562824 32.4
      vertex 75.17163859307766 -65.54805029928684 32.4
      vertex 75.29777747392654 -65.17645713686943 32.4
    endloop
  endfacet
  facet normal 0 0 1
    outer loop
      vertex 72.91961523890495 -64.69999999552965 32.4
      vertex 75.37433458119631 -64.79157857596874 32.4
      vertex 72.95432771742344 -64.62961006164551 32.4
    endloop
  endfacet
  facet normal 0 0 1
    outer loop
      vertex 72.95432771742344 -64.62961006164551 32.4
      vertex 75.37433458119631 -64.79157857596874 32.4
      vertex 72.97955549508333 -64.55529142916203 32.4
    endloop
  endfacet
  facet normal 0 0 1
    outer loop
      vertex 72.97955549508333 -64.55529142916203 32.4
      vertex 75.37433458119631 -64.79157857596874 32.4
      vertex 72.99486691504717 -64.47831571102142 32.4
    endloop
  endfacet
  facet normal 0 0 1
    outer loop
      vertex 72.99486691504717 -64.47831571102142 32.4
      vertex 75.39999999850988 -64.39999999850988 32.4
      vertex 73 -64.39999999850988 32.4
    endloop
  endfacet
  facet normal 0 0 1
    outer loop
      vertex 72.82426406443119 -64.82426406443119 32.4
      vertex 75.29777747392654 -65.17645713686943 32.4
      vertex 75.37433458119631 -64.79157857596874 32.4
    endloop
  endfacet
  facet normal 0 0 1
    outer loop
      vertex 72.99486691504717 -64.47831571102142 32.4
      vertex 75.37433458119631 -64.79157857596874 32.4
      vertex 75.39999999850988 -64.39999999850988 32.4
    endloop
  endfacet
  facet normal 0 0 1
    outer loop
      vertex 73 -64.39999999850988 32.4
      vertex 75.39999999850988 -64.39999999850988 32.4
      vertex 73.05035492479095 -61.697619033113824 32.4
    endloop
  endfacet
  facet normal 0 0 1
    outer loop
      vertex 73.00926897268236 -63.877303325270354 32.4
      vertex 73.05035492479095 -61.697619033113824 32.4
      vertex 73.04843950578815 -61.66839538638356 32.4
    endloop
  endfacet
  facet normal 0 0 1
    outer loop
      vertex 75.39999999850988 -64.39999999850988 32.4
      vertex 73.06277282440807 -61.03119175326315 32.4
      vertex 73.05035492479095 -61.697619033113824 32.4
    endloop
  endfacet
  facet normal 0 0 1
    outer loop
      vertex 73.05984433416282 -61.02525336249511 32.4
      vertex 73 60.903901057467294 32.4
      vertex 73 -60.903901057467294 32.4
    endloop
  endfacet
  facet normal 0 0 1
    outer loop
      vertex 75.39999999850988 -64.39999999850988 32.4
      vertex 75.39999999850988 64.39999999850988 32.4
      vertex 73.06277282440807 -61.03119175326315 32.4
    endloop
  endfacet
  facet normal 0 0 1
    outer loop
      vertex 73.05984433416282 -61.02525336249511 32.4
      vertex 73.06277282440807 -61.03119175326315 32.4
      vertex 75.39999999850988 64.39999999850988 32.4
    endloop
  endfacet
  facet normal 0 0 -1
    outer loop
      vertex -65.5 -54.5 0
      vertex 37.5 36.5 0
      vertex 38.5 36.5 0
    endloop
  endfacet
  facet normal 0 0 -1
    outer loop
      vertex -65.5 -54.5 0
      vertex 38.5 36.5 0
      vertex 41.5 36.5 0
    endloop
  endfacet
  facet normal 0 0 -1
    outer loop
      vertex 75.29777747392654 65.17645713686943 0
      vertex -65.5 -54.5 0
      vertex 41.5 36.5 0
    endloop
  endfacet
  facet normal 0 0 -1
    outer loop
      vertex 37.5 36.5 0
      vertex -35.5 -4 0
      vertex 37.5 41.5 0
    endloop
  endfacet
  facet normal 0 0 -1
    outer loop
      vertex 75.39999999850988 64.39999999850988 0
      vertex 71.5 41.5 0
      vertex -65.5 -54.5 0
    endloop
  endfacet
  facet normal 0 0 -1
    outer loop
      vertex 75.39999999850988 64.39999999850988 0
      vertex -65.5 -54.5 0
      vertex 75.37433458119631 64.79157857596874 0
    endloop
  endfacet
  facet normal 0 0 -1
    outer loop
      vertex 75.37433458119631 64.79157857596874 0
      vertex -65.5 -54.5 0
      vertex 75.29777747392654 65.17645713686943 0
    endloop
  endfacet
  facet normal 0 0 -1
    outer loop
      vertex -35.5 49 0
      vertex 38.5 41.5 0
      vertex 37.5 41.5 0
    endloop
  endfacet
  facet normal 0 0 -1
    outer loop
      vertex 75.29777747392654 65.17645713686943 0
      vertex -35.5 49 0
      vertex -38.5 49 0
    endloop
  endfacet
  facet normal 0 0 -1
    outer loop
      vertex 75.29777747392654 65.17645713686943 0
      vertex 38.5 41.5 0
      vertex -35.5 49 0
    endloop
  endfacet
  facet normal 0 0 -1
    outer loop
      vertex -73.54805029928684 67.17163859307766 0
      vertex 72.39999999850988 67.39999999850988 0
      vertex 72.79157857596874 67.37433458119631 0
    endloop
  endfacet
  facet normal 0 0 -1
    outer loop
      vertex -74.78006002306938 66.22628428786993 0
      vertex 73.89999999850988 66.99807620793581 0
      vertex 74.22628428786993 66.78006002306938 0
    endloop
  endfacet
  facet normal 0 0 -1
    outer loop
      vertex -74.22628428786993 66.78006002306938 0
      vertex 73.17645713686943 67.29777747392654 0
      vertex 73.54805029928684 67.17163859307766 0
    endloop
  endfacet
  facet normal 0 0 -1
    outer loop
      vertex -73.89999999850988 66.99807620793581 0
      vertex 72.79157857596874 67.37433458119631 0
      vertex 73.17645713686943 67.29777747392654 0
    endloop
  endfacet
  facet normal 0 0 -1
    outer loop
      vertex -74.52132034301758 66.52132034301758 0
      vertex 73.54805029928684 67.17163859307766 0
      vertex 73.89999999850988 66.99807620793581 0
    endloop
  endfacet
  facet normal 0 0 -1
    outer loop
      vertex -75.39999999850988 64.39999999850988 0
      vertex 75.17163859307766 65.54805029928684 0
      vertex 75.29777747392654 65.17645713686943 0
    endloop
  endfacet
  facet normal 0 0 -1
    outer loop
      vertex -75.29777747392654 65.17645713686943 0
      vertex 74.78006002306938 66.22628428786993 0
      vertex 74.99807620793581 65.89999999850988 0
    endloop
  endfacet
  facet normal 0 0 -1
    outer loop
      vertex -75.37433458119631 64.79157857596874 0
      vertex 74.99807620793581 65.89999999850988 0
      vertex 75.17163859307766 65.54805029928684 0
    endloop
  endfacet
  facet normal 0 0 -1
    outer loop
      vertex -75.17163859307766 65.54805029928684 0
      vertex 74.52132034301758 66.52132034301758 0
      vertex 74.78006002306938 66.22628428786993 0
    endloop
  endfacet
  facet normal 0 0 -1
    outer loop
      vertex -74.99807620793581 65.89999999850988 0
      vertex 74.22628428786993 66.78006002306938 0
      vertex 74.52132034301758 66.52132034301758 0
    endloop
  endfacet
  facet normal 0 1 0
    outer loop
      vertex -72.39999999850988 67.39999999850988 0
      vertex 72.39999999850988 67.39999999850988 32.4
      vertex 72.39999999850988 67.39999999850988 0
    endloop
  endfacet
  facet normal 0 0 -1
    outer loop
      vertex 41.5 -1.5 0
      vertex 41.5 3.5 0
      vertex 71.5 -1.5 0
    endloop
  endfacet
  facet normal 0 0 -1
    outer loop
      vertex 37.5 3.5 0
      vertex 71.5 36.5 0
      vertex 38.5 3.5 0
    endloop
  endfacet
  facet normal 0 0 -1
    outer loop
      vertex 38.5 3.5 0
      vertex 71.5 36.5 0
      vertex 41.5 3.5 0
    endloop
  endfacet
  facet normal 0 0 -1
    outer loop
      vertex 41.5 3.5 0
      vertex 71.5 3.5 0
      vertex 71.5 -1.5 0
    endloop
  endfacet
  facet normal 0 0 -1
    outer loop
      vertex 41.5 3.5 0
      vertex 71.5 36.5 0
      vertex 71.5 3.5 0
    endloop
  endfacet
  facet normal 0 0 -1
    outer loop
      vertex 37.5 3.5 0
      vertex 71.5 41.5 0
      vertex 71.5 36.5 0
    endloop
  endfacet
  facet normal 1 0 0
    outer loop
      vertex 75.39999999850988 -32.06712301643622 0
      vertex 75.39999999850988 64.39999999850988 0
      vertex 75.39999999850988 -32.06712301643622 4
    endloop
  endfacet
  facet normal 0 0 -1
    outer loop
      vertex 75.39999999850988 -32.06712301643622 0
      vertex 74.5 -1.5 0
      vertex 75.39999999850988 64.39999999850988 0
    endloop
  endfacet
  facet normal 0 0 -1
    outer loop
      vertex 71.5 3.5 0
      vertex 74.5 36.5 0
      vertex 74.5 3.5 0
    endloop
  endfacet
  facet normal 0 0 -1
    outer loop
      vertex 75.39999999850988 64.39999999850988 0
      vertex 74.5 -1.5 0
      vertex 74.5 3.5 0
    endloop
  endfacet
  facet normal 0 0 -1
    outer loop
      vertex 71.5 3.5 0
      vertex 71.5 36.5 0
      vertex 74.5 36.5 0
    endloop
  endfacet
  facet normal 0 0 -1
    outer loop
      vertex 75.29777747392654 65.17645713686943 0
      vertex 41.5 41.5 0
      vertex 38.5 41.5 0
    endloop
  endfacet
  facet normal 0 0 -1
    outer loop
      vertex 75.29777747392654 65.17645713686943 0
      vertex 41.5 36.5 0
      vertex 41.5 41.5 0
    endloop
  endfacet
  facet normal 0 0 -1
    outer loop
      vertex 75.39999999850988 64.39999999850988 0
      vertex 74.5 3.5 0
      vertex 74.5 36.5 0
    endloop
  endfacet
  facet normal 0 0 -1
    outer loop
      vertex 75.39999999850988 64.39999999850988 0
      vertex 74.5 36.5 0
      vertex 74.5 41.5 0
    endloop
  endfacet
  facet normal 0 0 -1
    outer loop
      vertex 75.39999999850988 64.39999999850988 0
      vertex 74.5 41.5 0
      vertex 71.5 41.5 0
    endloop
  endfacet
  facet normal 0.06540313273849395 0.9978589230086541 0
    outer loop
      vertex 72.39999999850988 67.39999999850988 0
      vertex 72.79157857596874 67.37433458119631 32.4
      vertex 72.79157857596874 67.37433458119631 0
    endloop
  endfacet
  facet normal 0.19509032585814406 0.9807852796390059 0
    outer loop
      vertex 72.79157857596874 67.37433458119631 0
      vertex 73.17645713686943 67.29777747392654 32.4
      vertex 73.17645713686943 67.29777747392654 0
    endloop
  endfacet
  facet normal 0.32143946370773846 0.9469301300366788 0
    outer loop
      vertex 73.17645713686943 67.29777747392654 0
      vertex 73.54805029928684 67.17163859307766 32.4
      vertex 73.54805029928684 67.17163859307766 0
    endloop
  endfacet
  facet normal 0.9978589230086541 0.06540313273849395 0
    outer loop
      vertex 75.39999999850988 64.39999999850988 0
      vertex 75.37433458119631 64.79157857596874 0
      vertex 75.39999999850988 64.39999999850988 32.4
    endloop
  endfacet
  facet normal 0.9807852796390059 0.19509032585814406 0
    outer loop
      vertex 75.37433458119631 64.79157857596874 0
      vertex 75.29777747392654 65.17645713686943 0
      vertex 75.37433458119631 64.79157857596874 32.4
    endloop
  endfacet
  facet normal 0.7518398024852506 0.6593458207943228 0
    outer loop
      vertex 74.78006002306938 66.22628428786993 0
      vertex 74.52132034301758 66.52132034301758 0
      vertex 74.78006002306938 66.22628428786993 32.4
    endloop
  endfacet
  facet normal 0.8314696207458842 0.5555702203832521 0
    outer loop
      vertex 74.99807620793581 65.89999999850988 0
      vertex 74.78006002306938 66.22628428786993 0
      vertex 74.99807620793581 65.89999999850988 32.4
    endloop
  endfacet
  facet normal 0.6593458207943228 0.7518398024852506 0
    outer loop
      vertex 74.22628428786993 66.78006002306938 0
      vertex 74.52132034301758 66.52132034301758 32.4
      vertex 74.52132034301758 66.52132034301758 0
    endloop
  endfacet
  facet normal 0.5555702203832521 0.8314696207458842 0
    outer loop
      vertex 74.22628428786993 66.78006002306938 0
      vertex 73.89999999850988 66.99807620793581 0
      vertex 74.22628428786993 66.78006002306938 32.4
    endloop
  endfacet
  facet normal 0.44228869181151975 0.8968727407473451 0
    outer loop
      vertex 73.54805029928684 67.17163859307766 0
      vertex 73.89999999850988 66.99807620793581 32.4
      vertex 73.89999999850988 66.99807620793581 0
    endloop
  endfacet
  facet normal 0.9469301300366788 0.32143946370773846 0
    outer loop
      vertex 75.29777747392654 65.17645713686943 0
      vertex 75.17163859307766 65.54805029928684 0
      vertex 75.29777747392654 65.17645713686943 32.4
    endloop
  endfacet
  facet normal 0.8968727407473451 0.44228869181151975 0
    outer loop
      vertex 74.99807620793581 65.89999999850988 0
      vertex 75.17163859307766 65.54805029928684 32.4
      vertex 75.17163859307766 65.54805029928684 0
    endloop
  endfacet
  facet normal 0 0 1
    outer loop
      vertex 68.91235040363594 65.00416675641603 32.4
      vertex -42 65 32.4
      vertex 68.9039010574673 65 32.4
    endloop
  endfacet
  facet normal 0 0 1
    outer loop
      vertex 68.91235040363594 65.00416675641603 32.4
      vertex 71.89487520312355 65.00060348149229 32.4
      vertex -42 67.39999999850988 32.4
    endloop
  endfacet
  facet normal 0 0 1
    outer loop
      vertex 71.89487520312355 65.00060348149229 32.4
      vertex 72.39999999850988 65 32.4
      vertex -42 67.39999999850988 32.4
    endloop
  endfacet
  facet normal 0 0 1
    outer loop
      vertex 72.39999999850988 65 32.4
      vertex 74.99807620793581 65.89999999850988 32.4
      vertex -42 67.39999999850988 32.4
    endloop
  endfacet
  facet normal 0 0 1
    outer loop
      vertex 72.39999999850988 67.39999999850988 32.4
      vertex -42 67.39999999850988 32.4
      vertex 72.79157857596874 67.37433458119631 32.4
    endloop
  endfacet
  facet normal 0 0 1
    outer loop
      vertex 72.79157857596874 67.37433458119631 32.4
      vertex -42 67.39999999850988 32.4
      vertex 73.17645713686943 67.29777747392654 32.4
    endloop
  endfacet
  facet normal 0 0 1
    outer loop
      vertex 73.17645713686943 67.29777747392654 32.4
      vertex -42 67.39999999850988 32.4
      vertex 73.54805029928684 67.17163859307766 32.4
    endloop
  endfacet
  facet normal 0 0 1
    outer loop
      vertex 73.54805029928684 67.17163859307766 32.4
      vertex -42 67.39999999850988 32.4
      vertex 73.89999999850988 66.99807620793581 32.4
    endloop
  endfacet
  facet normal 0 0 1
    outer loop
      vertex 74.22628428786993 66.78006002306938 32.4
      vertex 73.89999999850988 66.99807620793581 32.4
      vertex -42 67.39999999850988 32.4
    endloop
  endfacet
  facet normal 0 0 1
    outer loop
      vertex 74.78006002306938 66.22628428786993 32.4
      vertex 74.52132034301758 66.52132034301758 32.4
      vertex -42 67.39999999850988 32.4
    endloop
  endfacet
  facet normal 0 0 1
    outer loop
      vertex 74.99807620793581 65.89999999850988 32.4
      vertex 74.78006002306938 66.22628428786993 32.4
      vertex -42 67.39999999850988 32.4
    endloop
  endfacet
  facet normal 0 0 1
    outer loop
      vertex 74.22628428786993 66.78006002306938 32.4
      vertex -42 67.39999999850988 32.4
      vertex 74.52132034301758 66.52132034301758 32.4
    endloop
  endfacet
  facet normal 1 0 0
    outer loop
      vertex 75.39999999850988 -64.39999999850988 32.4
      vertex 75.39999999850988 64.39999999850988 0
      vertex 75.39999999850988 64.39999999850988 32.4
    endloop
  endfacet
  facet normal 0 0 1
    outer loop
      vertex 73.05984433416282 -61.02525336249511 32.4
      vertex 73 63.89609894253272 32.4
      vertex 73 60.903901057467294 32.4
    endloop
  endfacet
  facet normal 0 0 1
    outer loop
      vertex 73.05984433416282 -61.02525336249511 32.4
      vertex 73 64.39999999850988 32.4
      vertex 73 63.89609894253272 32.4
    endloop
  endfacet
  facet normal 0 0 1
    outer loop
      vertex 73.05984433416282 -61.02525336249511 32.4
      vertex 75.29777747392654 65.17645713686943 32.4
      vertex 73 64.39999999850988 32.4
    endloop
  endfacet
  facet normal 0 0 1
    outer loop
      vertex 73.05984433416282 -61.02525336249511 32.4
      vertex 75.39999999850988 64.39999999850988 32.4
      vertex 75.37433458119631 64.79157857596874 32.4
    endloop
  endfacet
  facet normal 0 0 1
    outer loop
      vertex 73.05984433416282 -61.02525336249511 32.4
      vertex 75.37433458119631 64.79157857596874 32.4
      vertex 75.29777747392654 65.17645713686943 32.4
    endloop
  endfacet
  facet normal 0.06540313273849395 0.9978589230086541 0
    outer loop
      vertex 72.39999999850988 67.39999999850988 0
      vertex 72.39999999850988 67.39999999850988 32.4
      vertex 72.79157857596874 67.37433458119631 32.4
    endloop
  endfacet
  facet normal 0.19509032585814406 0.9807852796390059 0
    outer loop
      vertex 72.79157857596874 67.37433458119631 0
      vertex 72.79157857596874 67.37433458119631 32.4
      vertex 73.17645713686943 67.29777747392654 32.4
    endloop
  endfacet
  facet normal 0.32143946370773846 0.9469301300366788 0
    outer loop
      vertex 73.17645713686943 67.29777747392654 0
      vertex 73.17645713686943 67.29777747392654 32.4
      vertex 73.54805029928684 67.17163859307766 32.4
    endloop
  endfacet
  facet normal 0.44228869181151975 0.8968727407473451 0
    outer loop
      vertex 73.54805029928684 67.17163859307766 0
      vertex 73.54805029928684 67.17163859307766 32.4
      vertex 73.89999999850988 66.99807620793581 32.4
    endloop
  endfacet
  facet normal 0.9978589230086541 0.06540313273849395 0
    outer loop
      vertex 75.37433458119631 64.79157857596874 0
      vertex 75.37433458119631 64.79157857596874 32.4
      vertex 75.39999999850988 64.39999999850988 32.4
    endloop
  endfacet
  facet normal 0.9807852796390059 0.19509032585814406 0
    outer loop
      vertex 75.29777747392654 65.17645713686943 0
      vertex 75.29777747392654 65.17645713686943 32.4
      vertex 75.37433458119631 64.79157857596874 32.4
    endloop
  endfacet
  facet normal 0.8968727407473451 0.44228869181151975 0
    outer loop
      vertex 74.99807620793581 65.89999999850988 0
      vertex 74.99807620793581 65.89999999850988 32.4
      vertex 75.17163859307766 65.54805029928684 32.4
    endloop
  endfacet
  facet normal 0.8314696207458842 0.5555702203832521 0
    outer loop
      vertex 74.78006002306938 66.22628428786993 0
      vertex 74.78006002306938 66.22628428786993 32.4
      vertex 74.99807620793581 65.89999999850988 32.4
    endloop
  endfacet
  facet normal 0.6593458207943228 0.7518398024852506 0
    outer loop
      vertex 74.22628428786993 66.78006002306938 0
      vertex 74.22628428786993 66.78006002306938 32.4
      vertex 74.52132034301758 66.52132034301758 32.4
    endloop
  endfacet
  facet normal 0.5555702203832521 0.8314696207458842 0
    outer loop
      vertex 73.89999999850988 66.99807620793581 0
      vertex 73.89999999850988 66.99807620793581 32.4
      vertex 74.22628428786993 66.78006002306938 32.4
    endloop
  endfacet
  facet normal 0.7518398024852506 0.6593458207943228 0
    outer loop
      vertex 74.52132034301758 66.52132034301758 0
      vertex 74.52132034301758 66.52132034301758 32.4
      vertex 74.78006002306938 66.22628428786993 32.4
    endloop
  endfacet
  facet normal 0.9469301300366788 0.32143946370773846 0
    outer loop
      vertex 75.17163859307766 65.54805029928684 0
      vertex 75.17163859307766 65.54805029928684 32.4
      vertex 75.29777747392654 65.17645713686943 32.4
    endloop
  endfacet
  facet normal 0 0 1
    outer loop
      vertex 71.89609894253272 65 32.4
      vertex 72.39999999850988 65 32.4
      vertex 71.89487520312355 65.00060348149229 32.4
    endloop
  endfacet
  facet normal 0 0 1
    outer loop
      vertex 72.39999999850988 65 32.4
      vertex 72.47831571102142 64.99486691504717 32.4
      vertex 75.29777747392654 65.17645713686943 32.4
    endloop
  endfacet
  facet normal 0 0 1
    outer loop
      vertex 72.62961006164551 64.95432771742344 32.4
      vertex 72.69999999552965 64.91961523890495 32.4
      vertex 75.29777747392654 65.17645713686943 32.4
    endloop
  endfacet
  facet normal 0 0 1
    outer loop
      vertex 72.95432771742344 64.62961006164551 32.4
      vertex 75.29777747392654 65.17645713686943 32.4
      vertex 72.91961523890495 64.69999999552965 32.4
    endloop
  endfacet
  facet normal 0 0 1
    outer loop
      vertex 72.8760120049119 64.76525685936213 32.4
      vertex 72.91961523890495 64.69999999552965 32.4
      vertex 75.29777747392654 65.17645713686943 32.4
    endloop
  endfacet
  facet normal 0 0 1
    outer loop
      vertex 72.82426406443119 64.82426406443119 32.4
      vertex 75.29777747392654 65.17645713686943 32.4
      vertex 72.76525685936213 64.8760120049119 32.4
    endloop
  endfacet
  facet normal 0 0 1
    outer loop
      vertex 72.69999999552965 64.91961523890495 32.4
      vertex 72.76525685936213 64.8760120049119 32.4
      vertex 75.29777747392654 65.17645713686943 32.4
    endloop
  endfacet
  facet normal 0 0 1
    outer loop
      vertex 72.8760120049119 64.76525685936213 32.4
      vertex 75.29777747392654 65.17645713686943 32.4
      vertex 72.82426406443119 64.82426406443119 32.4
    endloop
  endfacet
  facet normal 0 0 1
    outer loop
      vertex 72.47831571102142 64.99486691504717 32.4
      vertex 72.55529142916203 64.97955549508333 32.4
      vertex 75.29777747392654 65.17645713686943 32.4
    endloop
  endfacet
  facet normal 0 0 1
    outer loop
      vertex 72.55529142916203 64.97955549508333 32.4
      vertex 72.62961006164551 64.95432771742344 32.4
      vertex 75.29777747392654 65.17645713686943 32.4
    endloop
  endfacet
  facet normal 0 0 1
    outer loop
      vertex 73 64.39999999850988 32.4
      vertex 75.29777747392654 65.17645713686943 32.4
      vertex 72.99486691504717 64.47831571102142 32.4
    endloop
  endfacet
  facet normal 0 0 1
    outer loop
      vertex 72.99486691504717 64.47831571102142 32.4
      vertex 75.29777747392654 65.17645713686943 32.4
      vertex 72.97955549508333 64.55529142916203 32.4
    endloop
  endfacet
  facet normal 0 0 1
    outer loop
      vertex 72.97955549508333 64.55529142916203 32.4
      vertex 75.29777747392654 65.17645713686943 32.4
      vertex 72.95432771742344 64.62961006164551 32.4
    endloop
  endfacet
  facet normal 0 0 1
    outer loop
      vertex 72.39999999850988 65 32.4
      vertex 75.29777747392654 65.17645713686943 32.4
      vertex 75.17163859307766 65.54805029928684 32.4
    endloop
  endfacet
  facet normal 0 0 1
    outer loop
      vertex 72.39999999850988 65 32.4
      vertex 75.17163859307766 65.54805029928684 32.4
      vertex 74.99807620793581 65.89999999850988 32.4
    endloop
  endfacet
  facet normal 0 0 1
    outer loop
      vertex -72.82426406443119 -64.82426406443119 2.4
      vertex -72.22628428702616 -64.7800600208737 2.4
      vertex -72.8760120049119 -64.76525685936213 2.4
    endloop
  endfacet
  facet normal 0 0 1
    outer loop
      vertex -72.76525685936213 -64.8760120049119 2.4
      vertex -72.69999999552965 -64.91961523890495 2.4
      vertex -71.9 -64.99807621135332 2.4
    endloop
  endfacet
  facet normal 0 0 1
    outer loop
      vertex -72.76525685936213 -64.8760120049119 2.4
      vertex -71.9 -64.99807621135332 2.4
      vertex -72.82426406443119 -64.82426406443119 2.4
    endloop
  endfacet
  facet normal 0 0 1
    outer loop
      vertex -72.69999999552965 -64.91961523890495 2.4
      vertex -72.62961006164551 -64.95432771742344 2.4
      vertex -71.9 -64.99807621135332 2.4
    endloop
  endfacet
  facet normal 0 0 1
    outer loop
      vertex -72.95432771742344 -64.62961006164551 2.4
      vertex -72.22628428702616 -64.7800600208737 2.4
      vertex -72.97955549508333 -64.55529142916203 2.4
    endloop
  endfacet
  facet normal 0 0 1
    outer loop
      vertex -72.97955549508333 -64.55529142916203 2.4
      vertex -72.52132034355965 -64.52132034355965 2.4
      vertex -72.99486691504717 -64.47831571102142 2.4
    endloop
  endfacet
  facet normal 0 0 1
    outer loop
      vertex -73 -64.39999999850988 2.4
      vertex -72.99486691504717 -64.47831571102142 2.4
      vertex -72.52132034355965 -64.52132034355965 2.4
    endloop
  endfacet
  facet normal 0 0 1
    outer loop
      vertex -73 -64.39999999850988 2.4
      vertex -72.52132034355965 -64.52132034355965 2.4
      vertex -72.7800600208737 -64.22628428702616 2.4
    endloop
  endfacet
  facet normal 0 0 1
    outer loop
      vertex -72.91961523890495 -64.69999999552965 2.4
      vertex -72.8760120049119 -64.76525685936213 2.4
      vertex -72.22628428702616 -64.7800600208737 2.4
    endloop
  endfacet
  facet normal 0 0 1
    outer loop
      vertex -72.91961523890495 -64.69999999552965 2.4
      vertex -72.22628428702616 -64.7800600208737 2.4
      vertex -72.95432771742344 -64.62961006164551 2.4
    endloop
  endfacet
  facet normal 0 0 1
    outer loop
      vertex -72.97955549508333 -64.55529142916203 2.4
      vertex -72.22628428702616 -64.7800600208737 2.4
      vertex -72.52132034355965 -64.52132034355965 2.4
    endloop
  endfacet
  facet normal 0 0 1
    outer loop
      vertex -73 -64.39999999850988 2.4
      vertex -72.7800600208737 -64.22628428702616 2.4
      vertex -72.99807621135332 -63.900000000000006 2.4
    endloop
  endfacet
  facet normal 0 0 1
    outer loop
      vertex -73 -64.39999999850988 2.4
      vertex -72.99807621135332 -63.900000000000006 2.4
      vertex -73 -63.89609894253272 2.4
    endloop
  endfacet
  facet normal 0 0 1
    outer loop
      vertex -72.55529142916203 -64.97955549508333 2.4
      vertex -72.47831571102142 -64.99486691504717 2.4
      vertex -71.9 -64.99807621135332 2.4
    endloop
  endfacet
  facet normal 0 0 1
    outer loop
      vertex -72.62961006164551 -64.95432771742344 2.4
      vertex -72.55529142916203 -64.97955549508333 2.4
      vertex -71.9 -64.99807621135332 2.4
    endloop
  endfacet
  facet normal 0 0 1
    outer loop
      vertex -72.47831571102142 -64.99486691504717 2.4
      vertex -72.39999999850988 -65 2.4
      vertex -71.9 -64.99807621135332 2.4
    endloop
  endfacet
  facet normal 0 0 1
    outer loop
      vertex -72.82426406443119 -64.82426406443119 2.4
      vertex -71.9 -64.99807621135332 2.4
      vertex -72.22628428702616 -64.7800600208737 2.4
    endloop
  endfacet
  facet normal 0 0 1
    outer loop
      vertex -72.39999999850988 -65 2.4
      vertex -71.89609894253272 -65 2.4
      vertex -71.9 -64.99807621135332 2.4
    endloop
  endfacet
  facet normal 0 0 1
    outer loop
      vertex -68.9 -59.80192378864669 2.4
      vertex -68.57371571297385 -60.0199399791263 2.4
      vertex -68.5 -59.5 2.4
    endloop
  endfacet
  facet normal 0 0 1
    outer loop
      vertex -68.57371571297385 -60.0199399791263 2.4
      vertex -68.27867965644036 -60.27867965644036 2.4
      vertex -68.5 -59.5 2.4
    endloop
  endfacet
  facet normal 0 0 1
    outer loop
      vertex -68.0199399791263 -60.57371571297384 2.4
      vertex -65.5 -59.5 2.4
      vertex -68.27867965644036 -60.27867965644036 2.4
    endloop
  endfacet
  facet normal 0 0 1
    outer loop
      vertex -68.0199399791263 -60.57371571297384 2.4
      vertex -67.80192378864669 -60.900000000000006 2.4
      vertex -65.5 -59.5 2.4
    endloop
  endfacet
  facet normal 0 0 1
    outer loop
      vertex -67.62836140246614 -61.25194970290474 2.4
      vertex -65.5 -59.5 2.4
      vertex -67.80192378864669 -60.900000000000006 2.4
    endloop
  endfacet
  facet normal 0 0 1
    outer loop
      vertex -68.27867965644036 -60.27867965644036 2.4
      vertex -65.5 -59.5 2.4
      vertex -68.5 -59.5 2.4
    endloop
  endfacet
  facet normal 0 0 1
    outer loop
      vertex -68.9 -59.80192378864669 2.4
      vertex -68.5 -59.5 2.4
      vertex -68.5 -54.5 2.4
    endloop
  endfacet
  facet normal 0 0 1
    outer loop
      vertex -73 -60.903901057467294 2.4
      vertex -72.99999999701977 -45 2.4
      vertex -73 -45.00000004546951 2.4
    endloop
  endfacet
  facet normal 1 0 0
    outer loop
      vertex -73 -60.903901057467294 2.4
      vertex -73 -45.00000004546951 2.4
      vertex -73 -45.00000004546951 4
    endloop
  endfacet
  facet normal 0 0 1
    outer loop
      vertex -72.52132034355965 -60.27867965644036 2.4
      vertex -72.22628428702616 -60.0199399791263 2.4
      vertex -72.5 -9 2.4
    endloop
  endfacet
  facet normal 0 0 1
    outer loop
      vertex -72.22628428702616 -60.0199399791263 2.4
      vertex -71.9 -59.80192378864669 2.4
      vertex -72.5 -9 2.4
    endloop
  endfacet
  facet normal 0 0 1
    outer loop
      vertex -71.9 -59.80192378864669 2.4
      vertex -71.54805029709527 -59.62836140246615 2.4
      vertex -72.5 -9 2.4
    endloop
  endfacet
  facet normal 0 0 1
    outer loop
      vertex -71.54805029709527 -59.62836140246615 2.4
      vertex -71.17645713530757 -59.5022225211328 2.4
      vertex -72.5 -9 2.4
    endloop
  endfacet
  facet normal 0 0 1
    outer loop
      vertex -71.17645713530757 -59.5022225211328 2.4
      vertex -70.79157857666016 -59.425665415878576 2.4
      vertex -72.5 -9 2.4
    endloop
  endfacet
  facet normal 0 0 1
    outer loop
      vertex -70.79157857666016 -59.425665415878576 2.4
      vertex -70.4 -59.400000000000006 2.4
      vertex -72.5 -9 2.4
    endloop
  endfacet
  facet normal 0 0 1
    outer loop
      vertex -68.9 -59.80192378864669 2.4
      vertex -68.5 -54.5 2.4
      vertex -68.5 -31.5 2.4
    endloop
  endfacet
  facet normal 0 0 1
    outer loop
      vertex -65.5 -54.5 2.4
      vertex -68.5 -31.5 2.4
      vertex -68.5 -54.5 2.4
    endloop
  endfacet
  facet normal 0 0 1
    outer loop
      vertex -70.4 -59.400000000000006 2.4
      vertex -70.00842142333985 -59.425665415878576 2.4
      vertex -72.5 -9 2.4
    endloop
  endfacet
  facet normal 0 0 1
    outer loop
      vertex -70.00842142333985 -59.425665415878576 2.4
      vertex -69.62354286469244 -59.5022225211328 2.4
      vertex -72.5 -9 2.4
    endloop
  endfacet
  facet normal 0 0 1
    outer loop
      vertex -69.25194970290474 -59.62836140246615 2.4
      vertex -68.9 -59.80192378864669 2.4
      vertex -69 -8.5 2.4
    endloop
  endfacet
  facet normal 0 0 1
    outer loop
      vertex -68.9 -59.80192378864669 2.4
      vertex -68.5 -31.5 2.4
      vertex -68.5 -26.5 2.4
    endloop
  endfacet
  facet normal 0 0 1
    outer loop
      vertex -65.5 -54.5 2.4
      vertex -65.5 -31.5 2.4
      vertex -68.5 -31.5 2.4
    endloop
  endfacet
  facet normal 0 0 1
    outer loop
      vertex -65 -59 2.4
      vertex -65 -55 2.4
      vertex -65.5 -59.5 2.4
    endloop
  endfacet
  facet normal 0 0 1
    outer loop
      vertex -65 -55 2.4
      vertex -65.5 -54.5 2.4
      vertex -65.5 -59.5 2.4
    endloop
  endfacet
  facet normal 0 0 1
    outer loop
      vertex -65 -55 2.4
      vertex -65 -31 2.4
      vertex -65.5 -54.5 2.4
    endloop
  endfacet
  facet normal 0 0 1
    outer loop
      vertex -65 -31 2.4
      vertex -65.5 -31.5 2.4
      vertex -65.5 -54.5 2.4
    endloop
  endfacet
  facet normal 0.7518397412332603 0.6593458906388242 0
    outer loop
      vertex -72.82426406443119 -64.82426406443119 2.4
      vertex -72.8760120049119 -64.76525685936213 2.4
      vertex -72.8760120049119 -64.76525685936213 32.4
    endloop
  endfacet
  facet normal 0.6593458906388242 0.7518397412332603 0
    outer loop
      vertex -72.76525685936213 -64.8760120049119 2.4
      vertex -72.82426406443119 -64.82426406443119 2.4
      vertex -72.82426406443119 -64.82426406443119 32.4
    endloop
  endfacet
  facet normal 0.5555701590491026 0.8314696617280481 0
    outer loop
      vertex -72.76525685936213 -64.8760120049119 2.4
      vertex -72.76525685936213 -64.8760120049119 32.4
      vertex -72.69999999552965 -64.91961523890495 2.4
    endloop
  endfacet
  facet normal 0.4422887372094249 0.8968727183595742 0
    outer loop
      vertex -72.69999999552965 -64.91961523890495 2.4
      vertex -72.69999999552965 -64.91961523890495 32.4
      vertex -72.62961006164551 -64.95432771742344 2.4
    endloop
  endfacet
  facet normal 0.3214394807323106 0.9469301242576152 0
    outer loop
      vertex -72.62961006164551 -64.95432771742344 2.4
      vertex -72.62961006164551 -64.95432771742344 32.4
      vertex -72.55529142916203 -64.97955549508333 2.4
    endloop
  endfacet
  facet normal 0.19509029306298437 0.9807852861623684 0
    outer loop
      vertex -72.55529142916203 -64.97955549508333 2.4
      vertex -72.55529142916203 -64.97955549508333 32.4
      vertex -72.47831571102142 -64.99486691504717 2.4
    endloop
  endfacet
  facet normal 0.06540315412178903 0.9978589216071185 0
    outer loop
      vertex -72.47831571102142 -64.99486691504717 2.4
      vertex -72.47831571102142 -64.99486691504717 32.4
      vertex -72.39999999850988 -65 2.4
    endloop
  endfacet
  facet normal 0.8968727183595742 0.4422887372094249 0
    outer loop
      vertex -72.91961523890495 -64.69999999552965 2.4
      vertex -72.95432771742344 -64.62961006164551 2.4
      vertex -72.95432771742344 -64.62961006164551 32.4
    endloop
  endfacet
  facet normal 0.8314696617280481 0.5555701590491026 0
    outer loop
      vertex -72.91961523890495 -64.69999999552965 2.4
      vertex -72.91961523890495 -64.69999999552965 32.4
      vertex -72.8760120049119 -64.76525685936213 2.4
    endloop
  endfacet
  facet normal 0.9807852861623684 0.19509029306298437 0
    outer loop
      vertex -72.97955549508333 -64.55529142916203 2.4
      vertex -72.99486691504717 -64.47831571102142 2.4
      vertex -72.99486691504717 -64.47831571102142 32.4
    endloop
  endfacet
  facet normal 0.9469301242576152 0.3214394807323106 0
    outer loop
      vertex -72.95432771742344 -64.62961006164551 2.4
      vertex -72.97955549508333 -64.55529142916203 2.4
      vertex -72.97955549508333 -64.55529142916203 32.4
    endloop
  endfacet
  facet normal 0.9978589216071185 0.06540315412178903 0
    outer loop
      vertex -73 -64.39999999850988 2.4
      vertex -73 -64.39999999850988 32.4
      vertex -72.99486691504717 -64.47831571102142 2.4
    endloop
  endfacet
  facet normal 1 0 0
    outer loop
      vertex -73 -64.39999999850988 2.4
      vertex -73 -63.89609894253272 2.4
      vertex -73 -64.39999999850988 32.4
    endloop
  endfacet
  facet normal 0 1 0
    outer loop
      vertex -72.39999999850988 -65 2.4
      vertex -71.89609894253272 -65 32.4
      vertex -71.89609894253272 -65 2.4
    endloop
  endfacet
  facet normal 1 0 0
    outer loop
      vertex -73 -60.903901057467294 2.4
      vertex -73 -45.00000004546951 4
      vertex -73 -60.903901057467294 32.4
    endloop
  endfacet
  facet normal 1 0 0
    outer loop
      vertex -73 -45.00000004546951 4
      vertex -73 -34.99999995453049 4
      vertex -73 -60.903901057467294 32.4
    endloop
  endfacet
  facet normal 0 0 1
    outer loop
      vertex -68.9 -59.80192378864669 2.4
      vertex -68.5 -26.5 2.4
      vertex -69 -8.5 2.4
    endloop
  endfacet
  facet normal 0 0 1
    outer loop
      vertex -69.62354286469244 -59.5022225211328 2.4
      vertex -69.5 -9 2.4
      vertex -72.5 -9 2.4
    endloop
  endfacet
  facet normal 0 0 1
    outer loop
      vertex -72.99807621135332 -60.900000000000006 2.4
      vertex -72.99807621135332 60.900000000000006 2.4
      vertex -73 -60.903901057467294 2.4
    endloop
  endfacet
  facet normal 0 0 1
    outer loop
      vertex -72.99807621135332 -60.900000000000006 2.4
      vertex -72.7800600208737 -60.57371571297384 2.4
      vertex -72.7800600208737 60.57371571297384 2.4
    endloop
  endfacet
  facet normal 0 0 1
    outer loop
      vertex -72.7800600208737 -60.57371571297384 2.4
      vertex -72.52132034355965 -60.27867965644036 2.4
      vertex -72.52132034355965 60.27867965644036 2.4
    endloop
  endfacet
  facet normal 0 0 1
    outer loop
      vertex -69.25194970290474 -59.62836140246615 2.4
      vertex -69 -8.5 2.4
      vertex -69 -4.5 2.4
    endloop
  endfacet
  facet normal 0 0 1
    outer loop
      vertex -69.62354286469244 -59.5022225211328 2.4
      vertex -69.25194970290474 -59.62836140246615 2.4
      vertex -69.25194970290474 59.62836140246615 2.4
    endloop
  endfacet
  facet normal 0 0 1
    outer loop
      vertex -69 -8.5 2.4
      vertex -68.5 -26.5 2.4
      vertex -65.5 -26.5 2.4
    endloop
  endfacet
  facet normal 0 0 1
    outer loop
      vertex -69 -8.5 2.4
      vertex -65.5 -26.5 2.4
      vertex -65 -27 2.4
    endloop
  endfacet
  facet normal 0 0 1
    outer loop
      vertex -73 -60.903901057467294 2.4
      vertex -72.99807621135332 60.900000000000006 2.4
      vertex -72.99999999701977 -45 2.4
    endloop
  endfacet
  facet normal 0 0 1
    outer loop
      vertex -72.99999999701977 -45 2.4
      vertex -72.99807621135332 60.900000000000006 2.4
      vertex -72.99999999701977 -35 2.4
    endloop
  endfacet
  facet normal 0 0 1
    outer loop
      vertex -73 -34.99999995453049 2.4
      vertex -72.99999999701977 -35 2.4
      vertex -72.99807621135332 60.900000000000006 2.4
    endloop
  endfacet
  facet normal 0 0 1
    outer loop
      vertex -72.52132034355965 -60.27867965644036 2.4
      vertex -72.5 -9 2.4
      vertex -72.52132034355965 60.27867965644036 2.4
    endloop
  endfacet
  facet normal 1 0 0
    outer loop
      vertex -73 -34.99999995453049 2.4
      vertex -73 60.903901057467294 2.4
      vertex -73 -34.99999995453049 4
    endloop
  endfacet
  facet normal 0 0 1
    outer loop
      vertex -69.25194970290474 -59.62836140246615 2.4
      vertex -69 -4.5 2.4
      vertex -69 44.5 2.4
    endloop
  endfacet
  facet normal 0 0 1
    outer loop
      vertex -69.62354286469244 -59.5022225211328 2.4
      vertex -69.25194970290474 59.62836140246615 2.4
      vertex -69.5 -9 2.4
    endloop
  endfacet
  facet normal 0 0 1
    outer loop
      vertex -65 -31 2.4
      vertex -65 -27 2.4
      vertex -65.5 -31.5 2.4
    endloop
  endfacet
  facet normal 0 0 1
    outer loop
      vertex -65 -27 2.4
      vertex -65.5 -26.5 2.4
      vertex -65.5 -31.5 2.4
    endloop
  endfacet
  facet normal 0 0 1
    outer loop
      vertex -69 -8.5 2.4
      vertex -38.5 -9 2.4
      vertex -39 -8.5 2.4
    endloop
  endfacet
  facet normal 1 0 0
    outer loop
      vertex -73 -34.99999995453049 4
      vertex -73 60.903901057467294 2.4
      vertex -73 -60.903901057467294 32.4
    endloop
  endfacet
  facet normal 0 0 1
    outer loop
      vertex -67.62836140246614 -61.25194970290474 2.4
      vertex 15 -59 2.4
      vertex -65.5 -59.5 2.4
    endloop
  endfacet
  facet normal 0 0 1
    outer loop
      vertex -65 -59 2.4
      vertex -65.5 -59.5 2.4
      vertex 15 -59 2.4
    endloop
  endfacet
  facet normal 0 0 1
    outer loop
      vertex -68.9 -64.99807621135332 2.4
      vertex -68.9039010574673 -65 2.4
      vertex 68.9 -64.99807621135332 2.4
    endloop
  endfacet
  facet normal 0 0 1
    outer loop
      vertex -68.9 -64.99807621135332 2.4
      vertex 68.9 -64.99807621135332 2.4
      vertex -68.57371571297385 -64.7800600208737 2.4
    endloop
  endfacet
  facet normal 0 0 1
    outer loop
      vertex -68.57371571297385 -64.7800600208737 2.4
      vertex 68.57371571297385 -64.7800600208737 2.4
      vertex -68.27867965644036 -64.52132034355965 2.4
    endloop
  endfacet
  facet normal 0 0 1
    outer loop
      vertex -68.27867965644036 -64.52132034355965 2.4
      vertex 68.27867965644036 -64.52132034355965 2.4
      vertex -68.0199399791263 -64.22628428702616 2.4
    endloop
  endfacet
  facet normal 0 0 1
    outer loop
      vertex -68.0199399791263 -64.22628428702616 2.4
      vertex 68.0199399791263 -64.22628428702616 2.4
      vertex -67.80192378864669 -63.900000000000006 2.4
    endloop
  endfacet
  facet normal 0 0 1
    outer loop
      vertex -67.80192378864669 -63.900000000000006 2.4
      vertex 67.80192378864669 -63.900000000000006 2.4
      vertex -67.62836140246614 -63.54805029709527 2.4
    endloop
  endfacet
  facet normal 0 0 1
    outer loop
      vertex -67.62836140246614 -63.54805029709527 2.4
      vertex 67.62836140246614 -63.54805029709527 2.4
      vertex -67.50222252113281 -63.176457135307565 2.4
    endloop
  endfacet
  facet normal 0 0 1
    outer loop
      vertex -67.50222252113281 -63.176457135307565 2.4
      vertex 67.50222252113281 -63.176457135307565 2.4
      vertex -67.42566541587857 -62.79157857666016 2.4
    endloop
  endfacet
  facet normal 0 0 1
    outer loop
      vertex -67.42566541587857 -62.79157857666016 2.4
      vertex 67.42566541587857 -62.79157857666016 2.4
      vertex -67.4 -62.400000000000006 2.4
    endloop
  endfacet
  facet normal 0 0 1
    outer loop
      vertex -67.4 -62.400000000000006 2.4
      vertex 67.4 -62.400000000000006 2.4
      vertex -67.42566541587857 -62.008421423339854 2.4
    endloop
  endfacet
  facet normal 0 0 1
    outer loop
      vertex -67.62836140246614 -61.25194970290474 2.4
      vertex -67.50222252113281 -61.623542864692446 2.4
      vertex 67.50222252113281 -61.623542864692446 2.4
    endloop
  endfacet
  facet normal 0 0 1
    outer loop
      vertex -67.42566541587857 -62.008421423339854 2.4
      vertex 67.42566541587857 -62.008421423339854 2.4
      vertex -67.50222252113281 -61.623542864692446 2.4
    endloop
  endfacet
  facet normal 0 0 1
    outer loop
      vertex -65 -55 2.4
      vertex 15 -55 2.4
      vertex -65 -31 2.4
    endloop
  endfacet
  facet normal 0 0 1
    outer loop
      vertex -67.62836140246614 -61.25194970290474 2.4
      vertex 15.5 -59.5 2.4
      vertex 15 -59 2.4
    endloop
  endfacet
  facet normal 0 0 1
    outer loop
      vertex -67.62836140246614 -61.25194970290474 2.4
      vertex 18.5 -59.5 2.4
      vertex 15.5 -59.5 2.4
    endloop
  endfacet
  facet normal 0 0 1
    outer loop
      vertex -65 -31 2.4
      vertex 15 -55 2.4
      vertex 15 -31 2.4
    endloop
  endfacet
  facet normal 0 0 1
    outer loop
      vertex -69 -8.5 2.4
      vertex -65 -27 2.4
      vertex 15 -27 2.4
    endloop
  endfacet
  facet normal 0 0 1
    outer loop
      vertex -39 -8.5 2.4
      vertex -38.5 -9 2.4
      vertex -38.5 -4 2.4
    endloop
  endfacet
  facet normal 0 0 1
    outer loop
      vertex -39 -8.5 2.4
      vertex -38.5 -4 2.4
      vertex -39 -4.5 2.4
    endloop
  endfacet
  facet normal 0 0 1
    outer loop
      vertex -35.5 -9 2.4
      vertex -32.5 -1.5 2.4
      vertex -35.5 -4 2.4
    endloop
  endfacet
  facet normal 0 0 1
    outer loop
      vertex -35.5 -4 2.4
      vertex -35.5 -1.5 2.4
      vertex -38.5 -4 2.4
    endloop
  endfacet
  facet normal 0 0 1
    outer loop
      vertex -39 -4.5 2.4
      vertex -38.5 -4 2.4
      vertex -35.5 3.5 2.4
    endloop
  endfacet
  facet normal 0 0 1
    outer loop
      vertex -35.5 3.5 2.4
      vertex -38.5 -4 2.4
      vertex -35.5 -1.5 2.4
    endloop
  endfacet
  facet normal 0 0 1
    outer loop
      vertex -35.5 -1.5 2.4
      vertex -35.5 -4 2.4
      vertex -32.5 -1.5 2.4
    endloop
  endfacet
  facet normal 0 0 1
    outer loop
      vertex -32 -1 2.4
      vertex -32.5 -1.5 2.4
      vertex -35.5 -9 2.4
    endloop
  endfacet
  facet normal 0 0 1
    outer loop
      vertex -69 -8.5 2.4
      vertex 15 -27 2.4
      vertex -38.5 -9 2.4
    endloop
  endfacet
  facet normal 0 0 1
    outer loop
      vertex 15 -27 2.4
      vertex -35.5 -9 2.4
      vertex -38.5 -9 2.4
    endloop
  endfacet
  facet normal 0 0 1
    outer loop
      vertex -32 -1 2.4
      vertex -35.5 -9 2.4
      vertex 15 -27 2.4
    endloop
  endfacet
  facet normal 0.5555701590491026 0.8314696617280481 0
    outer loop
      vertex -72.69999999552965 -64.91961523890495 2.4
      vertex -72.76525685936213 -64.8760120049119 32.4
      vertex -72.69999999552965 -64.91961523890495 32.4
    endloop
  endfacet
  facet normal 0.7518397412332603 0.6593458906388242 0
    outer loop
      vertex -72.82426406443119 -64.82426406443119 2.4
      vertex -72.8760120049119 -64.76525685936213 32.4
      vertex -72.82426406443119 -64.82426406443119 32.4
    endloop
  endfacet
  facet normal 0.6593458906388242 0.7518397412332603 0
    outer loop
      vertex -72.76525685936213 -64.8760120049119 2.4
      vertex -72.82426406443119 -64.82426406443119 32.4
      vertex -72.76525685936213 -64.8760120049119 32.4
    endloop
  endfacet
  facet normal 0.4422887372094249 0.8968727183595742 0
    outer loop
      vertex -72.62961006164551 -64.95432771742344 2.4
      vertex -72.69999999552965 -64.91961523890495 32.4
      vertex -72.62961006164551 -64.95432771742344 32.4
    endloop
  endfacet
  facet normal 0.3214394807323106 0.9469301242576152 0
    outer loop
      vertex -72.55529142916203 -64.97955549508333 2.4
      vertex -72.62961006164551 -64.95432771742344 32.4
      vertex -72.55529142916203 -64.97955549508333 32.4
    endloop
  endfacet
  facet normal 0.19509029306298437 0.9807852861623684 0
    outer loop
      vertex -72.47831571102142 -64.99486691504717 2.4
      vertex -72.55529142916203 -64.97955549508333 32.4
      vertex -72.47831571102142 -64.99486691504717 32.4
    endloop
  endfacet
  facet normal 0.06540315412178903 0.9978589216071185 0
    outer loop
      vertex -72.39999999850988 -65 2.4
      vertex -72.47831571102142 -64.99486691504717 32.4
      vertex -72.39999999850988 -65 32.4
    endloop
  endfacet
  facet normal 0.8968727183595742 0.4422887372094249 0
    outer loop
      vertex -72.91961523890495 -64.69999999552965 2.4
      vertex -72.95432771742344 -64.62961006164551 32.4
      vertex -72.91961523890495 -64.69999999552965 32.4
    endloop
  endfacet
  facet normal 0.8314696617280481 0.5555701590491026 0
    outer loop
      vertex -72.8760120049119 -64.76525685936213 2.4
      vertex -72.91961523890495 -64.69999999552965 32.4
      vertex -72.8760120049119 -64.76525685936213 32.4
    endloop
  endfacet
  facet normal 0.9807852861623684 0.19509029306298437 0
    outer loop
      vertex -72.97955549508333 -64.55529142916203 2.4
      vertex -72.99486691504717 -64.47831571102142 32.4
      vertex -72.97955549508333 -64.55529142916203 32.4
    endloop
  endfacet
  facet normal 0.9469301242576152 0.3214394807323106 0
    outer loop
      vertex -72.95432771742344 -64.62961006164551 2.4
      vertex -72.97955549508333 -64.55529142916203 32.4
      vertex -72.95432771742344 -64.62961006164551 32.4
    endloop
  endfacet
  facet normal 0.9978589216071185 0.06540315412178903 0
    outer loop
      vertex -72.99486691504717 -64.47831571102142 2.4
      vertex -73 -64.39999999850988 32.4
      vertex -72.99486691504717 -64.47831571102142 32.4
    endloop
  endfacet
  facet normal 1 0 0
    outer loop
      vertex -73 -63.89609894253272 2.4
      vertex -73 -63.89609894253272 32.4
      vertex -73 -64.39999999850988 32.4
    endloop
  endfacet
  facet normal 0 1 0
    outer loop
      vertex -72.39999999850988 -65 2.4
      vertex -72.39999999850988 -65 32.4
      vertex -71.89609894253272 -65 32.4
    endloop
  endfacet
  facet normal 0 1 0
    outer loop
      vertex -68.9039010574673 -65 2.4
      vertex -68.9039010574673 -65 32.4
      vertex 68.9039010574673 -65 32.4
    endloop
  endfacet
  facet normal 0 0 1
    outer loop
      vertex -69.5 -4 2.4
      vertex -72.5 44 2.4
      vertex -72.5 -4 2.4
    endloop
  endfacet
  facet normal 0 0 1
    outer loop
      vertex -72.52132034355965 60.27867965644036 2.4
      vertex -72.5 -9 2.4
      vertex -72.5 -4 2.4
    endloop
  endfacet
  facet normal 0 0 1
    outer loop
      vertex -69.25194970290474 -59.62836140246615 2.4
      vertex -69 44.5 2.4
      vertex -69 48.5 2.4
    endloop
  endfacet
  facet normal 0 0 1
    outer loop
      vertex -69.25194970290474 59.62836140246615 2.4
      vertex -69.5 -4 2.4
      vertex -69.5 -9 2.4
    endloop
  endfacet
  facet normal 0 0 1
    outer loop
      vertex -69.25194970290474 -59.62836140246615 2.4
      vertex -69 48.5 2.4
      vertex -69.25194970290474 59.62836140246615 2.4
    endloop
  endfacet
  facet normal 0 0 1
    outer loop
      vertex -72.99807621135332 -60.900000000000006 2.4
      vertex -72.7800600208737 60.57371571297384 2.4
      vertex -72.99807621135332 60.900000000000006 2.4
    endloop
  endfacet
  facet normal 0 0 1
    outer loop
      vertex -72.7800600208737 -60.57371571297384 2.4
      vertex -72.52132034355965 60.27867965644036 2.4
      vertex -72.7800600208737 60.57371571297384 2.4
    endloop
  endfacet
  facet normal 0 0 1
    outer loop
      vertex -73 -34.99999995453049 2.4
      vertex -72.99807621135332 60.900000000000006 2.4
      vertex -73 60.903901057467294 2.4
    endloop
  endfacet
  facet normal 0 0 1
    outer loop
      vertex -72.52132034355965 60.27867965644036 2.4
      vertex -72.5 -4 2.4
      vertex -72.5 44 2.4
    endloop
  endfacet
  facet normal 0 0 1
    outer loop
      vertex -72.5 44 2.4
      vertex -69.5 -4 2.4
      vertex -69.5 44 2.4
    endloop
  endfacet
  facet normal 0 0 1
    outer loop
      vertex -69.25194970290474 59.62836140246615 2.4
      vertex -69.5 44 2.4
      vertex -69.5 -4 2.4
    endloop
  endfacet
  facet normal 0 0 1
    outer loop
      vertex -69 -4.5 2.4
      vertex -39 -4.5 2.4
      vertex -69 44.5 2.4
    endloop
  endfacet
  facet normal 0 0 1
    outer loop
      vertex -39 -4.5 2.4
      vertex -39 44.5 2.4
      vertex -69 44.5 2.4
    endloop
  endfacet
  facet normal 0 0 1
    outer loop
      vertex -72.52132034355965 60.27867965644036 2.4
      vertex -72.5 44 2.4
      vertex -72.5 49 2.4
    endloop
  endfacet
  facet normal 0 0 1
    outer loop
      vertex -72.22628428702616 60.0199399791263 2.4
      vertex -72.5 49 2.4
      vertex -69.5 49 2.4
    endloop
  endfacet
  facet normal 0 0 1
    outer loop
      vertex -72.52132034355965 60.27867965644036 2.4
      vertex -72.5 49 2.4
      vertex -72.22628428702616 60.0199399791263 2.4
    endloop
  endfacet
  facet normal 0 0 1
    outer loop
      vertex -72.22628428702616 60.0199399791263 2.4
      vertex -69.5 49 2.4
      vertex -71.9 59.80192378864669 2.4
    endloop
  endfacet
  facet normal 0 0 1
    outer loop
      vertex -69.25194970290474 59.62836140246615 2.4
      vertex -69.5 49 2.4
      vertex -69.5 44 2.4
    endloop
  endfacet
  facet normal 0 0 1
    outer loop
      vertex -71.54805029709527 59.62836140246615 2.4
      vertex -69.5 49 2.4
      vertex -71.17645713530757 59.5022225211328 2.4
    endloop
  endfacet
  facet normal 0 0 1
    outer loop
      vertex -71.9 59.80192378864669 2.4
      vertex -69.5 49 2.4
      vertex -71.54805029709527 59.62836140246615 2.4
    endloop
  endfacet
  facet normal 0 0 1
    outer loop
      vertex -71.17645713530757 59.5022225211328 2.4
      vertex -69.5 49 2.4
      vertex -70.79157857666016 59.425665415878576 2.4
    endloop
  endfacet
  facet normal 0 0 1
    outer loop
      vertex -70.79157857666016 59.425665415878576 2.4
      vertex -69.5 49 2.4
      vertex -70.4 59.400000000000006 2.4
    endloop
  endfacet
  facet normal 0 0 1
    outer loop
      vertex -70.4 59.400000000000006 2.4
      vertex -69.5 49 2.4
      vertex -70.00842142333985 59.425665415878576 2.4
    endloop
  endfacet
  facet normal 0 0 1
    outer loop
      vertex -70.00842142333985 59.425665415878576 2.4
      vertex -69.5 49 2.4
      vertex -69.62354286469244 59.5022225211328 2.4
    endloop
  endfacet
  facet normal 0 0 1
    outer loop
      vertex -69.62354286469244 59.5022225211328 2.4
      vertex -69.5 49 2.4
      vertex -69.25194970290474 59.62836140246615 2.4
    endloop
  endfacet
  facet normal 0 0 1
    outer loop
      vertex -72.99807621135332 63.900000000000006 2.4
      vertex -73 64.39999999850988 2.4
      vertex -73 63.89609894253272 2.4
    endloop
  endfacet
  facet normal 0 0 1
    outer loop
      vertex -72.99807621135332 63.900000000000006 2.4
      vertex -72.7800600208737 64.22628428702616 2.4
      vertex -73 64.39999999850988 2.4
    endloop
  endfacet
  facet normal 0 0 1
    outer loop
      vertex -72.7800600208737 64.22628428702616 2.4
      vertex -72.99486691504717 64.47831571102142 2.4
      vertex -73 64.39999999850988 2.4
    endloop
  endfacet
  facet normal 0 0 1
    outer loop
      vertex -72.7800600208737 64.22628428702616 2.4
      vertex -72.97955549508333 64.55529142916203 2.4
      vertex -72.99486691504717 64.47831571102142 2.4
    endloop
  endfacet
  facet normal 0 0 1
    outer loop
      vertex -72.7800600208737 64.22628428702616 2.4
      vertex -72.52132034355965 64.52132034355965 2.4
      vertex -72.97955549508333 64.55529142916203 2.4
    endloop
  endfacet
  facet normal 0 0 1
    outer loop
      vertex -72.97955549508333 64.55529142916203 2.4
      vertex -72.52132034355965 64.52132034355965 2.4
      vertex -72.95432771742344 64.62961006164551 2.4
    endloop
  endfacet
  facet normal 0 0 1
    outer loop
      vertex -72.95432771742344 64.62961006164551 2.4
      vertex -72.52132034355965 64.52132034355965 2.4
      vertex -72.91961523890495 64.69999999552965 2.4
    endloop
  endfacet
  facet normal 0 0 1
    outer loop
      vertex -72.91961523890495 64.69999999552965 2.4
      vertex -72.52132034355965 64.52132034355965 2.4
      vertex -72.8760120049119 64.76525685936213 2.4
    endloop
  endfacet
  facet normal 0 0 1
    outer loop
      vertex -72.8760120049119 64.76525685936213 2.4
      vertex -72.52132034355965 64.52132034355965 2.4
      vertex -72.82426406443119 64.82426406443119 2.4
    endloop
  endfacet
  facet normal 0 0 1
    outer loop
      vertex -72.52132034355965 64.52132034355965 2.4
      vertex -72.22628428702616 64.7800600208737 2.4
      vertex -72.82426406443119 64.82426406443119 2.4
    endloop
  endfacet
  facet normal 0 0 1
    outer loop
      vertex -72.82426406443119 64.82426406443119 2.4
      vertex -72.22628428702616 64.7800600208737 2.4
      vertex -72.76525685936213 64.8760120049119 2.4
    endloop
  endfacet
  facet normal 0 0 1
    outer loop
      vertex -72.76525685936213 64.8760120049119 2.4
      vertex -72.22628428702616 64.7800600208737 2.4
      vertex -72.69999999552965 64.91961523890495 2.4
    endloop
  endfacet
  facet normal 0 0 1
    outer loop
      vertex -72.62961006164551 64.95432771742344 2.4
      vertex -72.69999999552965 64.91961523890495 2.4
      vertex -72.22628428702616 64.7800600208737 2.4
    endloop
  endfacet
  facet normal 0 0 1
    outer loop
      vertex -72.55529142916203 64.97955549508333 2.4
      vertex -72.39999999850988 65 2.4
      vertex -72.47831571102142 64.99486691504717 2.4
    endloop
  endfacet
  facet normal 0 0 1
    outer loop
      vertex -72.62961006164551 64.95432771742344 2.4
      vertex -72.22628428702616 64.7800600208737 2.4
      vertex -72.55529142916203 64.97955549508333 2.4
    endloop
  endfacet
  facet normal 0 0 1
    outer loop
      vertex -72.55529142916203 64.97955549508333 2.4
      vertex -72.22628428702616 64.7800600208737 2.4
      vertex -72.39999999850988 65 2.4
    endloop
  endfacet
  facet normal 0 0 1
    outer loop
      vertex -72.39999999850988 65 2.4
      vertex -72.22628428702616 64.7800600208737 2.4
      vertex -71.9 64.99807621135332 2.4
    endloop
  endfacet
  facet normal 0 0 1
    outer loop
      vertex -72.39999999850988 65 2.4
      vertex -71.9 64.99807621135332 2.4
      vertex -71.89609894253272 65 2.4
    endloop
  endfacet
  facet normal 0 0 1
    outer loop
      vertex -69 48.5 2.4
      vertex -39 48.5 2.4
      vertex -69.25194970290474 59.62836140246615 2.4
    endloop
  endfacet
  facet normal 0 0 1
    outer loop
      vertex -69.25194970290474 59.62836140246615 2.4
      vertex -39 48.5 2.4
      vertex -68.9 59.80192378864669 2.4
    endloop
  endfacet
  facet normal 0 0 1
    outer loop
      vertex -68.9 59.80192378864669 2.4
      vertex -39 48.5 2.4
      vertex -68.57371571297385 60.0199399791263 2.4
    endloop
  endfacet
  facet normal 0 0 1
    outer loop
      vertex -68.57371571297385 60.0199399791263 2.4
      vertex -39 48.5 2.4
      vertex -68.27867965644036 60.27867965644036 2.4
    endloop
  endfacet
  facet normal 0 0 1
    outer loop
      vertex -68.27867965644036 60.27867965644036 2.4
      vertex -39 48.5 2.4
      vertex -68.0199399791263 60.57371571297384 2.4
    endloop
  endfacet
  facet normal 0 0 1
    outer loop
      vertex -68.0199399791263 60.57371571297384 2.4
      vertex -39 48.5 2.4
      vertex -67.80192378864669 60.900000000000006 2.4
    endloop
  endfacet
  facet normal 0 0 1
    outer loop
      vertex -67.80192378864669 60.900000000000006 2.4
      vertex -39 48.5 2.4
      vertex -67.62836140246614 61.25194970290474 2.4
    endloop
  endfacet
  facet normal 0 0 1
    outer loop
      vertex -67.62836140246614 61.25194970290474 2.4
      vertex -39 48.5 2.4
      vertex -38.5 49 2.4
    endloop
  endfacet
  facet normal 0 0 1
    outer loop
      vertex -67.62836140246614 61.25194970290474 2.4
      vertex -38.5 49 2.4
      vertex -35.5 49 2.4
    endloop
  endfacet
  facet normal 0 -1 0
    outer loop
      vertex -68.9039010574673 65 2.4
      vertex -42 65 9.399999999999999
      vertex -66 65 9.399999999999999
    endloop
  endfacet
  facet normal 1 0 0
    outer loop
      vertex -73 63.89609894253272 2.4
      vertex -73 64.39999999850988 2.4
      vertex -73 63.89609894253272 32.4
    endloop
  endfacet
  facet normal 0.9978589216071185 -0.06540315412178903 0
    outer loop
      vertex -72.99486691504717 64.47831571102142 2.4
      vertex -72.99486691504717 64.47831571102142 32.4
      vertex -73 64.39999999850988 2.4
    endloop
  endfacet
  facet normal 0.9469301242576152 -0.3214394807323106 0
    outer loop
      vertex -72.97955549508333 64.55529142916203 2.4
      vertex -72.95432771742344 64.62961006164551 2.4
      vertex -72.95432771742344 64.62961006164551 32.4
    endloop
  endfacet
  facet normal 0.9807852861623684 -0.19509029306298437 0
    outer loop
      vertex -72.99486691504717 64.47831571102142 2.4
      vertex -72.97955549508333 64.55529142916203 2.4
      vertex -72.97955549508333 64.55529142916203 32.4
    endloop
  endfacet
  facet normal 0.8968727183595742 -0.4422887372094249 0
    outer loop
      vertex -72.95432771742344 64.62961006164551 2.4
      vertex -72.91961523890495 64.69999999552965 2.4
      vertex -72.91961523890495 64.69999999552965 32.4
    endloop
  endfacet
  facet normal 0.8314696617280481 -0.5555701590491026 0
    outer loop
      vertex -72.91961523890495 64.69999999552965 2.4
      vertex -72.8760120049119 64.76525685936213 2.4
      vertex -72.8760120049119 64.76525685936213 32.4
    endloop
  endfacet
  facet normal 0.6593458906388242 -0.7518397412332603 0
    outer loop
      vertex -72.82426406443119 64.82426406443119 2.4
      vertex -72.76525685936213 64.8760120049119 2.4
      vertex -72.76525685936213 64.8760120049119 32.4
    endloop
  endfacet
  facet normal 0.7518397412332603 -0.6593458906388242 0
    outer loop
      vertex -72.8760120049119 64.76525685936213 2.4
      vertex -72.82426406443119 64.82426406443119 2.4
      vertex -72.82426406443119 64.82426406443119 32.4
    endloop
  endfacet
  facet normal 0.5555701590491026 -0.8314696617280481 0
    outer loop
      vertex -72.76525685936213 64.8760120049119 2.4
      vertex -72.69999999552965 64.91961523890495 2.4
      vertex -72.69999999552965 64.91961523890495 32.4
    endloop
  endfacet
  facet normal 0.4422887372094249 -0.8968727183595742 0
    outer loop
      vertex -72.62961006164551 64.95432771742344 2.4
      vertex -72.62961006164551 64.95432771742344 32.4
      vertex -72.69999999552965 64.91961523890495 2.4
    endloop
  endfacet
  facet normal 0.3214394807323106 -0.9469301242576152 0
    outer loop
      vertex -72.62961006164551 64.95432771742344 2.4
      vertex -72.55529142916203 64.97955549508333 2.4
      vertex -72.55529142916203 64.97955549508333 32.4
    endloop
  endfacet
  facet normal 0.19509029306298437 -0.9807852861623684 0
    outer loop
      vertex -72.55529142916203 64.97955549508333 2.4
      vertex -72.47831571102142 64.99486691504717 2.4
      vertex -72.47831571102142 64.99486691504717 32.4
    endloop
  endfacet
  facet normal 0.06540315412178903 -0.9978589216071185 0
    outer loop
      vertex -72.47831571102142 64.99486691504717 2.4
      vertex -72.39999999850988 65 2.4
      vertex -72.39999999850988 65 32.4
    endloop
  endfacet
  facet normal 0 -1 0
    outer loop
      vertex -72.39999999850988 65 2.4
      vertex -71.89609894253272 65 2.4
      vertex -72.39999999850988 65 32.4
    endloop
  endfacet
  facet normal 0 -1 0
    outer loop
      vertex -68.9039010574673 65 2.4
      vertex -66 65 9.399999999999999
      vertex -68.9039010574673 65 32.4
    endloop
  endfacet
  facet normal 0 0 1
    outer loop
      vertex -39 -4.5 2.4
      vertex -35.5 3.5 2.4
      vertex -32 37 2.4
    endloop
  endfacet
  facet normal 0 0 1
    outer loop
      vertex -32 37 2.4
      vertex -35.5 3.5 2.4
      vertex -32.5 3.5 2.4
    endloop
  endfacet
  facet normal 0 0 1
    outer loop
      vertex -32 -1 2.4
      vertex -32 3 2.4
      vertex -32.5 -1.5 2.4
    endloop
  endfacet
  facet normal 0 0 1
    outer loop
      vertex -32 3 2.4
      vertex -32.5 3.5 2.4
      vertex -32.5 -1.5 2.4
    endloop
  endfacet
  facet normal 0 0 1
    outer loop
      vertex -32 3 2.4
      vertex -32 37 2.4
      vertex -32.5 3.5 2.4
    endloop
  endfacet
  facet normal 0 0 1
    outer loop
      vertex -39 -4.5 2.4
      vertex -32.5 36.5 2.4
      vertex -35.5 36.5 2.4
    endloop
  endfacet
  facet normal 0 0 1
    outer loop
      vertex -39 -4.5 2.4
      vertex -35.5 36.5 2.4
      vertex -35.5 41.5 2.4
    endloop
  endfacet
  facet normal 0 0 1
    outer loop
      vertex -39 -4.5 2.4
      vertex -32 37 2.4
      vertex -32.5 36.5 2.4
    endloop
  endfacet
  facet normal 0 0 1
    outer loop
      vertex -39 -4.5 2.4
      vertex -38.5 44 2.4
      vertex -39 44.5 2.4
    endloop
  endfacet
  facet normal 0 0 1
    outer loop
      vertex -39 -4.5 2.4
      vertex -35.5 41.5 2.4
      vertex -38.5 44 2.4
    endloop
  endfacet
  facet normal 0 0 1
    outer loop
      vertex -32 3 2.4
      vertex 37.5 3.5 2.4
      vertex -32 37 2.4
    endloop
  endfacet
  facet normal 0 0 1
    outer loop
      vertex -39 44.5 2.4
      vertex -38.5 44 2.4
      vertex -38.5 49 2.4
    endloop
  endfacet
  facet normal 0 0 1
    outer loop
      vertex -39 44.5 2.4
      vertex -38.5 49 2.4
      vertex -39 48.5 2.4
    endloop
  endfacet
  facet normal 0 0 1
    outer loop
      vertex -32.5 41.5 2.4
      vertex -38.5 44 2.4
      vertex -35.5 41.5 2.4
    endloop
  endfacet
  facet normal 0 0 1
    outer loop
      vertex -32.5 41.5 2.4
      vertex -35.5 44 2.4
      vertex -38.5 44 2.4
    endloop
  endfacet
  facet normal 0 0 1
    outer loop
      vertex -32 37 2.4
      vertex -32 41 2.4
      vertex -32.5 36.5 2.4
    endloop
  endfacet
  facet normal 0 0 1
    outer loop
      vertex -32 41 2.4
      vertex -32.5 41.5 2.4
      vertex -32.5 36.5 2.4
    endloop
  endfacet
  facet normal 0 0 1
    outer loop
      vertex -67.62836140246614 61.25194970290474 2.4
      vertex 67.62836140246614 61.25194970290474 2.4
      vertex -67.50222252113281 61.623542864692446 2.4
    endloop
  endfacet
  facet normal 0 0 1
    outer loop
      vertex -67.50222252113281 61.623542864692446 2.4
      vertex 67.50222252113281 61.623542864692446 2.4
      vertex -67.42566541587857 62.008421423339854 2.4
    endloop
  endfacet
  facet normal 0 0 1
    outer loop
      vertex -67.42566541587857 62.008421423339854 2.4
      vertex 67.42566541587857 62.008421423339854 2.4
      vertex -67.4 62.400000000000006 2.4
    endloop
  endfacet
  facet normal 0 0 1
    outer loop
      vertex -67.4 62.400000000000006 2.4
      vertex 67.4 62.400000000000006 2.4
      vertex -67.42566541587857 62.79157857666016 2.4
    endloop
  endfacet
  facet normal 0 0 1
    outer loop
      vertex -67.42566541587857 62.79157857666016 2.4
      vertex 67.42566541587857 62.79157857666016 2.4
      vertex -67.50222252113281 63.176457135307565 2.4
    endloop
  endfacet
  facet normal 0 0 1
    outer loop
      vertex -67.50222252113281 63.176457135307565 2.4
      vertex 67.50222252113281 63.176457135307565 2.4
      vertex -67.62836140246614 63.54805029709527 2.4
    endloop
  endfacet
  facet normal 0 0 1
    outer loop
      vertex -67.62836140246614 63.54805029709527 2.4
      vertex 67.62836140246614 63.54805029709527 2.4
      vertex -67.80192378864669 63.900000000000006 2.4
    endloop
  endfacet
  facet normal 0 0 1
    outer loop
      vertex -68.0199399791263 64.22628428702616 2.4
      vertex -67.80192378864669 63.900000000000006 2.4
      vertex 67.80192378864669 63.900000000000006 2.4
    endloop
  endfacet
  facet normal 0 0 1
    outer loop
      vertex -68.0199399791263 64.22628428702616 2.4
      vertex 68.0199399791263 64.22628428702616 2.4
      vertex -68.27867965644036 64.52132034355965 2.4
    endloop
  endfacet
  facet normal 0 0 1
    outer loop
      vertex -68.57371571297385 64.7800600208737 2.4
      vertex -68.27867965644036 64.52132034355965 2.4
      vertex 68.27867965644036 64.52132034355965 2.4
    endloop
  endfacet
  facet normal 0 0 1
    outer loop
      vertex -68.9 64.99807621135332 2.4
      vertex -68.57371571297385 64.7800600208737 2.4
      vertex 68.57371571297385 64.7800600208737 2.4
    endloop
  endfacet
  facet normal 0 0 1
    outer loop
      vertex -68.9 64.99807621135332 2.4
      vertex 68.9039010574673 65 2.4
      vertex -68.9039010574673 65 2.4
    endloop
  endfacet
  facet normal 0 0 1
    outer loop
      vertex -32 41 2.4
      vertex 37.5 41.5 2.4
      vertex -32.5 41.5 2.4
    endloop
  endfacet
  facet normal 0 0 1
    outer loop
      vertex 37.5 41.5 2.4
      vertex -35.5 44 2.4
      vertex -32.5 41.5 2.4
    endloop
  endfacet
  facet normal 0 0 1
    outer loop
      vertex -67.62836140246614 61.25194970290474 2.4
      vertex -35.5 49 2.4
      vertex 67.62836140246614 61.25194970290474 2.4
    endloop
  endfacet
  facet normal 0 0 1
    outer loop
      vertex 67.62836140246614 61.25194970290474 2.4
      vertex -35.5 49 2.4
      vertex -35.5 44 2.4
    endloop
  endfacet
  facet normal 0 -1 0
    outer loop
      vertex -68.9039010574673 65 2.4
      vertex 68.9039010574673 65 2.4
      vertex -42 65 9.399999999999999
    endloop
  endfacet
  facet normal 1 0 0
    outer loop
      vertex -73 -60.903901057467294 32.4
      vertex -73 60.903901057467294 2.4
      vertex -73 60.903901057467294 32.4
    endloop
  endfacet
  facet normal 1 0 0
    outer loop
      vertex -73 64.39999999850988 2.4
      vertex -73 64.39999999850988 32.4
      vertex -73 63.89609894253272 32.4
    endloop
  endfacet
  facet normal 0.9978589216071185 -0.06540315412178903 0
    outer loop
      vertex -73 64.39999999850988 2.4
      vertex -72.99486691504717 64.47831571102142 32.4
      vertex -73 64.39999999850988 32.4
    endloop
  endfacet
  facet normal 0.9469301242576152 -0.3214394807323106 0
    outer loop
      vertex -72.97955549508333 64.55529142916203 2.4
      vertex -72.95432771742344 64.62961006164551 32.4
      vertex -72.97955549508333 64.55529142916203 32.4
    endloop
  endfacet
  facet normal 0.9807852861623684 -0.19509029306298437 0
    outer loop
      vertex -72.99486691504717 64.47831571102142 2.4
      vertex -72.97955549508333 64.55529142916203 32.4
      vertex -72.99486691504717 64.47831571102142 32.4
    endloop
  endfacet
  facet normal 0.8314696617280481 -0.5555701590491026 0
    outer loop
      vertex -72.91961523890495 64.69999999552965 2.4
      vertex -72.8760120049119 64.76525685936213 32.4
      vertex -72.91961523890495 64.69999999552965 32.4
    endloop
  endfacet
  facet normal 0.8968727183595742 -0.4422887372094249 0
    outer loop
      vertex -72.95432771742344 64.62961006164551 2.4
      vertex -72.91961523890495 64.69999999552965 32.4
      vertex -72.95432771742344 64.62961006164551 32.4
    endloop
  endfacet
  facet normal 0.7518397412332603 -0.6593458906388242 0
    outer loop
      vertex -72.8760120049119 64.76525685936213 2.4
      vertex -72.82426406443119 64.82426406443119 32.4
      vertex -72.8760120049119 64.76525685936213 32.4
    endloop
  endfacet
  facet normal 0.6593458906388242 -0.7518397412332603 0
    outer loop
      vertex -72.82426406443119 64.82426406443119 2.4
      vertex -72.76525685936213 64.8760120049119 32.4
      vertex -72.82426406443119 64.82426406443119 32.4
    endloop
  endfacet
  facet normal 0.5555701590491026 -0.8314696617280481 0
    outer loop
      vertex -72.76525685936213 64.8760120049119 2.4
      vertex -72.69999999552965 64.91961523890495 32.4
      vertex -72.76525685936213 64.8760120049119 32.4
    endloop
  endfacet
  facet normal 0.3214394807323106 -0.9469301242576152 0
    outer loop
      vertex -72.62961006164551 64.95432771742344 2.4
      vertex -72.55529142916203 64.97955549508333 32.4
      vertex -72.62961006164551 64.95432771742344 32.4
    endloop
  endfacet
  facet normal 0.4422887372094249 -0.8968727183595742 0
    outer loop
      vertex -72.69999999552965 64.91961523890495 2.4
      vertex -72.62961006164551 64.95432771742344 32.4
      vertex -72.69999999552965 64.91961523890495 32.4
    endloop
  endfacet
  facet normal 0.19509029306298437 -0.9807852861623684 0
    outer loop
      vertex -72.55529142916203 64.97955549508333 2.4
      vertex -72.47831571102142 64.99486691504717 32.4
      vertex -72.55529142916203 64.97955549508333 32.4
    endloop
  endfacet
  facet normal 0.06540315412178903 -0.9978589216071185 0
    outer loop
      vertex -72.47831571102142 64.99486691504717 2.4
      vertex -72.39999999850988 65 32.4
      vertex -72.47831571102142 64.99486691504717 32.4
    endloop
  endfacet
  facet normal 0 -1 0
    outer loop
      vertex -71.89609894253272 65 2.4
      vertex -71.89609894253272 65 32.4
      vertex -72.39999999850988 65 32.4
    endloop
  endfacet
  facet normal 0 -1 0
    outer loop
      vertex -68.9039010574673 65 32.4
      vertex -66 65 9.399999999999999
      vertex -66 65 32.4
    endloop
  endfacet
  facet normal 0 -1 0
    outer loop
      vertex 68.9039010574673 65 32.4
      vertex -42 65 32.4
      vertex -42 65 9.399999999999999
    endloop
  endfacet
  facet normal 0 0 1
    outer loop
      vertex -67.62836140246614 -61.25194970290474 2.4
      vertex 67.62836140246614 -61.25194970290474 2.4
      vertex 18.5 -59.5 2.4
    endloop
  endfacet
  facet normal 0 0 1
    outer loop
      vertex 15 -59 2.4
      vertex 15.5 -59.5 2.4
      vertex 15.5 -54.5 2.4
    endloop
  endfacet
  facet normal 0 0 1
    outer loop
      vertex 15 -59 2.4
      vertex 15.5 -54.5 2.4
      vertex 15 -55 2.4
    endloop
  endfacet
  facet normal 0 0 1
    outer loop
      vertex 15 -55 2.4
      vertex 15.5 -54.5 2.4
      vertex 15.5 -31.5 2.4
    endloop
  endfacet
  facet normal 0 0 1
    outer loop
      vertex 15.5 -31.5 2.4
      vertex 15.5 -54.5 2.4
      vertex 18.5 -54.5 2.4
    endloop
  endfacet
  facet normal 0 0 1
    outer loop
      vertex 15 -55 2.4
      vertex 15.5 -31.5 2.4
      vertex 15.5 -26.5 2.4
    endloop
  endfacet
  facet normal 0 0 1
    outer loop
      vertex 15 -55 2.4
      vertex 15.5 -26.5 2.4
      vertex 15 -31 2.4
    endloop
  endfacet
  facet normal 0 0 1
    outer loop
      vertex -68.9039010574673 -65 2.4
      vertex 68.9039010574673 -65 2.4
      vertex 68.9 -64.99807621135332 2.4
    endloop
  endfacet
  facet normal 0 0 1
    outer loop
      vertex -68.57371571297385 -64.7800600208737 2.4
      vertex 68.9 -64.99807621135332 2.4
      vertex 68.57371571297385 -64.7800600208737 2.4
    endloop
  endfacet
  facet normal 0 0 1
    outer loop
      vertex -68.27867965644036 -64.52132034355965 2.4
      vertex 68.57371571297385 -64.7800600208737 2.4
      vertex 68.27867965644036 -64.52132034355965 2.4
    endloop
  endfacet
  facet normal 0 0 1
    outer loop
      vertex -68.0199399791263 -64.22628428702616 2.4
      vertex 68.27867965644036 -64.52132034355965 2.4
      vertex 68.0199399791263 -64.22628428702616 2.4
    endloop
  endfacet
  facet normal 0 0 1
    outer loop
      vertex -67.80192378864669 -63.900000000000006 2.4
      vertex 68.0199399791263 -64.22628428702616 2.4
      vertex 67.80192378864669 -63.900000000000006 2.4
    endloop
  endfacet
  facet normal 0 0 1
    outer loop
      vertex -67.62836140246614 -63.54805029709527 2.4
      vertex 67.80192378864669 -63.900000000000006 2.4
      vertex 67.62836140246614 -63.54805029709527 2.4
    endloop
  endfacet
  facet normal 0 0 1
    outer loop
      vertex -67.50222252113281 -63.176457135307565 2.4
      vertex 67.62836140246614 -63.54805029709527 2.4
      vertex 67.50222252113281 -63.176457135307565 2.4
    endloop
  endfacet
  facet normal 0 0 1
    outer loop
      vertex -67.42566541587857 -62.79157857666016 2.4
      vertex 67.50222252113281 -63.176457135307565 2.4
      vertex 67.42566541587857 -62.79157857666016 2.4
    endloop
  endfacet
  facet normal 0 0 1
    outer loop
      vertex -67.4 -62.400000000000006 2.4
      vertex 67.42566541587857 -62.79157857666016 2.4
      vertex 67.4 -62.400000000000006 2.4
    endloop
  endfacet
  facet normal 0 0 1
    outer loop
      vertex -67.42566541587857 -62.008421423339854 2.4
      vertex 67.4 -62.400000000000006 2.4
      vertex 67.42566541587857 -62.008421423339854 2.4
    endloop
  endfacet
  facet normal 0 0 1
    outer loop
      vertex -67.50222252113281 -61.623542864692446 2.4
      vertex 67.42566541587857 -62.008421423339854 2.4
      vertex 67.50222252113281 -61.623542864692446 2.4
    endloop
  endfacet
  facet normal 0 0 1
    outer loop
      vertex -67.62836140246614 -61.25194970290474 2.4
      vertex 67.50222252113281 -61.623542864692446 2.4
      vertex 67.62836140246614 -61.25194970290474 2.4
    endloop
  endfacet
  facet normal 0 0 1
    outer loop
      vertex 67.62836140246614 -61.25194970290474 2.4
      vertex 18.5 -54.5 2.4
      vertex 18.5 -59.5 2.4
    endloop
  endfacet
  facet normal 0 0 1
    outer loop
      vertex 67.62836140246614 -61.25194970290474 2.4
      vertex 15.5 -31.5 2.4
      vertex 18.5 -54.5 2.4
    endloop
  endfacet
  facet normal 0 0 1
    outer loop
      vertex 67.62836140246614 -61.25194970290474 2.4
      vertex 18.5 -31.5 2.4
      vertex 15.5 -31.5 2.4
    endloop
  endfacet
  facet normal 0 1 0
    outer loop
      vertex -68.9039010574673 -65 2.4
      vertex 68.9039010574673 -65 32.4
      vertex 68.9039010574673 -65 2.4
    endloop
  endfacet
  facet normal 0 0 1
    outer loop
      vertex 15 -31 2.4
      vertex 15.5 -26.5 2.4
      vertex 15 -27 2.4
    endloop
  endfacet
  facet normal 0 0 1
    outer loop
      vertex -32 -1 2.4
      vertex 15 -27 2.4
      vertex 37.5 -1 2.4
    endloop
  endfacet
  facet normal 0 0 1
    outer loop
      vertex 15 -27 2.4
      vertex 15.5 -26.5 2.4
      vertex 37.5 -1.5 2.4
    endloop
  endfacet
  facet normal 0 0 1
    outer loop
      vertex 37.5 -1.5 2.4
      vertex 15.5 -26.5 2.4
      vertex 18.5 -26.5 2.4
    endloop
  endfacet
  facet normal 0 0 1
    outer loop
      vertex 18.5 -31.5 2.4
      vertex 37.5 -1.5 2.4
      vertex 18.5 -26.5 2.4
    endloop
  endfacet
  facet normal 0 0 1
    outer loop
      vertex 67.62836140246614 -61.25194970290474 2.4
      vertex 37.5 -1.5 2.4
      vertex 18.5 -31.5 2.4
    endloop
  endfacet
  facet normal 0 0 1
    outer loop
      vertex 15 -27 2.4
      vertex 37.5 -1.5 2.4
      vertex 37.5 -1 2.4
    endloop
  endfacet
  facet normal 0 0 1
    outer loop
      vertex 67.62836140246614 -61.25194970290474 2.4
      vertex 67.80192378864669 -60.900000000000006 2.4
      vertex 38.5 -1.5 2.4
    endloop
  endfacet
  facet normal 0 0 1
    outer loop
      vertex 67.80192378864669 -60.900000000000006 2.4
      vertex 68.0199399791263 -60.57371571297384 2.4
      vertex 38.5 -1.5 2.4
    endloop
  endfacet
  facet normal 0 0 1
    outer loop
      vertex 68.0199399791263 -60.57371571297384 2.4
      vertex 68.27867965644036 -60.27867965644036 2.4
      vertex 38.5 -1.5 2.4
    endloop
  endfacet
  facet normal 0 0 1
    outer loop
      vertex 68.27867965644036 -60.27867965644036 2.4
      vertex 68.57371571297385 -60.0199399791263 2.4
      vertex 38.5 -1.5 2.4
    endloop
  endfacet
  facet normal 0 0 1
    outer loop
      vertex 68.57371571297385 -60.0199399791263 2.4
      vertex 68.9 -59.80192378864669 2.4
      vertex 38.5 -1.5 2.4
    endloop
  endfacet
  facet normal 0 0 1
    outer loop
      vertex 68.9 -59.80192378864669 2.4
      vertex 69.25194970290474 -59.62836140246615 2.4
      vertex 38.5 -1.5 2.4
    endloop
  endfacet
  facet normal 0 0 1
    outer loop
      vertex 69.25194970290474 -59.62836140246615 2.4
      vertex 69.62354286469244 -59.5022225211328 2.4
      vertex 38.5 -1.5 2.4
    endloop
  endfacet
  facet normal 0 0 1
    outer loop
      vertex 69.62354286469244 -59.5022225211328 2.4
      vertex 70.00842142333985 -59.425665415878576 2.4
      vertex 38.5 -1.5 2.4
    endloop
  endfacet
  facet normal 0 0 1
    outer loop
      vertex 70.00842142333985 -59.425665415878576 2.4
      vertex 70.4 -59.400000000000006 2.4
      vertex 38.5 -1.5 2.4
    endloop
  endfacet
  facet normal 0 0 1
    outer loop
      vertex 70.4 -59.400000000000006 2.4
      vertex 70.79157857666016 -59.425665415878576 2.4
      vertex 38.5 -1.5 2.4
    endloop
  endfacet
  facet normal 0 0 1
    outer loop
      vertex 71.9 -64.99807621135332 2.4
      vertex 71.89609894253272 -65 2.4
      vertex 72.39999999850988 -65 2.4
    endloop
  endfacet
  facet normal 0 0 1
    outer loop
      vertex 71.9 -64.99807621135332 2.4
      vertex 72.39999999850988 -65 2.4
      vertex 72.22628428702616 -64.7800600208737 2.4
    endloop
  endfacet
  facet normal 0 0 1
    outer loop
      vertex 72.22628428702616 -64.7800600208737 2.4
      vertex 72.39999999850988 -65 2.4
      vertex 72.55529142916203 -64.97955549508333 2.4
    endloop
  endfacet
  facet normal 0 0 1
    outer loop
      vertex 72.22628428702616 -64.7800600208737 2.4
      vertex 72.55529142916203 -64.97955549508333 2.4
      vertex 72.62961006164551 -64.95432771742344 2.4
    endloop
  endfacet
  facet normal 0 0 1
    outer loop
      vertex 72.39999999850988 -65 2.4
      vertex 72.47831571102142 -64.99486691504717 2.4
      vertex 72.55529142916203 -64.97955549508333 2.4
    endloop
  endfacet
  facet normal 0 0 1
    outer loop
      vertex 72.22628428702616 -64.7800600208737 2.4
      vertex 72.62961006164551 -64.95432771742344 2.4
      vertex 72.69999999552965 -64.91961523890495 2.4
    endloop
  endfacet
  facet normal 0 0 1
    outer loop
      vertex 72.22628428702616 -64.7800600208737 2.4
      vertex 72.69999999552965 -64.91961523890495 2.4
      vertex 72.76525685936213 -64.8760120049119 2.4
    endloop
  endfacet
  facet normal 0 0 1
    outer loop
      vertex 72.22628428702616 -64.7800600208737 2.4
      vertex 72.76525685936213 -64.8760120049119 2.4
      vertex 72.82426406443119 -64.82426406443119 2.4
    endloop
  endfacet
  facet normal 0 0 1
    outer loop
      vertex 72.22628428702616 -64.7800600208737 2.4
      vertex 72.82426406443119 -64.82426406443119 2.4
      vertex 72.52132034355965 -64.52132034355965 2.4
    endloop
  endfacet
  facet normal 0 0 1
    outer loop
      vertex 72.82426406443119 -64.82426406443119 2.4
      vertex 72.8760120049119 -64.76525685936213 2.4
      vertex 72.52132034355965 -64.52132034355965 2.4
    endloop
  endfacet
  facet normal 0 0 1
    outer loop
      vertex 72.52132034355965 -64.52132034355965 2.4
      vertex 72.8760120049119 -64.76525685936213 2.4
      vertex 72.91961523890495 -64.69999999552965 2.4
    endloop
  endfacet
  facet normal 0 0 1
    outer loop
      vertex 72.52132034355965 -64.52132034355965 2.4
      vertex 72.91961523890495 -64.69999999552965 2.4
      vertex 72.95432771742344 -64.62961006164551 2.4
    endloop
  endfacet
  facet normal 0 0 1
    outer loop
      vertex 72.52132034355965 -64.52132034355965 2.4
      vertex 72.95432771742344 -64.62961006164551 2.4
      vertex 72.97955549508333 -64.55529142916203 2.4
    endloop
  endfacet
  facet normal 0 0 1
    outer loop
      vertex 72.52132034355965 -64.52132034355965 2.4
      vertex 72.97955549508333 -64.55529142916203 2.4
      vertex 72.7800600208737 -64.22628428702616 2.4
    endloop
  endfacet
  facet normal 0 0 1
    outer loop
      vertex 72.97955549508333 -64.55529142916203 2.4
      vertex 72.99486691504717 -64.47831571102142 2.4
      vertex 72.7800600208737 -64.22628428702616 2.4
    endloop
  endfacet
  facet normal 0 0 1
    outer loop
      vertex 72.99486691504717 -64.47831571102142 2.4
      vertex 73 -64.39999999850988 2.4
      vertex 72.7800600208737 -64.22628428702616 2.4
    endloop
  endfacet
  facet normal 0 0 1
    outer loop
      vertex 73 -64.39999999850988 2.4
      vertex 72.99807621135332 -63.900000000000006 2.4
      vertex 72.7800600208737 -64.22628428702616 2.4
    endloop
  endfacet
  facet normal 0 0 1
    outer loop
      vertex 73 -64.39999999850988 2.4
      vertex 73 -63.89609894253272 2.4
      vertex 72.99807621135332 -63.900000000000006 2.4
    endloop
  endfacet
  facet normal 0 0 1
    outer loop
      vertex 72.99807621135332 -60.900000000000006 2.4
      vertex 73 -60.903901057467294 2.4
      vertex 73 -45.00000004546951 2.4
    endloop
  endfacet
  facet normal 0 0 1
    outer loop
      vertex 72.99807621135332 -60.900000000000006 2.4
      vertex 73 -45.00000004546951 2.4
      vertex 72.99999999701977 -45 2.4
    endloop
  endfacet
  facet normal -1 0 0
    outer loop
      vertex 73 -60.903901057467294 2.4
      vertex 73 -45.00000004546951 4
      vertex 73 -45.00000004546951 2.4
    endloop
  endfacet
  facet normal 0 0 1
    outer loop
      vertex 72.99807621135332 -60.900000000000006 2.4
      vertex 72.99999999701977 -45 2.4
      vertex 72.99999999701977 -35 2.4
    endloop
  endfacet
  facet normal 0 0 1
    outer loop
      vertex 70.79157857666016 -59.425665415878576 2.4
      vertex 71.17645713530757 -59.5022225211328 2.4
      vertex 71 -1 2.4
    endloop
  endfacet
  facet normal 0 0 1
    outer loop
      vertex 71.54805029709527 -59.62836140246615 2.4
      vertex 71.9 -59.80192378864669 2.4
      vertex 71.5 -1.5 2.4
    endloop
  endfacet
  facet normal 0 0 1
    outer loop
      vertex 71.17645713530757 -59.5022225211328 2.4
      vertex 71.54805029709527 -59.62836140246615 2.4
      vertex 71.5 -1.5 2.4
    endloop
  endfacet
  facet normal 0 0 1
    outer loop
      vertex 72.22628428702616 -60.0199399791263 2.4
      vertex 72.52132034355965 -60.27867965644036 2.4
      vertex 71.5 -1.5 2.4
    endloop
  endfacet
  facet normal 0 0 1
    outer loop
      vertex 72.7800600208737 -60.57371571297384 2.4
      vertex 71.5 -1.5 2.4
      vertex 72.52132034355965 -60.27867965644036 2.4
    endloop
  endfacet
  facet normal 0 0 1
    outer loop
      vertex 71.9 -59.80192378864669 2.4
      vertex 72.22628428702616 -60.0199399791263 2.4
      vertex 71.5 -1.5 2.4
    endloop
  endfacet
  facet normal 0 0 1
    outer loop
      vertex 72.99807621135332 -60.900000000000006 2.4
      vertex 71.5 -1.5 2.4
      vertex 72.7800600208737 -60.57371571297384 2.4
    endloop
  endfacet
  facet normal 0 1 0
    outer loop
      vertex 71.89609894253272 -65 2.4
      vertex 72.39999999850988 -65 32.4
      vertex 72.39999999850988 -65 2.4
    endloop
  endfacet
  facet normal -0.06540315412178903 0.9978589216071185 0
    outer loop
      vertex 72.39999999850988 -65 2.4
      vertex 72.39999999850988 -65 32.4
      vertex 72.47831571102142 -64.99486691504717 2.4
    endloop
  endfacet
  facet normal -0.19509029306298437 0.9807852861623684 0
    outer loop
      vertex 72.47831571102142 -64.99486691504717 2.4
      vertex 72.47831571102142 -64.99486691504717 32.4
      vertex 72.55529142916203 -64.97955549508333 2.4
    endloop
  endfacet
  facet normal -0.3214394807323106 0.9469301242576152 0
    outer loop
      vertex 72.55529142916203 -64.97955549508333 2.4
      vertex 72.55529142916203 -64.97955549508333 32.4
      vertex 72.62961006164551 -64.95432771742344 2.4
    endloop
  endfacet
  facet normal -0.4422887372094249 0.8968727183595742 0
    outer loop
      vertex 72.62961006164551 -64.95432771742344 2.4
      vertex 72.62961006164551 -64.95432771742344 32.4
      vertex 72.69999999552965 -64.91961523890495 2.4
    endloop
  endfacet
  facet normal -0.5555701590491026 0.8314696617280481 0
    outer loop
      vertex 72.69999999552965 -64.91961523890495 2.4
      vertex 72.69999999552965 -64.91961523890495 32.4
      vertex 72.76525685936213 -64.8760120049119 2.4
    endloop
  endfacet
  facet normal -0.6593458906388242 0.7518397412332603 0
    outer loop
      vertex 72.76525685936213 -64.8760120049119 2.4
      vertex 72.76525685936213 -64.8760120049119 32.4
      vertex 72.82426406443119 -64.82426406443119 2.4
    endloop
  endfacet
  facet normal -0.7518397412332603 0.6593458906388242 0
    outer loop
      vertex 72.82426406443119 -64.82426406443119 2.4
      vertex 72.82426406443119 -64.82426406443119 32.4
      vertex 72.8760120049119 -64.76525685936213 2.4
    endloop
  endfacet
  facet normal -0.8314696617280481 0.5555701590491026 0
    outer loop
      vertex 72.8760120049119 -64.76525685936213 2.4
      vertex 72.8760120049119 -64.76525685936213 32.4
      vertex 72.91961523890495 -64.69999999552965 2.4
    endloop
  endfacet
  facet normal -0.8968727183595742 0.4422887372094249 0
    outer loop
      vertex 72.91961523890495 -64.69999999552965 2.4
      vertex 72.91961523890495 -64.69999999552965 32.4
      vertex 72.95432771742344 -64.62961006164551 2.4
    endloop
  endfacet
  facet normal -0.9469301242576152 0.3214394807323106 0
    outer loop
      vertex 72.95432771742344 -64.62961006164551 2.4
      vertex 72.95432771742344 -64.62961006164551 32.4
      vertex 72.97955549508333 -64.55529142916203 2.4
    endloop
  endfacet
  facet normal -0.9807852861623684 0.19509029306298437 0
    outer loop
      vertex 72.97955549508333 -64.55529142916203 2.4
      vertex 72.97955549508333 -64.55529142916203 32.4
      vertex 72.99486691504717 -64.47831571102142 2.4
    endloop
  endfacet
  facet normal -0.9978589216071185 0.06540315412178903 0
    outer loop
      vertex 72.99486691504717 -64.47831571102142 2.4
      vertex 72.99486691504717 -64.47831571102142 32.4
      vertex 73 -64.39999999850988 2.4
    endloop
  endfacet
  facet normal -1 0 0
    outer loop
      vertex 73 -64.39999999850988 2.4
      vertex 73 -63.89609894253272 32.4
      vertex 73 -63.89609894253272 2.4
    endloop
  endfacet
  facet normal 0 0 1
    outer loop
      vertex 67.62836140246614 -61.25194970290474 2.4
      vertex 38.5 -1.5 2.4
      vertex 37.5 -1.5 2.4
    endloop
  endfacet
  facet normal 0 0 1
    outer loop
      vertex 70.79157857666016 -59.425665415878576 2.4
      vertex 41.5 -1.5 2.4
      vertex 38.5 -1.5 2.4
    endloop
  endfacet
  facet normal 0 0 1
    outer loop
      vertex 70.79157857666016 -59.425665415878576 2.4
      vertex 71 -1 2.4
      vertex 41.5 -1.5 2.4
    endloop
  endfacet
  facet normal 0 0 1
    outer loop
      vertex 71 -1 2.4
      vertex 41.5 -1 2.4
      vertex 41.5 -1.5 2.4
    endloop
  endfacet
  facet normal 0 0 1
    outer loop
      vertex 72.99807621135332 -60.900000000000006 2.4
      vertex 72.99999999701977 -35 2.4
      vertex 71.5 -1.5 2.4
    endloop
  endfacet
  facet normal 0 0 1
    outer loop
      vertex 73 -34.99999995453049 2.4
      vertex 71.5 -1.5 2.4
      vertex 72.99999999701977 -35 2.4
    endloop
  endfacet
  facet normal -1 0 0
    outer loop
      vertex 73 -34.99999995453049 2.4
      vertex 73 -34.99999995453049 4
      vertex 73 -1.5 2.45
    endloop
  endfacet
  facet normal 0 0 1
    outer loop
      vertex 71.17645713530757 -59.5022225211328 2.4
      vertex 71 3 2.4
      vertex 71 -1 2.4
    endloop
  endfacet
  facet normal 0 0 1
    outer loop
      vertex 71.17645713530757 -59.5022225211328 2.4
      vertex 71.5 -1.5 2.4
      vertex 71.5 3.5 2.4
    endloop
  endfacet
  facet normal 0 0 1
    outer loop
      vertex 73 -34.99999995453049 2.4
      vertex 73 -1.5 2.4
      vertex 71.5 -1.5 2.4
    endloop
  endfacet
  facet normal -1 0 0
    outer loop
      vertex 73 -34.99999995453049 2.4
      vertex 73 -1.5 2.45
      vertex 73 -1.5 2.4
    endloop
  endfacet
  facet normal -1 0 0
    outer loop
      vertex 73 -34.99999995453049 4
      vertex 73 3.5 2.45
      vertex 73 -1.5 2.45
    endloop
  endfacet
  facet normal 0 0 1
    outer loop
      vertex 71.17645713530757 -59.5022225211328 2.4
      vertex 71.5 3.5 2.4
      vertex 71.5 36.5 2.4
    endloop
  endfacet
  facet normal -1 0 0
    outer loop
      vertex 73 -60.903901057467294 2.4
      vertex 73 60.903901057467294 32.4
      vertex 73 -45.00000004546951 4
    endloop
  endfacet
  facet normal -1 0 0
    outer loop
      vertex 73 -45.00000004546951 4
      vertex 73 60.903901057467294 32.4
      vertex 73 -34.99999995453049 4
    endloop
  endfacet
  facet normal 0 1 0
    outer loop
      vertex 71.89609894253272 -65 2.4
      vertex 71.89609894253272 -65 32.4
      vertex 72.39999999850988 -65 32.4
    endloop
  endfacet
  facet normal -0.06540315412178903 0.9978589216071185 0
    outer loop
      vertex 72.47831571102142 -64.99486691504717 2.4
      vertex 72.39999999850988 -65 32.4
      vertex 72.47831571102142 -64.99486691504717 32.4
    endloop
  endfacet
  facet normal -0.19509029306298437 0.9807852861623684 0
    outer loop
      vertex 72.55529142916203 -64.97955549508333 2.4
      vertex 72.47831571102142 -64.99486691504717 32.4
      vertex 72.55529142916203 -64.97955549508333 32.4
    endloop
  endfacet
  facet normal -0.3214394807323106 0.9469301242576152 0
    outer loop
      vertex 72.62961006164551 -64.95432771742344 2.4
      vertex 72.55529142916203 -64.97955549508333 32.4
      vertex 72.62961006164551 -64.95432771742344 32.4
    endloop
  endfacet
  facet normal -0.4422887372094249 0.8968727183595742 0
    outer loop
      vertex 72.69999999552965 -64.91961523890495 2.4
      vertex 72.62961006164551 -64.95432771742344 32.4
      vertex 72.69999999552965 -64.91961523890495 32.4
    endloop
  endfacet
  facet normal -0.5555701590491026 0.8314696617280481 0
    outer loop
      vertex 72.76525685936213 -64.8760120049119 2.4
      vertex 72.69999999552965 -64.91961523890495 32.4
      vertex 72.76525685936213 -64.8760120049119 32.4
    endloop
  endfacet
  facet normal -0.6593458906388242 0.7518397412332603 0
    outer loop
      vertex 72.82426406443119 -64.82426406443119 2.4
      vertex 72.76525685936213 -64.8760120049119 32.4
      vertex 72.82426406443119 -64.82426406443119 32.4
    endloop
  endfacet
  facet normal -0.7518397412332603 0.6593458906388242 0
    outer loop
      vertex 72.8760120049119 -64.76525685936213 2.4
      vertex 72.82426406443119 -64.82426406443119 32.4
      vertex 72.8760120049119 -64.76525685936213 32.4
    endloop
  endfacet
  facet normal -0.8314696617280481 0.5555701590491026 0
    outer loop
      vertex 72.91961523890495 -64.69999999552965 2.4
      vertex 72.8760120049119 -64.76525685936213 32.4
      vertex 72.91961523890495 -64.69999999552965 32.4
    endloop
  endfacet
  facet normal -0.8968727183595742 0.4422887372094249 0
    outer loop
      vertex 72.95432771742344 -64.62961006164551 2.4
      vertex 72.91961523890495 -64.69999999552965 32.4
      vertex 72.95432771742344 -64.62961006164551 32.4
    endloop
  endfacet
  facet normal -0.9469301242576152 0.3214394807323106 0
    outer loop
      vertex 72.97955549508333 -64.55529142916203 2.4
      vertex 72.95432771742344 -64.62961006164551 32.4
      vertex 72.97955549508333 -64.55529142916203 32.4
    endloop
  endfacet
  facet normal -0.9807852861623684 0.19509029306298437 0
    outer loop
      vertex 72.99486691504717 -64.47831571102142 2.4
      vertex 72.97955549508333 -64.55529142916203 32.4
      vertex 72.99486691504717 -64.47831571102142 32.4
    endloop
  endfacet
  facet normal -0.9978589216071185 0.06540315412178903 0
    outer loop
      vertex 73 -64.39999999850988 2.4
      vertex 72.99486691504717 -64.47831571102142 32.4
      vertex 73 -64.39999999850988 32.4
    endloop
  endfacet
  facet normal -1 0 0
    outer loop
      vertex 73 -64.39999999850988 2.4
      vertex 73 -64.39999999850988 32.4
      vertex 73 -63.89609894253272 32.4
    endloop
  endfacet
  facet normal -1 0 0
    outer loop
      vertex 73 -60.903901057467294 2.4
      vertex 73 -60.903901057467294 32.4
      vertex 73 60.903901057467294 32.4
    endloop
  endfacet
  facet normal 0 0 1
    outer loop
      vertex -32 3 2.4
      vertex 37.5 3 2.4
      vertex 37.5 3.5 2.4
    endloop
  endfacet
  facet normal 0 0 1
    outer loop
      vertex -32 37 2.4
      vertex 37.5 3.5 2.4
      vertex 37.5 36.5 2.4
    endloop
  endfacet
  facet normal 0 0 1
    outer loop
      vertex 37.5 3.5 2.4
      vertex 38.5 3.5 2.4
      vertex 37.5 36.5 2.4
    endloop
  endfacet
  facet normal 0 0 1
    outer loop
      vertex 41.5 3.5 2.4
      vertex 38.5 36.5 2.4
      vertex 38.5 3.5 2.4
    endloop
  endfacet
  facet normal 0 0 1
    outer loop
      vertex 38.5 3.5 2.4
      vertex 38.5 36.5 2.4
      vertex 37.5 36.5 2.4
    endloop
  endfacet
  facet normal 0 0 1
    outer loop
      vertex -32 37 2.4
      vertex 37.5 36.5 2.4
      vertex 37.5 37 2.4
    endloop
  endfacet
  facet normal 0 0 1
    outer loop
      vertex -32 41 2.4
      vertex 37.5 41 2.4
      vertex 37.5 41.5 2.4
    endloop
  endfacet
  facet normal 0 0 1
    outer loop
      vertex -35.5 44 2.4
      vertex 37.5 41.5 2.4
      vertex 38.5 41.5 2.4
    endloop
  endfacet
  facet normal 0 0 1
    outer loop
      vertex -35.5 44 2.4
      vertex 38.5 41.5 2.4
      vertex 41.5 41.5 2.4
    endloop
  endfacet
  facet normal 0 0 1
    outer loop
      vertex 71 41 2.4
      vertex -35.5 44 2.4
      vertex 41.5 41.5 2.4
    endloop
  endfacet
  facet normal 0 0 1
    outer loop
      vertex 71 41 2.4
      vertex 67.62836140246614 61.25194970290474 2.4
      vertex -35.5 44 2.4
    endloop
  endfacet
  facet normal 0 0 1
    outer loop
      vertex -67.42566541587857 62.008421423339854 2.4
      vertex 67.50222252113281 61.623542864692446 2.4
      vertex 67.42566541587857 62.008421423339854 2.4
    endloop
  endfacet
  facet normal 0 0 1
    outer loop
      vertex -67.50222252113281 61.623542864692446 2.4
      vertex 67.62836140246614 61.25194970290474 2.4
      vertex 67.50222252113281 61.623542864692446 2.4
    endloop
  endfacet
  facet normal 0 0 1
    outer loop
      vertex -67.4 62.400000000000006 2.4
      vertex 67.42566541587857 62.008421423339854 2.4
      vertex 67.4 62.400000000000006 2.4
    endloop
  endfacet
  facet normal 0 0 1
    outer loop
      vertex -67.42566541587857 62.79157857666016 2.4
      vertex 67.4 62.400000000000006 2.4
      vertex 67.42566541587857 62.79157857666016 2.4
    endloop
  endfacet
  facet normal 0 0 1
    outer loop
      vertex -67.50222252113281 63.176457135307565 2.4
      vertex 67.42566541587857 62.79157857666016 2.4
      vertex 67.50222252113281 63.176457135307565 2.4
    endloop
  endfacet
  facet normal 0 0 1
    outer loop
      vertex -67.62836140246614 63.54805029709527 2.4
      vertex 67.50222252113281 63.176457135307565 2.4
      vertex 67.62836140246614 63.54805029709527 2.4
    endloop
  endfacet
  facet normal 0 0 1
    outer loop
      vertex -67.80192378864669 63.900000000000006 2.4
      vertex 67.62836140246614 63.54805029709527 2.4
      vertex 67.80192378864669 63.900000000000006 2.4
    endloop
  endfacet
  facet normal 0 0 1
    outer loop
      vertex -68.0199399791263 64.22628428702616 2.4
      vertex 67.80192378864669 63.900000000000006 2.4
      vertex 68.0199399791263 64.22628428702616 2.4
    endloop
  endfacet
  facet normal 0 0 1
    outer loop
      vertex -68.27867965644036 64.52132034355965 2.4
      vertex 68.0199399791263 64.22628428702616 2.4
      vertex 68.27867965644036 64.52132034355965 2.4
    endloop
  endfacet
  facet normal 0 0 1
    outer loop
      vertex -68.57371571297385 64.7800600208737 2.4
      vertex 68.27867965644036 64.52132034355965 2.4
      vertex 68.57371571297385 64.7800600208737 2.4
    endloop
  endfacet
  facet normal 0 0 1
    outer loop
      vertex -68.9 64.99807621135332 2.4
      vertex 68.57371571297385 64.7800600208737 2.4
      vertex 68.9 64.99807621135332 2.4
    endloop
  endfacet
  facet normal 0 0 1
    outer loop
      vertex -68.9 64.99807621135332 2.4
      vertex 68.9 64.99807621135332 2.4
      vertex 68.9039010574673 65 2.4
    endloop
  endfacet
  facet normal 0 -1 0
    outer loop
      vertex 68.9039010574673 65 2.4
      vertex 68.9039010574673 65 32.4
      vertex -42 65 9.399999999999999
    endloop
  endfacet
  facet normal 0 0 1
    outer loop
      vertex 71 3 2.4
      vertex 41.5 3.5 2.4
      vertex 41.5 3 2.4
    endloop
  endfacet
  facet normal 0 0 1
    outer loop
      vertex 71 3 2.4
      vertex 38.5 36.5 2.4
      vertex 41.5 3.5 2.4
    endloop
  endfacet
  facet normal 0 0 1
    outer loop
      vertex 71 3 2.4
      vertex 41.5 36.5 2.4
      vertex 38.5 36.5 2.4
    endloop
  endfacet
  facet normal 0 0 1
    outer loop
      vertex 71 3 2.4
      vertex 71 37 2.4
      vertex 41.5 36.5 2.4
    endloop
  endfacet
  facet normal 0 0 1
    outer loop
      vertex 71.17645713530757 -59.5022225211328 2.4
      vertex 71.17645713530757 59.5022225211328 2.4
      vertex 71 3 2.4
    endloop
  endfacet
  facet normal -1 0 0
    outer loop
      vertex 73 -34.99999995453049 4
      vertex 73 36.5 2.45
      vertex 73 3.5 2.45
    endloop
  endfacet
  facet normal 0 0 1
    outer loop
      vertex 71.17645713530757 -59.5022225211328 2.4
      vertex 71.5 36.5 2.4
      vertex 71.5 41.5 2.4
    endloop
  endfacet
  facet normal 0 0 1
    outer loop
      vertex 71.17645713530757 -59.5022225211328 2.4
      vertex 71.5 41.5 2.4
      vertex 71.54805029709527 59.62836140246615 2.4
    endloop
  endfacet
  facet normal 0 0 1
    outer loop
      vertex 73 3.5 2.4
      vertex 71.5 36.5 2.4
      vertex 71.5 3.5 2.4
    endloop
  endfacet
  facet normal -1 0 0
    outer loop
      vertex 73 3.5 2.4
      vertex 73 3.5 2.45
      vertex 73 36.5 2.45
    endloop
  endfacet
  facet normal -1 0 0
    outer loop
      vertex 73 -34.99999995453049 4
      vertex 73 41.5 2.45
      vertex 73 36.5 2.45
    endloop
  endfacet
  facet normal 0 0 1
    outer loop
      vertex 71.17645713530757 -59.5022225211328 2.4
      vertex 71.54805029709527 59.62836140246615 2.4
      vertex 71.17645713530757 59.5022225211328 2.4
    endloop
  endfacet
  facet normal -1 0 0
    outer loop
      vertex 73 -34.99999995453049 4
      vertex 73 60.903901057467294 2.4
      vertex 73 41.5 2.45
    endloop
  endfacet
  facet normal 0 0 1
    outer loop
      vertex 71.5 36.5 2.4
      vertex 73 3.5 2.4
      vertex 73 36.5 2.4
    endloop
  endfacet
  facet normal -1 0 0
    outer loop
      vertex 73 3.5 2.4
      vertex 73 36.5 2.45
      vertex 73 36.5 2.4
    endloop
  endfacet
  facet normal 0 0 1
    outer loop
      vertex 71 3 2.4
      vertex 71.17645713530757 59.5022225211328 2.4
      vertex 71 37 2.4
    endloop
  endfacet
  facet normal -1 0 0
    outer loop
      vertex 73 -34.99999995453049 4
      vertex 73 60.903901057467294 32.4
      vertex 73 60.903901057467294 2.4
    endloop
  endfacet
  facet normal 0 0 1
    outer loop
      vertex 71 37 2.4
      vertex 41.5 37 2.4
      vertex 41.5 36.5 2.4
    endloop
  endfacet
  facet normal 0 0 1
    outer loop
      vertex 71 41 2.4
      vertex 41.5 41.5 2.4
      vertex 41.5 41 2.4
    endloop
  endfacet
  facet normal 0 0 1
    outer loop
      vertex 71 37 2.4
      vertex 71.17645713530757 59.5022225211328 2.4
      vertex 71 41 2.4
    endloop
  endfacet
  facet normal 0 0 1
    outer loop
      vertex 71.54805029709527 59.62836140246615 2.4
      vertex 71.5 41.5 2.4
      vertex 73 41.5 2.4
    endloop
  endfacet
  facet normal -1 0 0
    outer loop
      vertex 73 60.903901057467294 2.4
      vertex 73 41.5 2.4
      vertex 73 41.5 2.45
    endloop
  endfacet
  facet normal 0 0 1
    outer loop
      vertex 71 41 2.4
      vertex 68.9 59.80192378864669 2.4
      vertex 68.57371571297385 60.0199399791263 2.4
    endloop
  endfacet
  facet normal 0 0 1
    outer loop
      vertex 71 41 2.4
      vertex 68.0199399791263 60.57371571297384 2.4
      vertex 67.80192378864669 60.900000000000006 2.4
    endloop
  endfacet
  facet normal 0 0 1
    outer loop
      vertex 71 41 2.4
      vertex 67.80192378864669 60.900000000000006 2.4
      vertex 67.62836140246614 61.25194970290474 2.4
    endloop
  endfacet
  facet normal 0 0 1
    outer loop
      vertex 71 41 2.4
      vertex 68.27867965644036 60.27867965644036 2.4
      vertex 68.0199399791263 60.57371571297384 2.4
    endloop
  endfacet
  facet normal 0 0 1
    outer loop
      vertex 71 41 2.4
      vertex 68.57371571297385 60.0199399791263 2.4
      vertex 68.27867965644036 60.27867965644036 2.4
    endloop
  endfacet
  facet normal 0 0 1
    outer loop
      vertex 71 41 2.4
      vertex 69.62354286469244 59.5022225211328 2.4
      vertex 69.25194970290474 59.62836140246615 2.4
    endloop
  endfacet
  facet normal 0 0 1
    outer loop
      vertex 71 41 2.4
      vertex 69.25194970290474 59.62836140246615 2.4
      vertex 68.9 59.80192378864669 2.4
    endloop
  endfacet
  facet normal 0 0 1
    outer loop
      vertex 71 41 2.4
      vertex 70.00842142333985 59.425665415878576 2.4
      vertex 69.62354286469244 59.5022225211328 2.4
    endloop
  endfacet
  facet normal 0 0 1
    outer loop
      vertex 71 41 2.4
      vertex 70.4 59.400000000000006 2.4
      vertex 70.00842142333985 59.425665415878576 2.4
    endloop
  endfacet
  facet normal 0 0 1
    outer loop
      vertex 71 41 2.4
      vertex 70.79157857666016 59.425665415878576 2.4
      vertex 70.4 59.400000000000006 2.4
    endloop
  endfacet
  facet normal 0 0 1
    outer loop
      vertex 71 41 2.4
      vertex 71.17645713530757 59.5022225211328 2.4
      vertex 70.79157857666016 59.425665415878576 2.4
    endloop
  endfacet
  facet normal 0 0 1
    outer loop
      vertex 71.54805029709527 59.62836140246615 2.4
      vertex 73 41.5 2.4
      vertex 71.9 59.80192378864669 2.4
    endloop
  endfacet
  facet normal 0 0 1
    outer loop
      vertex 71.9 59.80192378864669 2.4
      vertex 73 41.5 2.4
      vertex 72.22628428702616 60.0199399791263 2.4
    endloop
  endfacet
  facet normal 0 0 1
    outer loop
      vertex 72.22628428702616 60.0199399791263 2.4
      vertex 73 41.5 2.4
      vertex 72.52132034355965 60.27867965644036 2.4
    endloop
  endfacet
  facet normal 0 0 1
    outer loop
      vertex 72.52132034355965 60.27867965644036 2.4
      vertex 73 41.5 2.4
      vertex 72.7800600208737 60.57371571297384 2.4
    endloop
  endfacet
  facet normal 0 0 1
    outer loop
      vertex 72.7800600208737 60.57371571297384 2.4
      vertex 73 41.5 2.4
      vertex 72.99807621135332 60.900000000000006 2.4
    endloop
  endfacet
  facet normal 0 0 1
    outer loop
      vertex 72.99807621135332 60.900000000000006 2.4
      vertex 73 41.5 2.4
      vertex 73 60.903901057467294 2.4
    endloop
  endfacet
  facet normal 0 0 1
    outer loop
      vertex 71.9 64.99807621135332 2.4
      vertex 72.39999999850988 65 2.4
      vertex 71.89609894253272 65 2.4
    endloop
  endfacet
  facet normal 0 0 1
    outer loop
      vertex 71.9 64.99807621135332 2.4
      vertex 72.22628428702616 64.7800600208737 2.4
      vertex 72.82426406443119 64.82426406443119 2.4
    endloop
  endfacet
  facet normal 0 0 1
    outer loop
      vertex 71.9 64.99807621135332 2.4
      vertex 72.47831571102142 64.99486691504717 2.4
      vertex 72.39999999850988 65 2.4
    endloop
  endfacet
  facet normal 0 0 1
    outer loop
      vertex 71.9 64.99807621135332 2.4
      vertex 72.62961006164551 64.95432771742344 2.4
      vertex 72.55529142916203 64.97955549508333 2.4
    endloop
  endfacet
  facet normal 0 0 1
    outer loop
      vertex 71.9 64.99807621135332 2.4
      vertex 72.55529142916203 64.97955549508333 2.4
      vertex 72.47831571102142 64.99486691504717 2.4
    endloop
  endfacet
  facet normal 0 0 1
    outer loop
      vertex 72.99807621135332 63.900000000000006 2.4
      vertex 73 63.89609894253272 2.4
      vertex 73 64.39999999850988 2.4
    endloop
  endfacet
  facet normal 0 0 1
    outer loop
      vertex 72.99807621135332 63.900000000000006 2.4
      vertex 73 64.39999999850988 2.4
      vertex 72.7800600208737 64.22628428702616 2.4
    endloop
  endfacet
  facet normal 0 0 1
    outer loop
      vertex 72.22628428702616 64.7800600208737 2.4
      vertex 72.52132034355965 64.52132034355965 2.4
      vertex 72.97955549508333 64.55529142916203 2.4
    endloop
  endfacet
  facet normal 0 0 1
    outer loop
      vertex 72.22628428702616 64.7800600208737 2.4
      vertex 72.95432771742344 64.62961006164551 2.4
      vertex 72.91961523890495 64.69999999552965 2.4
    endloop
  endfacet
  facet normal 0 0 1
    outer loop
      vertex 72.22628428702616 64.7800600208737 2.4
      vertex 72.91961523890495 64.69999999552965 2.4
      vertex 72.8760120049119 64.76525685936213 2.4
    endloop
  endfacet
  facet normal 0 0 1
    outer loop
      vertex 72.52132034355965 64.52132034355965 2.4
      vertex 73 64.39999999850988 2.4
      vertex 72.99486691504717 64.47831571102142 2.4
    endloop
  endfacet
  facet normal 0 0 1
    outer loop
      vertex 72.7800600208737 64.22628428702616 2.4
      vertex 73 64.39999999850988 2.4
      vertex 72.52132034355965 64.52132034355965 2.4
    endloop
  endfacet
  facet normal 0 0 1
    outer loop
      vertex 72.52132034355965 64.52132034355965 2.4
      vertex 72.99486691504717 64.47831571102142 2.4
      vertex 72.97955549508333 64.55529142916203 2.4
    endloop
  endfacet
  facet normal 0 0 1
    outer loop
      vertex 72.22628428702616 64.7800600208737 2.4
      vertex 72.97955549508333 64.55529142916203 2.4
      vertex 72.95432771742344 64.62961006164551 2.4
    endloop
  endfacet
  facet normal 0 0 1
    outer loop
      vertex 71.9 64.99807621135332 2.4
      vertex 72.69999999552965 64.91961523890495 2.4
      vertex 72.62961006164551 64.95432771742344 2.4
    endloop
  endfacet
  facet normal 0 0 1
    outer loop
      vertex 71.9 64.99807621135332 2.4
      vertex 72.82426406443119 64.82426406443119 2.4
      vertex 72.76525685936213 64.8760120049119 2.4
    endloop
  endfacet
  facet normal 0 0 1
    outer loop
      vertex 71.9 64.99807621135332 2.4
      vertex 72.76525685936213 64.8760120049119 2.4
      vertex 72.69999999552965 64.91961523890495 2.4
    endloop
  endfacet
  facet normal 0 0 1
    outer loop
      vertex 72.22628428702616 64.7800600208737 2.4
      vertex 72.8760120049119 64.76525685936213 2.4
      vertex 72.82426406443119 64.82426406443119 2.4
    endloop
  endfacet
  facet normal 0 -1 0
    outer loop
      vertex 71.89609894253272 65 2.4
      vertex 72.39999999850988 65 2.4
      vertex 71.89609894253272 65 32.4
    endloop
  endfacet
  facet normal -1 0 0
    outer loop
      vertex 73 63.89609894253272 2.4
      vertex 73 64.39999999850988 32.4
      vertex 73 64.39999999850988 2.4
    endloop
  endfacet
  facet normal -0.9978589216071185 -0.06540315412178903 0
    outer loop
      vertex 73 64.39999999850988 2.4
      vertex 73 64.39999999850988 32.4
      vertex 72.99486691504717 64.47831571102142 2.4
    endloop
  endfacet
  facet normal -0.9807852861623684 -0.19509029306298437 0
    outer loop
      vertex 72.99486691504717 64.47831571102142 2.4
      vertex 72.99486691504717 64.47831571102142 32.4
      vertex 72.97955549508333 64.55529142916203 2.4
    endloop
  endfacet
  facet normal -0.9469301242576152 -0.3214394807323106 0
    outer loop
      vertex 72.97955549508333 64.55529142916203 2.4
      vertex 72.97955549508333 64.55529142916203 32.4
      vertex 72.95432771742344 64.62961006164551 2.4
    endloop
  endfacet
  facet normal -0.8968727183595742 -0.4422887372094249 0
    outer loop
      vertex 72.95432771742344 64.62961006164551 2.4
      vertex 72.95432771742344 64.62961006164551 32.4
      vertex 72.91961523890495 64.69999999552965 2.4
    endloop
  endfacet
  facet normal -0.8314696617280481 -0.5555701590491026 0
    outer loop
      vertex 72.8760120049119 64.76525685936213 2.4
      vertex 72.91961523890495 64.69999999552965 2.4
      vertex 72.91961523890495 64.69999999552965 32.4
    endloop
  endfacet
  facet normal -0.06540315412178903 -0.9978589216071185 0
    outer loop
      vertex 72.39999999850988 65 2.4
      vertex 72.47831571102142 64.99486691504717 2.4
      vertex 72.47831571102142 64.99486691504717 32.4
    endloop
  endfacet
  facet normal -0.19509029306298437 -0.9807852861623684 0
    outer loop
      vertex 72.47831571102142 64.99486691504717 2.4
      vertex 72.55529142916203 64.97955549508333 2.4
      vertex 72.55529142916203 64.97955549508333 32.4
    endloop
  endfacet
  facet normal -0.4422887372094249 -0.8968727183595742 0
    outer loop
      vertex 72.69999999552965 64.91961523890495 2.4
      vertex 72.69999999552965 64.91961523890495 32.4
      vertex 72.62961006164551 64.95432771742344 2.4
    endloop
  endfacet
  facet normal -0.3214394807323106 -0.9469301242576152 0
    outer loop
      vertex 72.55529142916203 64.97955549508333 2.4
      vertex 72.62961006164551 64.95432771742344 2.4
      vertex 72.62961006164551 64.95432771742344 32.4
    endloop
  endfacet
  facet normal -0.5555701590491026 -0.8314696617280481 0
    outer loop
      vertex 72.69999999552965 64.91961523890495 2.4
      vertex 72.76525685936213 64.8760120049119 2.4
      vertex 72.76525685936213 64.8760120049119 32.4
    endloop
  endfacet
  facet normal -0.6593458906388242 -0.7518397412332603 0
    outer loop
      vertex 72.82426406443119 64.82426406443119 2.4
      vertex 72.82426406443119 64.82426406443119 32.4
      vertex 72.76525685936213 64.8760120049119 2.4
    endloop
  endfacet
  facet normal -0.7518397412332603 -0.6593458906388242 0
    outer loop
      vertex 72.8760120049119 64.76525685936213 2.4
      vertex 72.8760120049119 64.76525685936213 32.4
      vertex 72.82426406443119 64.82426406443119 2.4
    endloop
  endfacet
  facet normal 0 -1 0
    outer loop
      vertex 72.39999999850988 65 2.4
      vertex 72.39999999850988 65 32.4
      vertex 71.89609894253272 65 32.4
    endloop
  endfacet
  facet normal -1 0 0
    outer loop
      vertex 73 63.89609894253272 2.4
      vertex 73 63.89609894253272 32.4
      vertex 73 64.39999999850988 32.4
    endloop
  endfacet
  facet normal -0.9978589216071185 -0.06540315412178903 0
    outer loop
      vertex 72.99486691504717 64.47831571102142 2.4
      vertex 73 64.39999999850988 32.4
      vertex 72.99486691504717 64.47831571102142 32.4
    endloop
  endfacet
  facet normal -0.9807852861623684 -0.19509029306298437 0
    outer loop
      vertex 72.97955549508333 64.55529142916203 2.4
      vertex 72.99486691504717 64.47831571102142 32.4
      vertex 72.97955549508333 64.55529142916203 32.4
    endloop
  endfacet
  facet normal -0.9469301242576152 -0.3214394807323106 0
    outer loop
      vertex 72.95432771742344 64.62961006164551 2.4
      vertex 72.97955549508333 64.55529142916203 32.4
      vertex 72.95432771742344 64.62961006164551 32.4
    endloop
  endfacet
  facet normal -0.8314696617280481 -0.5555701590491026 0
    outer loop
      vertex 72.8760120049119 64.76525685936213 2.4
      vertex 72.91961523890495 64.69999999552965 32.4
      vertex 72.8760120049119 64.76525685936213 32.4
    endloop
  endfacet
  facet normal -0.8968727183595742 -0.4422887372094249 0
    outer loop
      vertex 72.91961523890495 64.69999999552965 2.4
      vertex 72.95432771742344 64.62961006164551 32.4
      vertex 72.91961523890495 64.69999999552965 32.4
    endloop
  endfacet
  facet normal -0.06540315412178903 -0.9978589216071185 0
    outer loop
      vertex 72.39999999850988 65 2.4
      vertex 72.47831571102142 64.99486691504717 32.4
      vertex 72.39999999850988 65 32.4
    endloop
  endfacet
  facet normal -0.19509029306298437 -0.9807852861623684 0
    outer loop
      vertex 72.47831571102142 64.99486691504717 2.4
      vertex 72.55529142916203 64.97955549508333 32.4
      vertex 72.47831571102142 64.99486691504717 32.4
    endloop
  endfacet
  facet normal -0.3214394807323106 -0.9469301242576152 0
    outer loop
      vertex 72.55529142916203 64.97955549508333 2.4
      vertex 72.62961006164551 64.95432771742344 32.4
      vertex 72.55529142916203 64.97955549508333 32.4
    endloop
  endfacet
  facet normal -0.4422887372094249 -0.8968727183595742 0
    outer loop
      vertex 72.62961006164551 64.95432771742344 2.4
      vertex 72.69999999552965 64.91961523890495 32.4
      vertex 72.62961006164551 64.95432771742344 32.4
    endloop
  endfacet
  facet normal -0.7518397412332603 -0.6593458906388242 0
    outer loop
      vertex 72.82426406443119 64.82426406443119 2.4
      vertex 72.8760120049119 64.76525685936213 32.4
      vertex 72.82426406443119 64.82426406443119 32.4
    endloop
  endfacet
  facet normal -0.6593458906388242 -0.7518397412332603 0
    outer loop
      vertex 72.76525685936213 64.8760120049119 2.4
      vertex 72.82426406443119 64.82426406443119 32.4
      vertex 72.76525685936213 64.8760120049119 32.4
    endloop
  endfacet
  facet normal -0.5555701590491026 -0.8314696617280481 0
    outer loop
      vertex 72.69999999552965 64.91961523890495 2.4
      vertex 72.76525685936213 64.8760120049119 32.4
      vertex 72.69999999552965 64.91961523890495 32.4
    endloop
  endfacet
  facet normal -0.6593458151000436 -0.7518398074789994 0
    outer loop
      vertex -72.52132034355965 -64.52132034355965 2.4
      vertex -72.22628428702616 -64.7800600208737 2.4
      vertex -72.52132034355965 -64.52132034355965 32.4
    endloop
  endfacet
  facet normal -0.7518398074789994 -0.6593458151000436 0
    outer loop
      vertex -72.52132034355965 -64.52132034355965 2.4
      vertex -72.7800600208737 -64.22628428702616 32.4
      vertex -72.7800600208737 -64.22628428702616 2.4
    endloop
  endfacet
  facet normal -0.8314696123025327 -0.5555702330196209 0
    outer loop
      vertex -72.7800600208737 -64.22628428702616 2.4
      vertex -72.99807621135332 -63.900000000000006 32.4
      vertex -72.99807621135332 -63.900000000000006 2.4
    endloop
  endfacet
  facet normal -0.8968727415327203 -0.44228869021893624 0
    outer loop
      vertex -72.99807621135332 -63.900000000000006 2.4
      vertex -72.99807621135332 -63.900000000000006 32.4
      vertex -73 -63.89609894253272 2.4
    endloop
  endfacet
  facet normal -0.5555702330196209 -0.8314696123025327 0
    outer loop
      vertex -72.22628428702616 -64.7800600208737 2.4
      vertex -71.9 -64.99807621135332 2.4
      vertex -72.22628428702616 -64.7800600208737 32.4
    endloop
  endfacet
  facet normal -0.44228869021893624 -0.8968727415327203 0
    outer loop
      vertex -71.9 -64.99807621135332 2.4
      vertex -71.89609894253272 -65 2.4
      vertex -71.89609894253272 -65 32.4
    endloop
  endfacet
  facet normal -0.8968727415327203 0.44228869021893624 0
    outer loop
      vertex -72.99807621135332 -60.900000000000006 2.4
      vertex -73 -60.903901057467294 2.4
      vertex -73 -60.903901057467294 32.4
    endloop
  endfacet
  facet normal -0.8314696123025382 0.5555702330196126 0
    outer loop
      vertex -72.99807621135332 -60.900000000000006 2.4
      vertex -72.7800600208737 -60.57371571297384 32.4
      vertex -72.7800600208737 -60.57371571297384 2.4
    endloop
  endfacet
  facet normal -0.7518398074789916 0.6593458151000527 0
    outer loop
      vertex -72.7800600208737 -60.57371571297384 2.4
      vertex -72.52132034355965 -60.27867965644036 32.4
      vertex -72.52132034355965 -60.27867965644036 2.4
    endloop
  endfacet
  facet normal -0.6593458151000539 0.7518398074789905 0
    outer loop
      vertex -72.52132034355965 -60.27867965644036 2.4
      vertex -72.22628428702616 -60.0199399791263 32.4
      vertex -72.22628428702616 -60.0199399791263 2.4
    endloop
  endfacet
  facet normal -0.5555702330196085 0.8314696123025411 0
    outer loop
      vertex -72.22628428702616 -60.0199399791263 2.4
      vertex -71.9 -59.80192378864669 32.4
      vertex -71.9 -59.80192378864669 2.4
    endloop
  endfacet
  facet normal -0.4422886902189947 0.8968727415326916 0
    outer loop
      vertex -71.9 -59.80192378864669 2.4
      vertex -71.54805029709527 -59.62836140246615 32.4
      vertex -71.54805029709527 -59.62836140246615 2.4
    endloop
  endfacet
  facet normal -0.32143946530317186 0.9469301294951022 0
    outer loop
      vertex -71.54805029709527 -59.62836140246615 2.4
      vertex -71.17645713530757 -59.5022225211328 32.4
      vertex -71.17645713530757 -59.5022225211328 2.4
    endloop
  endfacet
  facet normal 0.44228869021893624 -0.8968727415327203 0
    outer loop
      vertex -68.9 -64.99807621135332 2.4
      vertex -68.9 -64.99807621135332 32.4
      vertex -68.9039010574673 -65 2.4
    endloop
  endfacet
  facet normal 0.5555702330196209 -0.8314696123025327 0
    outer loop
      vertex -68.9 -64.99807621135332 2.4
      vertex -68.57371571297385 -64.7800600208737 2.4
      vertex -68.9 -64.99807621135332 32.4
    endloop
  endfacet
  facet normal 0.6593458151000436 -0.7518398074789994 0
    outer loop
      vertex -68.57371571297385 -64.7800600208737 2.4
      vertex -68.27867965644036 -64.52132034355965 2.4
      vertex -68.57371571297385 -64.7800600208737 32.4
    endloop
  endfacet
  facet normal 0.7518398074789994 -0.6593458151000436 0
    outer loop
      vertex -68.27867965644036 -64.52132034355965 2.4
      vertex -68.0199399791263 -64.22628428702616 2.4
      vertex -68.27867965644036 -64.52132034355965 32.4
    endloop
  endfacet
  facet normal 0.8314696123025327 -0.5555702330196209 0
    outer loop
      vertex -68.0199399791263 -64.22628428702616 2.4
      vertex -67.80192378864669 -63.900000000000006 2.4
      vertex -68.0199399791263 -64.22628428702616 32.4
    endloop
  endfacet
  facet normal 0.8968727415326844 -0.44228869021900924 0
    outer loop
      vertex -67.80192378864669 -63.900000000000006 2.4
      vertex -67.62836140246614 -63.54805029709527 2.4
      vertex -67.80192378864669 -63.900000000000006 32.4
    endloop
  endfacet
  facet normal 0.946930129495115 -0.32143946530313383 0
    outer loop
      vertex -67.62836140246614 -63.54805029709527 2.4
      vertex -67.50222252113281 -63.176457135307565 2.4
      vertex -67.62836140246614 -63.54805029709527 32.4
    endloop
  endfacet
  facet normal -0.19509032201611928 0.9807852804032322 0
    outer loop
      vertex -71.17645713530757 -59.5022225211328 2.4
      vertex -70.79157857666016 -59.425665415878576 32.4
      vertex -70.79157857666016 -59.425665415878576 2.4
    endloop
  endfacet
  facet normal -0.0654031292301486 0.9978589232386031 0
    outer loop
      vertex -70.79157857666016 -59.425665415878576 2.4
      vertex -70.4 -59.400000000000006 32.4
      vertex -70.4 -59.400000000000006 2.4
    endloop
  endfacet
  facet normal 0.0654031292301486 0.9978589232386031 0
    outer loop
      vertex -70.4 -59.400000000000006 2.4
      vertex -70.00842142333985 -59.425665415878576 32.4
      vertex -70.00842142333985 -59.425665415878576 2.4
    endloop
  endfacet
  facet normal 0.19509032201611928 0.9807852804032322 0
    outer loop
      vertex -70.00842142333985 -59.425665415878576 2.4
      vertex -69.62354286469244 -59.5022225211328 32.4
      vertex -69.62354286469244 -59.5022225211328 2.4
    endloop
  endfacet
  facet normal 0.6593458151000539 0.7518398074789905 0
    outer loop
      vertex -68.57371571297385 -60.0199399791263 2.4
      vertex -68.27867965644036 -60.27867965644036 32.4
      vertex -68.27867965644036 -60.27867965644036 2.4
    endloop
  endfacet
  facet normal 0.32143946530317186 0.9469301294951022 0
    outer loop
      vertex -69.62354286469244 -59.5022225211328 2.4
      vertex -69.25194970290474 -59.62836140246615 32.4
      vertex -69.25194970290474 -59.62836140246615 2.4
    endloop
  endfacet
  facet normal 0.4422886902189947 0.8968727415326916 0
    outer loop
      vertex -69.25194970290474 -59.62836140246615 2.4
      vertex -68.9 -59.80192378864669 32.4
      vertex -68.9 -59.80192378864669 2.4
    endloop
  endfacet
  facet normal 0.5555702330196085 0.8314696123025411 0
    outer loop
      vertex -68.9 -59.80192378864669 2.4
      vertex -68.57371571297385 -60.0199399791263 32.4
      vertex -68.57371571297385 -60.0199399791263 2.4
    endloop
  endfacet
  facet normal 0.9807852804032245 -0.19509032201615759 0
    outer loop
      vertex -67.50222252113281 -63.176457135307565 2.4
      vertex -67.42566541587857 -62.79157857666016 2.4
      vertex -67.50222252113281 -63.176457135307565 32.4
    endloop
  endfacet
  facet normal 0.9978589232386044 -0.06540312923013057 0
    outer loop
      vertex -67.42566541587857 -62.79157857666016 2.4
      vertex -67.4 -62.400000000000006 2.4
      vertex -67.42566541587857 -62.79157857666016 32.4
    endloop
  endfacet
  facet normal 0.9978589232386044 0.06540312923013057 0
    outer loop
      vertex -67.4 -62.400000000000006 2.4
      vertex -67.42566541587857 -62.008421423339854 2.4
      vertex -67.4 -62.400000000000006 32.4
    endloop
  endfacet
  facet normal 0.8968727415326844 0.44228869021900924 0
    outer loop
      vertex -67.62836140246614 -61.25194970290474 2.4
      vertex -67.80192378864669 -60.900000000000006 2.4
      vertex -67.62836140246614 -61.25194970290474 32.4
    endloop
  endfacet
  facet normal 0.9807852804032245 0.19509032201615759 0
    outer loop
      vertex -67.42566541587857 -62.008421423339854 2.4
      vertex -67.50222252113281 -61.623542864692446 2.4
      vertex -67.42566541587857 -62.008421423339854 32.4
    endloop
  endfacet
  facet normal 0.946930129495115 0.32143946530313383 0
    outer loop
      vertex -67.62836140246614 -61.25194970290474 2.4
      vertex -67.50222252113281 -61.623542864692446 32.4
      vertex -67.50222252113281 -61.623542864692446 2.4
    endloop
  endfacet
  facet normal 0.8314696123025382 0.5555702330196126 0
    outer loop
      vertex -68.0199399791263 -60.57371571297384 2.4
      vertex -67.80192378864669 -60.900000000000006 32.4
      vertex -67.80192378864669 -60.900000000000006 2.4
    endloop
  endfacet
  facet normal 0.7518398074789916 0.6593458151000527 0
    outer loop
      vertex -68.0199399791263 -60.57371571297384 2.4
      vertex -68.27867965644036 -60.27867965644036 2.4
      vertex -68.0199399791263 -60.57371571297384 32.4
    endloop
  endfacet
  facet normal -0.7518398074789994 -0.6593458151000436 0
    outer loop
      vertex -72.52132034355965 -64.52132034355965 2.4
      vertex -72.52132034355965 -64.52132034355965 32.4
      vertex -72.7800600208737 -64.22628428702616 32.4
    endloop
  endfacet
  facet normal -0.8314696123025327 -0.5555702330196209 0
    outer loop
      vertex -72.7800600208737 -64.22628428702616 2.4
      vertex -72.7800600208737 -64.22628428702616 32.4
      vertex -72.99807621135332 -63.900000000000006 32.4
    endloop
  endfacet
  facet normal -0.8968727415327203 -0.44228869021893624 0
    outer loop
      vertex -73 -63.89609894253272 2.4
      vertex -72.99807621135332 -63.900000000000006 32.4
      vertex -73 -63.89609894253272 32.4
    endloop
  endfacet
  facet normal -0.44228869021893624 -0.8968727415327203 0
    outer loop
      vertex -71.9 -64.99807621135332 2.4
      vertex -71.89609894253272 -65 32.4
      vertex -71.9 -64.99807621135332 32.4
    endloop
  endfacet
  facet normal -0.5555702330196209 -0.8314696123025327 0
    outer loop
      vertex -71.9 -64.99807621135332 2.4
      vertex -71.9 -64.99807621135332 32.4
      vertex -72.22628428702616 -64.7800600208737 32.4
    endloop
  endfacet
  facet normal -0.6593458151000436 -0.7518398074789994 0
    outer loop
      vertex -72.22628428702616 -64.7800600208737 2.4
      vertex -72.22628428702616 -64.7800600208737 32.4
      vertex -72.52132034355965 -64.52132034355965 32.4
    endloop
  endfacet
  facet normal -0.8968727415327203 0.44228869021893624 0
    outer loop
      vertex -72.99807621135332 -60.900000000000006 2.4
      vertex -73 -60.903901057467294 32.4
      vertex -72.99807621135332 -60.900000000000006 32.4
    endloop
  endfacet
  facet normal -0.8314696123025382 0.5555702330196126 0
    outer loop
      vertex -72.99807621135332 -60.900000000000006 2.4
      vertex -72.99807621135332 -60.900000000000006 32.4
      vertex -72.7800600208737 -60.57371571297384 32.4
    endloop
  endfacet
  facet normal -0.7518398074789916 0.6593458151000527 0
    outer loop
      vertex -72.7800600208737 -60.57371571297384 2.4
      vertex -72.7800600208737 -60.57371571297384 32.4
      vertex -72.52132034355965 -60.27867965644036 32.4
    endloop
  endfacet
  facet normal -0.6593458151000539 0.7518398074789905 0
    outer loop
      vertex -72.52132034355965 -60.27867965644036 2.4
      vertex -72.52132034355965 -60.27867965644036 32.4
      vertex -72.22628428702616 -60.0199399791263 32.4
    endloop
  endfacet
  facet normal -0.5555702330196085 0.8314696123025411 0
    outer loop
      vertex -72.22628428702616 -60.0199399791263 2.4
      vertex -72.22628428702616 -60.0199399791263 32.4
      vertex -71.9 -59.80192378864669 32.4
    endloop
  endfacet
  facet normal -0.4422886902189947 0.8968727415326916 0
    outer loop
      vertex -71.9 -59.80192378864669 2.4
      vertex -71.9 -59.80192378864669 32.4
      vertex -71.54805029709527 -59.62836140246615 32.4
    endloop
  endfacet
  facet normal -0.32143946530317186 0.9469301294951022 0
    outer loop
      vertex -71.54805029709527 -59.62836140246615 2.4
      vertex -71.54805029709527 -59.62836140246615 32.4
      vertex -71.17645713530757 -59.5022225211328 32.4
    endloop
  endfacet
  facet normal -0.19509032201611928 0.9807852804032322 0
    outer loop
      vertex -71.17645713530757 -59.5022225211328 2.4
      vertex -71.17645713530757 -59.5022225211328 32.4
      vertex -70.79157857666016 -59.425665415878576 32.4
    endloop
  endfacet
  facet normal 0.44228869021893624 -0.8968727415327203 0
    outer loop
      vertex -68.9039010574673 -65 2.4
      vertex -68.9 -64.99807621135332 32.4
      vertex -68.9039010574673 -65 32.4
    endloop
  endfacet
  facet normal 0.5555702330196209 -0.8314696123025327 0
    outer loop
      vertex -68.57371571297385 -64.7800600208737 2.4
      vertex -68.57371571297385 -64.7800600208737 32.4
      vertex -68.9 -64.99807621135332 32.4
    endloop
  endfacet
  facet normal 0.6593458151000436 -0.7518398074789994 0
    outer loop
      vertex -68.27867965644036 -64.52132034355965 2.4
      vertex -68.27867965644036 -64.52132034355965 32.4
      vertex -68.57371571297385 -64.7800600208737 32.4
    endloop
  endfacet
  facet normal 0.7518398074789994 -0.6593458151000436 0
    outer loop
      vertex -68.0199399791263 -64.22628428702616 2.4
      vertex -68.0199399791263 -64.22628428702616 32.4
      vertex -68.27867965644036 -64.52132034355965 32.4
    endloop
  endfacet
  facet normal 0.8314696123025327 -0.5555702330196209 0
    outer loop
      vertex -67.80192378864669 -63.900000000000006 2.4
      vertex -67.80192378864669 -63.900000000000006 32.4
      vertex -68.0199399791263 -64.22628428702616 32.4
    endloop
  endfacet
  facet normal 0.8968727415326844 -0.44228869021900924 0
    outer loop
      vertex -67.62836140246614 -63.54805029709527 2.4
      vertex -67.62836140246614 -63.54805029709527 32.4
      vertex -67.80192378864669 -63.900000000000006 32.4
    endloop
  endfacet
  facet normal 0.946930129495115 -0.32143946530313383 0
    outer loop
      vertex -67.50222252113281 -63.176457135307565 2.4
      vertex -67.50222252113281 -63.176457135307565 32.4
      vertex -67.62836140246614 -63.54805029709527 32.4
    endloop
  endfacet
  facet normal -0.0654031292301486 0.9978589232386031 0
    outer loop
      vertex -70.79157857666016 -59.425665415878576 2.4
      vertex -70.79157857666016 -59.425665415878576 32.4
      vertex -70.4 -59.400000000000006 32.4
    endloop
  endfacet
  facet normal 0.0654031292301486 0.9978589232386031 0
    outer loop
      vertex -70.4 -59.400000000000006 2.4
      vertex -70.4 -59.400000000000006 32.4
      vertex -70.00842142333985 -59.425665415878576 32.4
    endloop
  endfacet
  facet normal 0.19509032201611928 0.9807852804032322 0
    outer loop
      vertex -70.00842142333985 -59.425665415878576 2.4
      vertex -70.00842142333985 -59.425665415878576 32.4
      vertex -69.62354286469244 -59.5022225211328 32.4
    endloop
  endfacet
  facet normal 0.6593458151000539 0.7518398074789905 0
    outer loop
      vertex -68.57371571297385 -60.0199399791263 2.4
      vertex -68.57371571297385 -60.0199399791263 32.4
      vertex -68.27867965644036 -60.27867965644036 32.4
    endloop
  endfacet
  facet normal 0.32143946530317186 0.9469301294951022 0
    outer loop
      vertex -69.62354286469244 -59.5022225211328 2.4
      vertex -69.62354286469244 -59.5022225211328 32.4
      vertex -69.25194970290474 -59.62836140246615 32.4
    endloop
  endfacet
  facet normal 0.4422886902189947 0.8968727415326916 0
    outer loop
      vertex -69.25194970290474 -59.62836140246615 2.4
      vertex -69.25194970290474 -59.62836140246615 32.4
      vertex -68.9 -59.80192378864669 32.4
    endloop
  endfacet
  facet normal 0.5555702330196085 0.8314696123025411 0
    outer loop
      vertex -68.9 -59.80192378864669 2.4
      vertex -68.9 -59.80192378864669 32.4
      vertex -68.57371571297385 -60.0199399791263 32.4
    endloop
  endfacet
  facet normal 0.9807852804032245 -0.19509032201615759 0
    outer loop
      vertex -67.42566541587857 -62.79157857666016 2.4
      vertex -67.42566541587857 -62.79157857666016 32.4
      vertex -67.50222252113281 -63.176457135307565 32.4
    endloop
  endfacet
  facet normal 0.9978589232386044 -0.06540312923013057 0
    outer loop
      vertex -67.4 -62.400000000000006 2.4
      vertex -67.4 -62.400000000000006 32.4
      vertex -67.42566541587857 -62.79157857666016 32.4
    endloop
  endfacet
  facet normal 0.9978589232386044 0.06540312923013057 0
    outer loop
      vertex -67.42566541587857 -62.008421423339854 2.4
      vertex -67.42566541587857 -62.008421423339854 32.4
      vertex -67.4 -62.400000000000006 32.4
    endloop
  endfacet
  facet normal 0.9807852804032245 0.19509032201615759 0
    outer loop
      vertex -67.50222252113281 -61.623542864692446 2.4
      vertex -67.50222252113281 -61.623542864692446 32.4
      vertex -67.42566541587857 -62.008421423339854 32.4
    endloop
  endfacet
  facet normal 0.946930129495115 0.32143946530313383 0
    outer loop
      vertex -67.62836140246614 -61.25194970290474 2.4
      vertex -67.62836140246614 -61.25194970290474 32.4
      vertex -67.50222252113281 -61.623542864692446 32.4
    endloop
  endfacet
  facet normal 0.8314696123025382 0.5555702330196126 0
    outer loop
      vertex -68.0199399791263 -60.57371571297384 2.4
      vertex -68.0199399791263 -60.57371571297384 32.4
      vertex -67.80192378864669 -60.900000000000006 32.4
    endloop
  endfacet
  facet normal 0.8968727415326844 0.44228869021900924 0
    outer loop
      vertex -67.80192378864669 -60.900000000000006 2.4
      vertex -67.80192378864669 -60.900000000000006 32.4
      vertex -67.62836140246614 -61.25194970290474 32.4
    endloop
  endfacet
  facet normal 0.7518398074789916 0.6593458151000527 0
    outer loop
      vertex -68.27867965644036 -60.27867965644036 2.4
      vertex -68.27867965644036 -60.27867965644036 32.4
      vertex -68.0199399791263 -60.57371571297384 32.4
    endloop
  endfacet
  facet normal 0 0 1
    outer loop
      vertex -72.52132034355965 -64.52132034355965 32.4
      vertex -72.22628428702616 -64.7800600208737 32.4
      vertex -72.52132034355965 -60.27867965644036 32.4
    endloop
  endfacet
  facet normal 0 0 1
    outer loop
      vertex -72.22628428702616 -64.7800600208737 32.4
      vertex -71.9 -64.99807621135332 32.4
      vertex -72.22628428702616 -60.0199399791263 32.4
    endloop
  endfacet
  facet normal 0 0 1
    outer loop
      vertex -71.9 -64.99807621135332 32.4
      vertex -71.89609894253272 -65 32.4
      vertex -71.9 -59.80192378864669 32.4
    endloop
  endfacet
  facet normal 0 0 1
    outer loop
      vertex -71.89487520312355 -65.00060348149229 32.4
      vertex -71.9 -59.80192378864669 32.4
      vertex -71.89609894253272 -65 32.4
    endloop
  endfacet
  facet normal 0 0 1
    outer loop
      vertex -71.89487520312355 -65.00060348149229 32.4
      vertex -70.78268343236509 -63.32387953251129 32.4
      vertex -70.9 -63.26602540378445 32.4
    endloop
  endfacet
  facet normal 0 0 1
    outer loop
      vertex -71.89487520312355 -65.00060348149229 32.4
      vertex -70.9 -63.26602540378445 32.4
      vertex -71.00876142900873 -63.19335334029124 32.4
    endloop
  endfacet
  facet normal 0 0 1
    outer loop
      vertex -71.89487520312355 -65.00060348149229 32.4
      vertex -71.00876142900873 -63.19335334029124 32.4
      vertex -71.10710678118656 -63.10710678118655 32.4
    endloop
  endfacet
  facet normal 0 0 1
    outer loop
      vertex -71.89487520312355 -65.00060348149229 32.4
      vertex -70.53052619222005 -63.39144486137381 32.4
      vertex -70.65881904510253 -63.36592582628907 32.4
    endloop
  endfacet
  facet normal 0 0 1
    outer loop
      vertex -71.89487520312355 -65.00060348149229 32.4
      vertex -70.65881904510253 -63.36592582628907 32.4
      vertex -70.78268343236509 -63.32387953251129 32.4
    endloop
  endfacet
  facet normal 0 0 1
    outer loop
      vertex -71.89487520312355 -65.00060348149229 32.4
      vertex -71.3238795325113 -62.7826834323651 32.4
      vertex -71.36592582628907 -62.658819045102526 32.4
    endloop
  endfacet
  facet normal 0 0 1
    outer loop
      vertex -71.89487520312355 -65.00060348149229 32.4
      vertex -71.10710678118656 -63.10710678118655 32.4
      vertex -71.19335334029124 -63.00876142900873 32.4
    endloop
  endfacet
  facet normal 0 0 1
    outer loop
      vertex -71.89487520312355 -65.00060348149229 32.4
      vertex -71.19335334029124 -63.00876142900873 32.4
      vertex -71.26602540378444 -62.900000000000006 32.4
    endloop
  endfacet
  facet normal 0 0 1
    outer loop
      vertex -71.89487520312355 -65.00060348149229 32.4
      vertex -71.26602540378444 -62.900000000000006 32.4
      vertex -71.3238795325113 -62.7826834323651 32.4
    endloop
  endfacet
  facet normal 0 0 1
    outer loop
      vertex -71.89487520312355 -65.00060348149229 32.4
      vertex -71.36592582628907 -62.658819045102526 32.4
      vertex -71.39144486137381 -62.53052619222006 32.4
    endloop
  endfacet
  facet normal 0 0 1
    outer loop
      vertex -71.89487520312355 -65.00060348149229 32.4
      vertex -71.4 -62.400000000000006 32.4
      vertex -71.39144486137381 -62.26947380777995 32.4
    endloop
  endfacet
  facet normal 0 0 1
    outer loop
      vertex -71.89487520312355 -65.00060348149229 32.4
      vertex -71.39144486137381 -62.53052619222006 32.4
      vertex -71.4 -62.400000000000006 32.4
    endloop
  endfacet
  facet normal 0 0 1
    outer loop
      vertex -72.7800600208737 -64.22628428702616 32.4
      vertex -72.99807621135332 -60.900000000000006 32.4
      vertex -72.99807621135332 -63.900000000000006 32.4
    endloop
  endfacet
  facet normal 0 0 1
    outer loop
      vertex -72.99807621135332 -63.900000000000006 32.4
      vertex -72.99807621135332 -60.900000000000006 32.4
      vertex -73 -63.89609894253272 32.4
    endloop
  endfacet
  facet normal 0 0 1
    outer loop
      vertex -72.52132034355965 -64.52132034355965 32.4
      vertex -72.7800600208737 -60.57371571297384 32.4
      vertex -72.7800600208737 -64.22628428702616 32.4
    endloop
  endfacet
  facet normal 0 0 1
    outer loop
      vertex -73 -63.89609894253272 32.4
      vertex -72.99807621135332 -60.900000000000006 32.4
      vertex -73 -60.903901057467294 32.4
    endloop
  endfacet
  facet normal 0 0 1
    outer loop
      vertex -72.7800600208737 -64.22628428702616 32.4
      vertex -72.7800600208737 -60.57371571297384 32.4
      vertex -72.99807621135332 -60.900000000000006 32.4
    endloop
  endfacet
  facet normal 0 0 1
    outer loop
      vertex -72.52132034355965 -64.52132034355965 32.4
      vertex -72.52132034355965 -60.27867965644036 32.4
      vertex -72.7800600208737 -60.57371571297384 32.4
    endloop
  endfacet
  facet normal 0 0 1
    outer loop
      vertex -71.89487520312355 -65.00060348149229 32.4
      vertex -71.39144486137381 -62.26947380777995 32.4
      vertex -71.9 -59.80192378864669 32.4
    endloop
  endfacet
  facet normal 0 0 1
    outer loop
      vertex -72.22628428702616 -64.7800600208737 32.4
      vertex -72.22628428702616 -60.0199399791263 32.4
      vertex -72.52132034355965 -60.27867965644036 32.4
    endloop
  endfacet
  facet normal 0 0 1
    outer loop
      vertex -71.9 -64.99807621135332 32.4
      vertex -71.9 -59.80192378864669 32.4
      vertex -72.22628428702616 -60.0199399791263 32.4
    endloop
  endfacet
  facet normal 0 0 1
    outer loop
      vertex -71.9 -59.80192378864669 32.4
      vertex -71.39144486137381 -62.26947380777995 32.4
      vertex -71.36592582628907 -62.141180954897486 32.4
    endloop
  endfacet
  facet normal 0 0 1
    outer loop
      vertex -71.9 -59.80192378864669 32.4
      vertex -71.36592582628907 -62.141180954897486 32.4
      vertex -71.3238795325113 -62.017316567634914 32.4
    endloop
  endfacet
  facet normal 0 0 1
    outer loop
      vertex -71.9 -59.80192378864669 32.4
      vertex -71.3238795325113 -62.017316567634914 32.4
      vertex -71.26602540378444 -61.900000000000006 32.4
    endloop
  endfacet
  facet normal 0 0 1
    outer loop
      vertex -71.9 -59.80192378864669 32.4
      vertex -71.19335334029124 -61.79123857099128 32.4
      vertex -71.10710678118656 -61.69289321881346 32.4
    endloop
  endfacet
  facet normal 0 0 1
    outer loop
      vertex -71.9 -59.80192378864669 32.4
      vertex -71.26602540378444 -61.900000000000006 32.4
      vertex -71.19335334029124 -61.79123857099128 32.4
    endloop
  endfacet
  facet normal 0 0 1
    outer loop
      vertex -71.9 -59.80192378864669 32.4
      vertex -71.00876142900873 -61.60664665970877 32.4
      vertex -70.9 -61.533974596215565 32.4
    endloop
  endfacet
  facet normal 0 0 1
    outer loop
      vertex -71.9 -59.80192378864669 32.4
      vertex -71.10710678118656 -61.69289321881346 32.4
      vertex -71.00876142900873 -61.60664665970877 32.4
    endloop
  endfacet
  facet normal 0 0 1
    outer loop
      vertex -71.54805029709527 -59.62836140246615 32.4
      vertex -70.9 -61.533974596215565 32.4
      vertex -70.78268343236509 -61.47612046748872 32.4
    endloop
  endfacet
  facet normal 0 0 1
    outer loop
      vertex -71.9 -59.80192378864669 32.4
      vertex -70.9 -61.533974596215565 32.4
      vertex -71.54805029709527 -59.62836140246615 32.4
    endloop
  endfacet
  facet normal 0 0 1
    outer loop
      vertex -71.54805029709527 -59.62836140246615 32.4
      vertex -70.65881904510253 -61.43407417371094 32.4
      vertex -71.17645713530757 -59.5022225211328 32.4
    endloop
  endfacet
  facet normal 0 0 1
    outer loop
      vertex -71.89487520312355 -65.00060348149229 32.4
      vertex -68.91235040363594 -65.00416675641603 32.4
      vertex -70.26947380777996 -63.39144486137381 32.4
    endloop
  endfacet
  facet normal 0 0 1
    outer loop
      vertex -71.89487520312355 -65.00060348149229 32.4
      vertex -70.26947380777996 -63.39144486137381 32.4
      vertex -70.4 -63.400000000000006 32.4
    endloop
  endfacet
  facet normal 0 0 1
    outer loop
      vertex -71.89487520312355 -65.00060348149229 32.4
      vertex -70.4 -63.400000000000006 32.4
      vertex -70.53052619222005 -63.39144486137381 32.4
    endloop
  endfacet
  facet normal 0 0 1
    outer loop
      vertex -68.91235040363594 -65.00416675641603 32.4
      vertex -70.01731656763492 -63.32387953251129 32.4
      vertex -70.14118095489748 -63.36592582628907 32.4
    endloop
  endfacet
  facet normal 0 0 1
    outer loop
      vertex -68.91235040363594 -65.00416675641603 32.4
      vertex -70.14118095489748 -63.36592582628907 32.4
      vertex -70.26947380777996 -63.39144486137381 32.4
    endloop
  endfacet
  facet normal 0 0 1
    outer loop
      vertex -68.91235040363594 -65.00416675641603 32.4
      vertex -69.9 -63.26602540378445 32.4
      vertex -70.01731656763492 -63.32387953251129 32.4
    endloop
  endfacet
  facet normal 0 0 1
    outer loop
      vertex -68.91235040363594 -65.00416675641603 32.4
      vertex -69.79123857099128 -63.19335334029124 32.4
      vertex -69.9 -63.26602540378445 32.4
    endloop
  endfacet
  facet normal 0 0 1
    outer loop
      vertex -68.91235040363594 -65.00416675641603 32.4
      vertex -69.69289321881345 -63.10710678118655 32.4
      vertex -69.79123857099128 -63.19335334029124 32.4
    endloop
  endfacet
  facet normal 0 0 1
    outer loop
      vertex -68.91235040363594 -65.00416675641603 32.4
      vertex -69.60664665970877 -63.00876142900873 32.4
      vertex -69.69289321881345 -63.10710678118655 32.4
    endloop
  endfacet
  facet normal 0 0 1
    outer loop
      vertex -68.91235040363594 -65.00416675641603 32.4
      vertex -69.53397459621557 -62.900000000000006 32.4
      vertex -69.60664665970877 -63.00876142900873 32.4
    endloop
  endfacet
  facet normal 0 0 1
    outer loop
      vertex -68.91235040363594 -65.00416675641603 32.4
      vertex -69.47612046748871 -62.7826834323651 32.4
      vertex -69.53397459621557 -62.900000000000006 32.4
    endloop
  endfacet
  facet normal 0 0 1
    outer loop
      vertex -68.91235040363594 -65.00416675641603 32.4
      vertex -69.43407417371094 -62.658819045102526 32.4
      vertex -69.47612046748871 -62.7826834323651 32.4
    endloop
  endfacet
  facet normal 0 0 1
    outer loop
      vertex -68.91235040363594 -65.00416675641603 32.4
      vertex -69.4085551386262 -62.53052619222006 32.4
      vertex -69.43407417371094 -62.658819045102526 32.4
    endloop
  endfacet
  facet normal 0 0 1
    outer loop
      vertex -68.91235040363594 -65.00416675641603 32.4
      vertex -69.4 -62.400000000000006 32.4
      vertex -69.4085551386262 -62.53052619222006 32.4
    endloop
  endfacet
  facet normal 0 0 1
    outer loop
      vertex -68.91235040363594 -65.00416675641603 32.4
      vertex -69.4085551386262 -62.26947380777995 32.4
      vertex -69.4 -62.400000000000006 32.4
    endloop
  endfacet
  facet normal 0 0 1
    outer loop
      vertex -68.91235040363594 -65.00416675641603 32.4
      vertex -68.9039010574673 -65 32.4
      vertex -69.25194970290474 -59.62836140246615 32.4
    endloop
  endfacet
  facet normal 0 0 1
    outer loop
      vertex -68.9 -64.99807621135332 32.4
      vertex -69.25194970290474 -59.62836140246615 32.4
      vertex -68.9039010574673 -65 32.4
    endloop
  endfacet
  facet normal 0 0 1
    outer loop
      vertex -68.9 -64.99807621135332 32.4
      vertex -68.57371571297385 -64.7800600208737 32.4
      vertex -68.9 -59.80192378864669 32.4
    endloop
  endfacet
  facet normal 0 0 1
    outer loop
      vertex -70.00842142333985 -59.425665415878576 32.4
      vertex -69.53397459621557 -61.900000000000006 32.4
      vertex -69.47612046748871 -62.017316567634914 32.4
    endloop
  endfacet
  facet normal 0 0 1
    outer loop
      vertex -68.91235040363594 -65.00416675641603 32.4
      vertex -69.62354286469244 -59.5022225211328 32.4
      vertex -69.4085551386262 -62.26947380777995 32.4
    endloop
  endfacet
  facet normal 0 0 1
    outer loop
      vertex -68.57371571297385 -64.7800600208737 32.4
      vertex -68.27867965644036 -64.52132034355965 32.4
      vertex -68.57371571297385 -60.0199399791263 32.4
    endloop
  endfacet
  facet normal 0 0 1
    outer loop
      vertex -69.62354286469244 -59.5022225211328 32.4
      vertex -69.47612046748871 -62.017316567634914 32.4
      vertex -69.43407417371094 -62.141180954897486 32.4
    endloop
  endfacet
  facet normal 0 0 1
    outer loop
      vertex -69.62354286469244 -59.5022225211328 32.4
      vertex -69.43407417371094 -62.141180954897486 32.4
      vertex -69.4085551386262 -62.26947380777995 32.4
    endloop
  endfacet
  facet normal 0 0 1
    outer loop
      vertex -68.91235040363594 -65.00416675641603 32.4
      vertex -69.25194970290474 -59.62836140246615 32.4
      vertex -69.62354286469244 -59.5022225211328 32.4
    endloop
  endfacet
  facet normal 0 0 1
    outer loop
      vertex -68.9 -64.99807621135332 32.4
      vertex -68.9 -59.80192378864669 32.4
      vertex -69.25194970290474 -59.62836140246615 32.4
    endloop
  endfacet
  facet normal 0 0 1
    outer loop
      vertex -68.57371571297385 -64.7800600208737 32.4
      vertex -68.57371571297385 -60.0199399791263 32.4
      vertex -68.9 -59.80192378864669 32.4
    endloop
  endfacet
  facet normal 0 0 1
    outer loop
      vertex -68.27867965644036 -64.52132034355965 32.4
      vertex -68.27867965644036 -60.27867965644036 32.4
      vertex -68.57371571297385 -60.0199399791263 32.4
    endloop
  endfacet
  facet normal 0 0 1
    outer loop
      vertex -71.54805029709527 -59.62836140246615 32.4
      vertex -70.78268343236509 -61.47612046748872 32.4
      vertex -70.65881904510253 -61.43407417371094 32.4
    endloop
  endfacet
  facet normal 0 0 1
    outer loop
      vertex -71.17645713530757 -59.5022225211328 32.4
      vertex -70.53052619222005 -61.4085551386262 32.4
      vertex -70.4 -61.400000000000006 32.4
    endloop
  endfacet
  facet normal 0 0 1
    outer loop
      vertex -71.17645713530757 -59.5022225211328 32.4
      vertex -70.65881904510253 -61.43407417371094 32.4
      vertex -70.53052619222005 -61.4085551386262 32.4
    endloop
  endfacet
  facet normal 0 0 1
    outer loop
      vertex -71.17645713530757 -59.5022225211328 32.4
      vertex -70.4 -61.400000000000006 32.4
      vertex -70.26947380777996 -61.4085551386262 32.4
    endloop
  endfacet
  facet normal 0 0 1
    outer loop
      vertex -70.79157857666016 -59.425665415878576 32.4
      vertex -70.26947380777996 -61.4085551386262 32.4
      vertex -70.14118095489748 -61.43407417371094 32.4
    endloop
  endfacet
  facet normal 0 0 1
    outer loop
      vertex -71.17645713530757 -59.5022225211328 32.4
      vertex -70.26947380777996 -61.4085551386262 32.4
      vertex -70.79157857666016 -59.425665415878576 32.4
    endloop
  endfacet
  facet normal 0 0 1
    outer loop
      vertex -70.79157857666016 -59.425665415878576 32.4
      vertex -70.01731656763492 -61.47612046748872 32.4
      vertex -70.4 -59.400000000000006 32.4
    endloop
  endfacet
  facet normal 0 0 1
    outer loop
      vertex -70.4 -59.400000000000006 32.4
      vertex -69.9 -61.533974596215565 32.4
      vertex -69.79123857099128 -61.60664665970877 32.4
    endloop
  endfacet
  facet normal 0 0 1
    outer loop
      vertex -70.79157857666016 -59.425665415878576 32.4
      vertex -70.14118095489748 -61.43407417371094 32.4
      vertex -70.01731656763492 -61.47612046748872 32.4
    endloop
  endfacet
  facet normal 0 0 1
    outer loop
      vertex -70.4 -59.400000000000006 32.4
      vertex -70.01731656763492 -61.47612046748872 32.4
      vertex -69.9 -61.533974596215565 32.4
    endloop
  endfacet
  facet normal 0 0 1
    outer loop
      vertex -70.00842142333985 -59.425665415878576 32.4
      vertex -69.79123857099128 -61.60664665970877 32.4
      vertex -69.69289321881345 -61.69289321881346 32.4
    endloop
  endfacet
  facet normal 0 0 1
    outer loop
      vertex -70.00842142333985 -59.425665415878576 32.4
      vertex -69.60664665970877 -61.79123857099128 32.4
      vertex -69.53397459621557 -61.900000000000006 32.4
    endloop
  endfacet
  facet normal 0 0 1
    outer loop
      vertex -70.00842142333985 -59.425665415878576 32.4
      vertex -69.69289321881345 -61.69289321881346 32.4
      vertex -69.60664665970877 -61.79123857099128 32.4
    endloop
  endfacet
  facet normal 0 0 1
    outer loop
      vertex -70.4 -59.400000000000006 32.4
      vertex -69.79123857099128 -61.60664665970877 32.4
      vertex -70.00842142333985 -59.425665415878576 32.4
    endloop
  endfacet
  facet normal 0 0 1
    outer loop
      vertex -70.00842142333985 -59.425665415878576 32.4
      vertex -69.47612046748871 -62.017316567634914 32.4
      vertex -69.62354286469244 -59.5022225211328 32.4
    endloop
  endfacet
  facet normal 0 0 1
    outer loop
      vertex -68.27867965644036 -64.52132034355965 32.4
      vertex -68.0199399791263 -64.22628428702616 32.4
      vertex -68.27867965644036 -60.27867965644036 32.4
    endloop
  endfacet
  facet normal 0 0 1
    outer loop
      vertex -68.0199399791263 -64.22628428702616 32.4
      vertex -67.80192378864669 -63.900000000000006 32.4
      vertex -68.0199399791263 -60.57371571297384 32.4
    endloop
  endfacet
  facet normal 0 0 1
    outer loop
      vertex -67.80192378864669 -63.900000000000006 32.4
      vertex -67.62836140246614 -63.54805029709527 32.4
      vertex -67.80192378864669 -60.900000000000006 32.4
    endloop
  endfacet
  facet normal 0 0 1
    outer loop
      vertex -67.62836140246614 -63.54805029709527 32.4
      vertex -67.50222252113281 -63.176457135307565 32.4
      vertex -67.62836140246614 -61.25194970290474 32.4
    endloop
  endfacet
  facet normal 0 0 1
    outer loop
      vertex -67.50222252113281 -63.176457135307565 32.4
      vertex -67.42566541587857 -62.79157857666016 32.4
      vertex -67.50222252113281 -61.623542864692446 32.4
    endloop
  endfacet
  facet normal 0 0 1
    outer loop
      vertex -67.42566541587857 -62.79157857666016 32.4
      vertex -67.4 -62.400000000000006 32.4
      vertex -67.42566541587857 -62.008421423339854 32.4
    endloop
  endfacet
  facet normal 0 0 1
    outer loop
      vertex -67.42566541587857 -62.79157857666016 32.4
      vertex -67.42566541587857 -62.008421423339854 32.4
      vertex -67.50222252113281 -61.623542864692446 32.4
    endloop
  endfacet
  facet normal 0 0 1
    outer loop
      vertex -68.0199399791263 -64.22628428702616 32.4
      vertex -68.0199399791263 -60.57371571297384 32.4
      vertex -68.27867965644036 -60.27867965644036 32.4
    endloop
  endfacet
  facet normal 0 0 1
    outer loop
      vertex -67.62836140246614 -63.54805029709527 32.4
      vertex -67.62836140246614 -61.25194970290474 32.4
      vertex -67.80192378864669 -60.900000000000006 32.4
    endloop
  endfacet
  facet normal 0 0 1
    outer loop
      vertex -67.80192378864669 -63.900000000000006 32.4
      vertex -67.80192378864669 -60.900000000000006 32.4
      vertex -68.0199399791263 -60.57371571297384 32.4
    endloop
  endfacet
  facet normal 0 0 1
    outer loop
      vertex -67.50222252113281 -63.176457135307565 32.4
      vertex -67.50222252113281 -61.623542864692446 32.4
      vertex -67.62836140246614 -61.25194970290474 32.4
    endloop
  endfacet
  facet normal -0.6593458151000539 -0.7518398074789905 0
    outer loop
      vertex -72.52132034355965 60.27867965644036 2.4
      vertex -72.22628428702616 60.0199399791263 2.4
      vertex -72.52132034355965 60.27867965644036 32.4
    endloop
  endfacet
  facet normal -0.7518398074789916 -0.6593458151000527 0
    outer loop
      vertex -72.52132034355965 60.27867965644036 2.4
      vertex -72.7800600208737 60.57371571297384 32.4
      vertex -72.7800600208737 60.57371571297384 2.4
    endloop
  endfacet
  facet normal -0.8314696123025382 -0.5555702330196126 0
    outer loop
      vertex -72.7800600208737 60.57371571297384 2.4
      vertex -72.99807621135332 60.900000000000006 32.4
      vertex -72.99807621135332 60.900000000000006 2.4
    endloop
  endfacet
  facet normal -0.8968727415327203 -0.44228869021893624 0
    outer loop
      vertex -72.99807621135332 60.900000000000006 2.4
      vertex -72.99807621135332 60.900000000000006 32.4
      vertex -73 60.903901057467294 2.4
    endloop
  endfacet
  facet normal -0.5555702330196085 -0.8314696123025411 0
    outer loop
      vertex -72.22628428702616 60.0199399791263 2.4
      vertex -71.9 59.80192378864669 2.4
      vertex -72.22628428702616 60.0199399791263 32.4
    endloop
  endfacet
  facet normal -0.4422886902189947 -0.8968727415326916 0
    outer loop
      vertex -71.9 59.80192378864669 2.4
      vertex -71.54805029709527 59.62836140246615 2.4
      vertex -71.9 59.80192378864669 32.4
    endloop
  endfacet
  facet normal -0.19509032201611928 -0.9807852804032322 0
    outer loop
      vertex -71.17645713530757 59.5022225211328 2.4
      vertex -70.79157857666016 59.425665415878576 2.4
      vertex -71.17645713530757 59.5022225211328 32.4
    endloop
  endfacet
  facet normal -0.32143946530317186 -0.9469301294951022 0
    outer loop
      vertex -71.54805029709527 59.62836140246615 2.4
      vertex -71.17645713530757 59.5022225211328 2.4
      vertex -71.54805029709527 59.62836140246615 32.4
    endloop
  endfacet
  facet normal -0.8968727415327203 0.44228869021893624 0
    outer loop
      vertex -72.99807621135332 63.900000000000006 2.4
      vertex -73 63.89609894253272 2.4
      vertex -73 63.89609894253272 32.4
    endloop
  endfacet
  facet normal -0.8314696123025327 0.5555702330196209 0
    outer loop
      vertex -72.99807621135332 63.900000000000006 2.4
      vertex -72.7800600208737 64.22628428702616 32.4
      vertex -72.7800600208737 64.22628428702616 2.4
    endloop
  endfacet
  facet normal -0.7518398074789994 0.6593458151000436 0
    outer loop
      vertex -72.7800600208737 64.22628428702616 2.4
      vertex -72.52132034355965 64.52132034355965 32.4
      vertex -72.52132034355965 64.52132034355965 2.4
    endloop
  endfacet
  facet normal -0.6593458151000436 0.7518398074789994 0
    outer loop
      vertex -72.52132034355965 64.52132034355965 2.4
      vertex -72.22628428702616 64.7800600208737 32.4
      vertex -72.22628428702616 64.7800600208737 2.4
    endloop
  endfacet
  facet normal -0.44228869021893624 0.8968727415327203 0
    outer loop
      vertex -71.9 64.99807621135332 2.4
      vertex -71.9 64.99807621135332 32.4
      vertex -71.89609894253272 65 2.4
    endloop
  endfacet
  facet normal -0.5555702330196209 0.8314696123025327 0
    outer loop
      vertex -72.22628428702616 64.7800600208737 2.4
      vertex -71.9 64.99807621135332 32.4
      vertex -71.9 64.99807621135332 2.4
    endloop
  endfacet
  facet normal -0.0654031292301486 -0.9978589232386031 0
    outer loop
      vertex -70.79157857666016 59.425665415878576 2.4
      vertex -70.4 59.400000000000006 2.4
      vertex -70.79157857666016 59.425665415878576 32.4
    endloop
  endfacet
  facet normal 0.0654031292301486 -0.9978589232386031 0
    outer loop
      vertex -70.4 59.400000000000006 2.4
      vertex -70.00842142333985 59.425665415878576 2.4
      vertex -70.4 59.400000000000006 32.4
    endloop
  endfacet
  facet normal 0.19509032201611928 -0.9807852804032322 0
    outer loop
      vertex -70.00842142333985 59.425665415878576 2.4
      vertex -69.62354286469244 59.5022225211328 2.4
      vertex -70.00842142333985 59.425665415878576 32.4
    endloop
  endfacet
  facet normal 0.32143946530317186 -0.9469301294951022 0
    outer loop
      vertex -69.62354286469244 59.5022225211328 2.4
      vertex -69.25194970290474 59.62836140246615 2.4
      vertex -69.62354286469244 59.5022225211328 32.4
    endloop
  endfacet
  facet normal 0.4422886902189947 -0.8968727415326916 0
    outer loop
      vertex -69.25194970290474 59.62836140246615 2.4
      vertex -68.9 59.80192378864669 2.4
      vertex -69.25194970290474 59.62836140246615 32.4
    endloop
  endfacet
  facet normal 0.5555702330196085 -0.8314696123025411 0
    outer loop
      vertex -68.9 59.80192378864669 2.4
      vertex -68.57371571297385 60.0199399791263 2.4
      vertex -68.9 59.80192378864669 32.4
    endloop
  endfacet
  facet normal 0.6593458151000539 -0.7518398074789905 0
    outer loop
      vertex -68.57371571297385 60.0199399791263 2.4
      vertex -68.27867965644036 60.27867965644036 2.4
      vertex -68.57371571297385 60.0199399791263 32.4
    endloop
  endfacet
  facet normal 0.7518398074789916 -0.6593458151000527 0
    outer loop
      vertex -68.27867965644036 60.27867965644036 2.4
      vertex -68.0199399791263 60.57371571297384 2.4
      vertex -68.27867965644036 60.27867965644036 32.4
    endloop
  endfacet
  facet normal 0.8314696123025382 -0.5555702330196126 0
    outer loop
      vertex -68.0199399791263 60.57371571297384 2.4
      vertex -67.80192378864669 60.900000000000006 2.4
      vertex -68.0199399791263 60.57371571297384 32.4
    endloop
  endfacet
  facet normal 0.8968727415326844 -0.44228869021900924 0
    outer loop
      vertex -67.80192378864669 60.900000000000006 2.4
      vertex -67.62836140246614 61.25194970290474 2.4
      vertex -67.80192378864669 60.900000000000006 32.4
    endloop
  endfacet
  facet normal 0.946930129495115 -0.32143946530313383 0
    outer loop
      vertex -67.62836140246614 61.25194970290474 2.4
      vertex -67.50222252113281 61.623542864692446 2.4
      vertex -67.62836140246614 61.25194970290474 32.4
    endloop
  endfacet
  facet normal 0.9807852804032245 -0.19509032201615759 0
    outer loop
      vertex -67.50222252113281 61.623542864692446 2.4
      vertex -67.42566541587857 62.008421423339854 2.4
      vertex -67.50222252113281 61.623542864692446 32.4
    endloop
  endfacet
  facet normal 0.9978589232386044 -0.06540312923013057 0
    outer loop
      vertex -67.42566541587857 62.008421423339854 2.4
      vertex -67.4 62.400000000000006 2.4
      vertex -67.42566541587857 62.008421423339854 32.4
    endloop
  endfacet
  facet normal 0.9978589232386044 0.06540312923013057 0
    outer loop
      vertex -67.4 62.400000000000006 2.4
      vertex -67.42566541587857 62.79157857666016 2.4
      vertex -67.4 62.400000000000006 32.4
    endloop
  endfacet
  facet normal 0.9807852804032245 0.19509032201615759 0
    outer loop
      vertex -67.42566541587857 62.79157857666016 2.4
      vertex -67.50222252113281 63.176457135307565 2.4
      vertex -67.42566541587857 62.79157857666016 32.4
    endloop
  endfacet
  facet normal 0.6593458151000436 0.7518398074789994 0
    outer loop
      vertex -68.57371571297385 64.7800600208737 2.4
      vertex -68.27867965644036 64.52132034355965 32.4
      vertex -68.27867965644036 64.52132034355965 2.4
    endloop
  endfacet
  facet normal 0.44228869021893624 0.8968727415327203 0
    outer loop
      vertex -68.9 64.99807621135332 2.4
      vertex -68.9039010574673 65 2.4
      vertex -68.9039010574673 65 32.4
    endloop
  endfacet
  facet normal 0.5555702330196209 0.8314696123025327 0
    outer loop
      vertex -68.9 64.99807621135332 2.4
      vertex -68.57371571297385 64.7800600208737 32.4
      vertex -68.57371571297385 64.7800600208737 2.4
    endloop
  endfacet
  facet normal 0.8968727415326844 0.44228869021900924 0
    outer loop
      vertex -67.62836140246614 63.54805029709527 2.4
      vertex -67.80192378864669 63.900000000000006 2.4
      vertex -67.62836140246614 63.54805029709527 32.4
    endloop
  endfacet
  facet normal 0.8314696123025327 0.5555702330196209 0
    outer loop
      vertex -68.0199399791263 64.22628428702616 2.4
      vertex -67.80192378864669 63.900000000000006 32.4
      vertex -67.80192378864669 63.900000000000006 2.4
    endloop
  endfacet
  facet normal 0.946930129495115 0.32143946530313383 0
    outer loop
      vertex -67.50222252113281 63.176457135307565 2.4
      vertex -67.62836140246614 63.54805029709527 2.4
      vertex -67.50222252113281 63.176457135307565 32.4
    endloop
  endfacet
  facet normal 0.7518398074789994 0.6593458151000436 0
    outer loop
      vertex -68.0199399791263 64.22628428702616 2.4
      vertex -68.27867965644036 64.52132034355965 2.4
      vertex -68.0199399791263 64.22628428702616 32.4
    endloop
  endfacet
  facet normal -0.7518398074789916 -0.6593458151000527 0
    outer loop
      vertex -72.52132034355965 60.27867965644036 2.4
      vertex -72.52132034355965 60.27867965644036 32.4
      vertex -72.7800600208737 60.57371571297384 32.4
    endloop
  endfacet
  facet normal -0.8314696123025382 -0.5555702330196126 0
    outer loop
      vertex -72.7800600208737 60.57371571297384 2.4
      vertex -72.7800600208737 60.57371571297384 32.4
      vertex -72.99807621135332 60.900000000000006 32.4
    endloop
  endfacet
  facet normal -0.8968727415327203 -0.44228869021893624 0
    outer loop
      vertex -73 60.903901057467294 2.4
      vertex -72.99807621135332 60.900000000000006 32.4
      vertex -73 60.903901057467294 32.4
    endloop
  endfacet
  facet normal -0.5555702330196085 -0.8314696123025411 0
    outer loop
      vertex -71.9 59.80192378864669 2.4
      vertex -71.9 59.80192378864669 32.4
      vertex -72.22628428702616 60.0199399791263 32.4
    endloop
  endfacet
  facet normal -0.4422886902189947 -0.8968727415326916 0
    outer loop
      vertex -71.54805029709527 59.62836140246615 2.4
      vertex -71.54805029709527 59.62836140246615 32.4
      vertex -71.9 59.80192378864669 32.4
    endloop
  endfacet
  facet normal -0.32143946530317186 -0.9469301294951022 0
    outer loop
      vertex -71.17645713530757 59.5022225211328 2.4
      vertex -71.17645713530757 59.5022225211328 32.4
      vertex -71.54805029709527 59.62836140246615 32.4
    endloop
  endfacet
  facet normal -0.6593458151000539 -0.7518398074789905 0
    outer loop
      vertex -72.22628428702616 60.0199399791263 2.4
      vertex -72.22628428702616 60.0199399791263 32.4
      vertex -72.52132034355965 60.27867965644036 32.4
    endloop
  endfacet
  facet normal -0.8968727415327203 0.44228869021893624 0
    outer loop
      vertex -72.99807621135332 63.900000000000006 2.4
      vertex -73 63.89609894253272 32.4
      vertex -72.99807621135332 63.900000000000006 32.4
    endloop
  endfacet
  facet normal -0.8314696123025327 0.5555702330196209 0
    outer loop
      vertex -72.99807621135332 63.900000000000006 2.4
      vertex -72.99807621135332 63.900000000000006 32.4
      vertex -72.7800600208737 64.22628428702616 32.4
    endloop
  endfacet
  facet normal -0.7518398074789994 0.6593458151000436 0
    outer loop
      vertex -72.7800600208737 64.22628428702616 2.4
      vertex -72.7800600208737 64.22628428702616 32.4
      vertex -72.52132034355965 64.52132034355965 32.4
    endloop
  endfacet
  facet normal -0.6593458151000436 0.7518398074789994 0
    outer loop
      vertex -72.52132034355965 64.52132034355965 2.4
      vertex -72.52132034355965 64.52132034355965 32.4
      vertex -72.22628428702616 64.7800600208737 32.4
    endloop
  endfacet
  facet normal -0.5555702330196209 0.8314696123025327 0
    outer loop
      vertex -72.22628428702616 64.7800600208737 2.4
      vertex -72.22628428702616 64.7800600208737 32.4
      vertex -71.9 64.99807621135332 32.4
    endloop
  endfacet
  facet normal -0.44228869021893624 0.8968727415327203 0
    outer loop
      vertex -71.89609894253272 65 2.4
      vertex -71.9 64.99807621135332 32.4
      vertex -71.89609894253272 65 32.4
    endloop
  endfacet
  facet normal -0.19509032201611928 -0.9807852804032322 0
    outer loop
      vertex -70.79157857666016 59.425665415878576 2.4
      vertex -70.79157857666016 59.425665415878576 32.4
      vertex -71.17645713530757 59.5022225211328 32.4
    endloop
  endfacet
  facet normal -0.0654031292301486 -0.9978589232386031 0
    outer loop
      vertex -70.4 59.400000000000006 2.4
      vertex -70.4 59.400000000000006 32.4
      vertex -70.79157857666016 59.425665415878576 32.4
    endloop
  endfacet
  facet normal 0.0654031292301486 -0.9978589232386031 0
    outer loop
      vertex -70.00842142333985 59.425665415878576 2.4
      vertex -70.00842142333985 59.425665415878576 32.4
      vertex -70.4 59.400000000000006 32.4
    endloop
  endfacet
  facet normal 0.19509032201611928 -0.9807852804032322 0
    outer loop
      vertex -69.62354286469244 59.5022225211328 2.4
      vertex -69.62354286469244 59.5022225211328 32.4
      vertex -70.00842142333985 59.425665415878576 32.4
    endloop
  endfacet
  facet normal 0.32143946530317186 -0.9469301294951022 0
    outer loop
      vertex -69.25194970290474 59.62836140246615 2.4
      vertex -69.25194970290474 59.62836140246615 32.4
      vertex -69.62354286469244 59.5022225211328 32.4
    endloop
  endfacet
  facet normal 0.4422886902189947 -0.8968727415326916 0
    outer loop
      vertex -68.9 59.80192378864669 2.4
      vertex -68.9 59.80192378864669 32.4
      vertex -69.25194970290474 59.62836140246615 32.4
    endloop
  endfacet
  facet normal 0.5555702330196085 -0.8314696123025411 0
    outer loop
      vertex -68.57371571297385 60.0199399791263 2.4
      vertex -68.57371571297385 60.0199399791263 32.4
      vertex -68.9 59.80192378864669 32.4
    endloop
  endfacet
  facet normal 0.6593458151000539 -0.7518398074789905 0
    outer loop
      vertex -68.27867965644036 60.27867965644036 2.4
      vertex -68.27867965644036 60.27867965644036 32.4
      vertex -68.57371571297385 60.0199399791263 32.4
    endloop
  endfacet
  facet normal 0.7518398074789916 -0.6593458151000527 0
    outer loop
      vertex -68.0199399791263 60.57371571297384 2.4
      vertex -68.0199399791263 60.57371571297384 32.4
      vertex -68.27867965644036 60.27867965644036 32.4
    endloop
  endfacet
  facet normal 0.8314696123025382 -0.5555702330196126 0
    outer loop
      vertex -67.80192378864669 60.900000000000006 2.4
      vertex -67.80192378864669 60.900000000000006 32.4
      vertex -68.0199399791263 60.57371571297384 32.4
    endloop
  endfacet
  facet normal 0.8968727415326844 -0.44228869021900924 0
    outer loop
      vertex -67.62836140246614 61.25194970290474 2.4
      vertex -67.62836140246614 61.25194970290474 32.4
      vertex -67.80192378864669 60.900000000000006 32.4
    endloop
  endfacet
  facet normal 0.946930129495115 -0.32143946530313383 0
    outer loop
      vertex -67.50222252113281 61.623542864692446 2.4
      vertex -67.50222252113281 61.623542864692446 32.4
      vertex -67.62836140246614 61.25194970290474 32.4
    endloop
  endfacet
  facet normal 0.9807852804032245 -0.19509032201615759 0
    outer loop
      vertex -67.42566541587857 62.008421423339854 2.4
      vertex -67.42566541587857 62.008421423339854 32.4
      vertex -67.50222252113281 61.623542864692446 32.4
    endloop
  endfacet
  facet normal 0.9978589232386044 -0.06540312923013057 0
    outer loop
      vertex -67.4 62.400000000000006 2.4
      vertex -67.4 62.400000000000006 32.4
      vertex -67.42566541587857 62.008421423339854 32.4
    endloop
  endfacet
  facet normal 0.9978589232386044 0.06540312923013057 0
    outer loop
      vertex -67.42566541587857 62.79157857666016 2.4
      vertex -67.42566541587857 62.79157857666016 32.4
      vertex -67.4 62.400000000000006 32.4
    endloop
  endfacet
  facet normal 0.9807852804032245 0.19509032201615759 0
    outer loop
      vertex -67.50222252113281 63.176457135307565 2.4
      vertex -67.50222252113281 63.176457135307565 32.4
      vertex -67.42566541587857 62.79157857666016 32.4
    endloop
  endfacet
  facet normal 0.6593458151000436 0.7518398074789994 0
    outer loop
      vertex -68.57371571297385 64.7800600208737 2.4
      vertex -68.57371571297385 64.7800600208737 32.4
      vertex -68.27867965644036 64.52132034355965 32.4
    endloop
  endfacet
  facet normal 0.44228869021893624 0.8968727415327203 0
    outer loop
      vertex -68.9 64.99807621135332 2.4
      vertex -68.9039010574673 65 32.4
      vertex -68.9 64.99807621135332 32.4
    endloop
  endfacet
  facet normal 0.5555702330196209 0.8314696123025327 0
    outer loop
      vertex -68.9 64.99807621135332 2.4
      vertex -68.9 64.99807621135332 32.4
      vertex -68.57371571297385 64.7800600208737 32.4
    endloop
  endfacet
  facet normal 0.8314696123025327 0.5555702330196209 0
    outer loop
      vertex -68.0199399791263 64.22628428702616 2.4
      vertex -68.0199399791263 64.22628428702616 32.4
      vertex -67.80192378864669 63.900000000000006 32.4
    endloop
  endfacet
  facet normal 0.8968727415326844 0.44228869021900924 0
    outer loop
      vertex -67.80192378864669 63.900000000000006 2.4
      vertex -67.80192378864669 63.900000000000006 32.4
      vertex -67.62836140246614 63.54805029709527 32.4
    endloop
  endfacet
  facet normal 0.946930129495115 0.32143946530313383 0
    outer loop
      vertex -67.62836140246614 63.54805029709527 2.4
      vertex -67.62836140246614 63.54805029709527 32.4
      vertex -67.50222252113281 63.176457135307565 32.4
    endloop
  endfacet
  facet normal 0.7518398074789994 0.6593458151000436 0
    outer loop
      vertex -68.27867965644036 64.52132034355965 2.4
      vertex -68.27867965644036 64.52132034355965 32.4
      vertex -68.0199399791263 64.22628428702616 32.4
    endloop
  endfacet
  facet normal 0 0 1
    outer loop
      vertex -71.54805029709527 59.62836140246615 32.4
      vertex -71.17645713530757 59.5022225211328 32.4
      vertex -71.36592582628907 62.141180954897486 32.4
    endloop
  endfacet
  facet normal 0 0 1
    outer loop
      vertex -71.17645713530757 59.5022225211328 32.4
      vertex -70.79157857666016 59.425665415878576 32.4
      vertex -71.10710678118656 61.69289321881346 32.4
    endloop
  endfacet
  facet normal 0 0 1
    outer loop
      vertex -71.17645713530757 59.5022225211328 32.4
      vertex -71.19335334029124 61.79123857099128 32.4
      vertex -71.26602540378444 61.900000000000006 32.4
    endloop
  endfacet
  facet normal 0 0 1
    outer loop
      vertex -71.17645713530757 59.5022225211328 32.4
      vertex -71.10710678118656 61.69289321881346 32.4
      vertex -71.19335334029124 61.79123857099128 32.4
    endloop
  endfacet
  facet normal 0 0 1
    outer loop
      vertex -73 60.903901057467294 32.4
      vertex -73.04843950578815 61.66839538638356 32.4
      vertex -73.05984433416282 61.02525336249511 32.4
    endloop
  endfacet
  facet normal 0 0 1
    outer loop
      vertex -72.99807621135332 60.900000000000006 32.4
      vertex -73.04843950578815 61.66839538638356 32.4
      vertex -73 60.903901057467294 32.4
    endloop
  endfacet
  facet normal 0 0 1
    outer loop
      vertex -72.52132034355965 60.27867965644036 32.4
      vertex -72.22628428702616 60.0199399791263 32.4
      vertex -72.52132034355965 64.52132034355965 32.4
    endloop
  endfacet
  facet normal 0 0 1
    outer loop
      vertex -72.7800600208737 60.57371571297384 32.4
      vertex -72.99807621135332 63.900000000000006 32.4
      vertex -72.99807621135332 60.900000000000006 32.4
    endloop
  endfacet
  facet normal 0 0 1
    outer loop
      vertex -72.52132034355965 60.27867965644036 32.4
      vertex -72.7800600208737 64.22628428702616 32.4
      vertex -72.7800600208737 60.57371571297384 32.4
    endloop
  endfacet
  facet normal 0 0 1
    outer loop
      vertex -72.99807621135332 60.900000000000006 32.4
      vertex -72.99807621135332 63.900000000000006 32.4
      vertex -73.04843950578815 61.66839538638356 32.4
    endloop
  endfacet
  facet normal 0 0 1
    outer loop
      vertex -73.04843950578815 61.66839538638356 32.4
      vertex -72.99807621135332 63.900000000000006 32.4
      vertex -73.05035492479095 61.697619033113824 32.4
    endloop
  endfacet
  facet normal 0 0 1
    outer loop
      vertex -72.7800600208737 60.57371571297384 32.4
      vertex -72.7800600208737 64.22628428702616 32.4
      vertex -72.99807621135332 63.900000000000006 32.4
    endloop
  endfacet
  facet normal 0 0 1
    outer loop
      vertex -73.05035492479095 61.697619033113824 32.4
      vertex -72.99807621135332 63.900000000000006 32.4
      vertex -73 63.89609894253272 32.4
    endloop
  endfacet
  facet normal 0 0 1
    outer loop
      vertex -73.05035492479095 61.697619033113824 32.4
      vertex -73 63.89609894253272 32.4
      vertex -73.00926897268236 63.877303325270354 32.4
    endloop
  endfacet
  facet normal 0 0 1
    outer loop
      vertex -73.05035492479095 61.697619033113824 32.4
      vertex -73.00926897268236 63.877303325270354 32.4
      vertex -73.00975817407227 63.87631132298444 32.4
    endloop
  endfacet
  facet normal 0 0 1
    outer loop
      vertex -72.52132034355965 60.27867965644036 32.4
      vertex -72.52132034355965 64.52132034355965 32.4
      vertex -72.7800600208737 64.22628428702616 32.4
    endloop
  endfacet
  facet normal 0 0 1
    outer loop
      vertex -72.22628428702616 60.0199399791263 32.4
      vertex -71.9 59.80192378864669 32.4
      vertex -72.22628428702616 64.7800600208737 32.4
    endloop
  endfacet
  facet normal 0 0 1
    outer loop
      vertex -71.9 59.80192378864669 32.4
      vertex -71.54805029709527 59.62836140246615 32.4
      vertex -71.9 64.99807621135332 32.4
    endloop
  endfacet
  facet normal 0 0 1
    outer loop
      vertex -71.54805029709527 59.62836140246615 32.4
      vertex -71.36592582628907 62.141180954897486 32.4
      vertex -71.39144486137381 62.26947380777995 32.4
    endloop
  endfacet
  facet normal 0 0 1
    outer loop
      vertex -71.54805029709527 59.62836140246615 32.4
      vertex -71.39144486137381 62.26947380777995 32.4
      vertex -71.4 62.400000000000006 32.4
    endloop
  endfacet
  facet normal 0 0 1
    outer loop
      vertex -71.17645713530757 59.5022225211328 32.4
      vertex -71.26602540378444 61.900000000000006 32.4
      vertex -71.3238795325113 62.017316567634914 32.4
    endloop
  endfacet
  facet normal 0 0 1
    outer loop
      vertex -71.17645713530757 59.5022225211328 32.4
      vertex -71.3238795325113 62.017316567634914 32.4
      vertex -71.36592582628907 62.141180954897486 32.4
    endloop
  endfacet
  facet normal 0 0 1
    outer loop
      vertex -72.22628428702616 60.0199399791263 32.4
      vertex -72.22628428702616 64.7800600208737 32.4
      vertex -72.52132034355965 64.52132034355965 32.4
    endloop
  endfacet
  facet normal 0 0 1
    outer loop
      vertex -71.54805029709527 59.62836140246615 32.4
      vertex -71.4 62.400000000000006 32.4
      vertex -71.53680050906016 65 32.4
    endloop
  endfacet
  facet normal 0 0 1
    outer loop
      vertex -71.9 59.80192378864669 32.4
      vertex -71.9 64.99807621135332 32.4
      vertex -72.22628428702616 64.7800600208737 32.4
    endloop
  endfacet
  facet normal 0 0 1
    outer loop
      vertex -71.54805029709527 59.62836140246615 32.4
      vertex -71.89609894253272 65 32.4
      vertex -71.9 64.99807621135332 32.4
    endloop
  endfacet
  facet normal 0 0 1
    outer loop
      vertex -71.54805029709527 59.62836140246615 32.4
      vertex -71.53680050906016 65 32.4
      vertex -71.89609894253272 65 32.4
    endloop
  endfacet
  facet normal 0 0 1
    outer loop
      vertex -71.53680050906016 65 32.4
      vertex -71.4 62.400000000000006 32.4
      vertex -71.39144486137381 62.53052619222006 32.4
    endloop
  endfacet
  facet normal 0 0 1
    outer loop
      vertex -71.53680050906016 65 32.4
      vertex -71.39144486137381 62.53052619222006 32.4
      vertex -71.36592582628907 62.658819045102526 32.4
    endloop
  endfacet
  facet normal 0 0 1
    outer loop
      vertex -71.54705609415178 65.17197608395722 32.4
      vertex -71.36592582628907 62.658819045102526 32.4
      vertex -71.3238795325113 62.7826834323651 32.4
    endloop
  endfacet
  facet normal 0 0 1
    outer loop
      vertex -71.454659251714 65.20334058562824 32.4
      vertex -71.3238795325113 62.7826834323651 32.4
      vertex -71.26602540378444 62.900000000000006 32.4
    endloop
  endfacet
  facet normal 0 0 1
    outer loop
      vertex -71.454659251714 65.20334058562824 32.4
      vertex -71.26602540378444 62.900000000000006 32.4
      vertex -71.19335334029124 63.00876142900873 32.4
    endloop
  endfacet
  facet normal 0 0 1
    outer loop
      vertex -71.454659251714 65.20334058562824 32.4
      vertex -71.19335334029124 63.00876142900873 32.4
      vertex -71.10710678118656 63.10710678118655 32.4
    endloop
  endfacet
  facet normal 0 0 1
    outer loop
      vertex -71.454659251714 65.20334058562824 32.4
      vertex -71.10710678118656 63.10710678118655 32.4
      vertex -71.00876142900873 63.19335334029124 32.4
    endloop
  endfacet
  facet normal 0 0 1
    outer loop
      vertex -71.454659251714 65.20334058562824 32.4
      vertex -71.00876142900873 63.19335334029124 32.4
      vertex -70.9 63.26602540378445 32.4
    endloop
  endfacet
  facet normal 0 0 1
    outer loop
      vertex -71.454659251714 65.20334058562824 32.4
      vertex -70.9 63.26602540378445 32.4
      vertex -70.78268343236509 63.32387953251129 32.4
    endloop
  endfacet
  facet normal 0 0 1
    outer loop
      vertex -71.53680050906016 65 32.4
      vertex -71.36592582628907 62.658819045102526 32.4
      vertex -71.54705609415178 65.17197608395722 32.4
    endloop
  endfacet
  facet normal 0 0 1
    outer loop
      vertex -71.54705609415178 65.17197608395722 32.4
      vertex -71.3238795325113 62.7826834323651 32.4
      vertex -71.454659251714 65.20334058562824 32.4
    endloop
  endfacet
  facet normal 0 0 1
    outer loop
      vertex -70.79157857666016 59.425665415878576 32.4
      vertex -70.4 59.400000000000006 32.4
      vertex -70.78268343236509 61.47612046748872 32.4
    endloop
  endfacet
  facet normal 0 0 1
    outer loop
      vertex -70.79157857666016 59.425665415878576 32.4
      vertex -70.78268343236509 61.47612046748872 32.4
      vertex -70.9 61.533974596215565 32.4
    endloop
  endfacet
  facet normal 0 0 1
    outer loop
      vertex -70.79157857666016 59.425665415878576 32.4
      vertex -71.00876142900873 61.60664665970877 32.4
      vertex -71.10710678118656 61.69289321881346 32.4
    endloop
  endfacet
  facet normal 0 0 1
    outer loop
      vertex -70.79157857666016 59.425665415878576 32.4
      vertex -70.9 61.533974596215565 32.4
      vertex -71.00876142900873 61.60664665970877 32.4
    endloop
  endfacet
  facet normal 0 0 1
    outer loop
      vertex -70.4 59.400000000000006 32.4
      vertex -70.65881904510253 61.43407417371094 32.4
      vertex -70.78268343236509 61.47612046748872 32.4
    endloop
  endfacet
  facet normal 0 0 1
    outer loop
      vertex -70.4 59.400000000000006 32.4
      vertex -70.53052619222005 61.4085551386262 32.4
      vertex -70.65881904510253 61.43407417371094 32.4
    endloop
  endfacet
  facet normal 0 0 1
    outer loop
      vertex -70.4 59.400000000000006 32.4
      vertex -70.00842142333985 59.425665415878576 32.4
      vertex -70.53052619222005 61.4085551386262 32.4
    endloop
  endfacet
  facet normal 0 0 1
    outer loop
      vertex -70.00842142333985 59.425665415878576 32.4
      vertex -69.62354286469244 59.5022225211328 32.4
      vertex -70.26947380777996 61.4085551386262 32.4
    endloop
  endfacet
  facet normal 0 0 1
    outer loop
      vertex -69.62354286469244 59.5022225211328 32.4
      vertex -69.25194970290474 59.62836140246615 32.4
      vertex -70.14118095489748 61.43407417371094 32.4
    endloop
  endfacet
  facet normal 0 0 1
    outer loop
      vertex -70.00842142333985 59.425665415878576 32.4
      vertex -70.4 61.400000000000006 32.4
      vertex -70.53052619222005 61.4085551386262 32.4
    endloop
  endfacet
  facet normal 0 0 1
    outer loop
      vertex -70.00842142333985 59.425665415878576 32.4
      vertex -70.26947380777996 61.4085551386262 32.4
      vertex -70.4 61.400000000000006 32.4
    endloop
  endfacet
  facet normal 0 0 1
    outer loop
      vertex -69.62354286469244 59.5022225211328 32.4
      vertex -70.14118095489748 61.43407417371094 32.4
      vertex -70.26947380777996 61.4085551386262 32.4
    endloop
  endfacet
  facet normal 0 0 1
    outer loop
      vertex -69.25194970290474 59.62836140246615 32.4
      vertex -70.01731656763492 61.47612046748872 32.4
      vertex -70.14118095489748 61.43407417371094 32.4
    endloop
  endfacet
  facet normal 0 0 1
    outer loop
      vertex -69.25194970290474 59.62836140246615 32.4
      vertex -69.9 61.533974596215565 32.4
      vertex -70.01731656763492 61.47612046748872 32.4
    endloop
  endfacet
  facet normal 0 0 1
    outer loop
      vertex -69.25194970290474 59.62836140246615 32.4
      vertex -69.79123857099128 61.60664665970877 32.4
      vertex -69.9 61.533974596215565 32.4
    endloop
  endfacet
  facet normal 0 0 1
    outer loop
      vertex -69.25194970290474 59.62836140246615 32.4
      vertex -69.69289321881345 61.69289321881346 32.4
      vertex -69.79123857099128 61.60664665970877 32.4
    endloop
  endfacet
  facet normal 0 0 1
    outer loop
      vertex -69.25194970290474 59.62836140246615 32.4
      vertex -69.60664665970877 61.79123857099128 32.4
      vertex -69.69289321881345 61.69289321881346 32.4
    endloop
  endfacet
  facet normal 0 0 1
    outer loop
      vertex -69.25194970290474 59.62836140246615 32.4
      vertex -69.53397459621557 61.900000000000006 32.4
      vertex -69.60664665970877 61.79123857099128 32.4
    endloop
  endfacet
  facet normal 0 0 1
    outer loop
      vertex -69.25194970290474 59.62836140246615 32.4
      vertex -69.47612046748871 62.017316567634914 32.4
      vertex -69.53397459621557 61.900000000000006 32.4
    endloop
  endfacet
  facet normal 0 0 1
    outer loop
      vertex -69.25194970290474 59.62836140246615 32.4
      vertex -69.43407417371094 62.141180954897486 32.4
      vertex -69.47612046748871 62.017316567634914 32.4
    endloop
  endfacet
  facet normal 0 0 1
    outer loop
      vertex -69.25194970290474 59.62836140246615 32.4
      vertex -69.4085551386262 62.26947380777995 32.4
      vertex -69.43407417371094 62.141180954897486 32.4
    endloop
  endfacet
  facet normal 0 0 1
    outer loop
      vertex -69.25194970290474 59.62836140246615 32.4
      vertex -69.4 62.400000000000006 32.4
      vertex -69.4085551386262 62.26947380777995 32.4
    endloop
  endfacet
  facet normal 0 0 1
    outer loop
      vertex -69.25194970290474 59.62836140246615 32.4
      vertex -68.9 59.80192378864669 32.4
      vertex -69.25194970290474 65.16923407991666 32.4
    endloop
  endfacet
  facet normal 0 0 1
    outer loop
      vertex -68.9 59.80192378864669 32.4
      vertex -68.57371571297385 60.0199399791263 32.4
      vertex -68.9 64.99807621135332 32.4
    endloop
  endfacet
  facet normal 0 0 1
    outer loop
      vertex -68.57371571297385 60.0199399791263 32.4
      vertex -68.27867965644036 60.27867965644036 32.4
      vertex -68.57371571297385 64.7800600208737 32.4
    endloop
  endfacet
  facet normal 0 0 1
    outer loop
      vertex -69.25194970290474 59.62836140246615 32.4
      vertex -69.38793034130792 65.21779780436279 32.4
      vertex -69.4 62.400000000000006 32.4
    endloop
  endfacet
  facet normal 0 0 1
    outer loop
      vertex -68.27867965644036 60.27867965644036 32.4
      vertex -68.0199399791263 60.57371571297384 32.4
      vertex -68.27867965644036 64.52132034355965 32.4
    endloop
  endfacet
  facet normal 0 0 1
    outer loop
      vertex -68.0199399791263 60.57371571297384 32.4
      vertex -67.80192378864669 60.900000000000006 32.4
      vertex -68.0199399791263 64.22628428702616 32.4
    endloop
  endfacet
  facet normal 0 0 1
    outer loop
      vertex -67.80192378864669 60.900000000000006 32.4
      vertex -67.62836140246614 61.25194970290474 32.4
      vertex -67.80192378864669 63.900000000000006 32.4
    endloop
  endfacet
  facet normal 0 0 1
    outer loop
      vertex -68.0199399791263 60.57371571297384 32.4
      vertex -68.0199399791263 64.22628428702616 32.4
      vertex -68.27867965644036 64.52132034355965 32.4
    endloop
  endfacet
  facet normal 0 0 1
    outer loop
      vertex -67.62836140246614 61.25194970290474 32.4
      vertex -67.62836140246614 63.54805029709527 32.4
      vertex -67.80192378864669 63.900000000000006 32.4
    endloop
  endfacet
  facet normal 0 0 1
    outer loop
      vertex -67.80192378864669 60.900000000000006 32.4
      vertex -67.80192378864669 63.900000000000006 32.4
      vertex -68.0199399791263 64.22628428702616 32.4
    endloop
  endfacet
  facet normal 0 0 1
    outer loop
      vertex -67.62836140246614 61.25194970290474 32.4
      vertex -67.50222252113281 61.623542864692446 32.4
      vertex -67.62836140246614 63.54805029709527 32.4
    endloop
  endfacet
  facet normal 0 0 1
    outer loop
      vertex -67.50222252113281 61.623542864692446 32.4
      vertex -67.42566541587857 62.008421423339854 32.4
      vertex -67.50222252113281 63.176457135307565 32.4
    endloop
  endfacet
  facet normal 0 0 1
    outer loop
      vertex -67.42566541587857 62.008421423339854 32.4
      vertex -67.42566541587857 62.79157857666016 32.4
      vertex -67.50222252113281 63.176457135307565 32.4
    endloop
  endfacet
  facet normal 0 0 1
    outer loop
      vertex -67.42566541587857 62.008421423339854 32.4
      vertex -67.4 62.400000000000006 32.4
      vertex -67.42566541587857 62.79157857666016 32.4
    endloop
  endfacet
  facet normal 0 0 1
    outer loop
      vertex -67.50222252113281 61.623542864692446 32.4
      vertex -67.50222252113281 63.176457135307565 32.4
      vertex -67.62836140246614 63.54805029709527 32.4
    endloop
  endfacet
  facet normal 0 0 1
    outer loop
      vertex -71.454659251714 65.20334058562824 32.4
      vertex -70.78268343236509 63.32387953251129 32.4
      vertex -70.65881904510253 63.36592582628907 32.4
    endloop
  endfacet
  facet normal 0 0 1
    outer loop
      vertex -71.454659251714 65.20334058562824 32.4
      vertex -70.65881904510253 63.36592582628907 32.4
      vertex -70.53052619222005 63.39144486137381 32.4
    endloop
  endfacet
  facet normal 0 0 1
    outer loop
      vertex -69.38793034130792 65.21779780436279 32.4
      vertex -70.53052619222005 63.39144486137381 32.4
      vertex -70.4 63.400000000000006 32.4
    endloop
  endfacet
  facet normal 0 0 1
    outer loop
      vertex -69.38793034130792 65.21779780436279 32.4
      vertex -70.4 63.400000000000006 32.4
      vertex -70.26947380777996 63.39144486137381 32.4
    endloop
  endfacet
  facet normal 0 0 1
    outer loop
      vertex -69.38793034130792 65.21779780436279 32.4
      vertex -70.14118095489748 63.36592582628907 32.4
      vertex -70.01731656763492 63.32387953251129 32.4
    endloop
  endfacet
  facet normal 0 0 1
    outer loop
      vertex -69.38793034130792 65.21779780436279 32.4
      vertex -70.01731656763492 63.32387953251129 32.4
      vertex -69.9 63.26602540378445 32.4
    endloop
  endfacet
  facet normal 0 0 1
    outer loop
      vertex -69.38793034130792 65.21779780436279 32.4
      vertex -69.9 63.26602540378445 32.4
      vertex -69.79123857099128 63.19335334029124 32.4
    endloop
  endfacet
  facet normal 0 0 1
    outer loop
      vertex -69.38793034130792 65.21779780436279 32.4
      vertex -70.26947380777996 63.39144486137381 32.4
      vertex -70.14118095489748 63.36592582628907 32.4
    endloop
  endfacet
  facet normal 0 0 1
    outer loop
      vertex -71.454659251714 65.20334058562824 32.4
      vertex -70.53052619222005 63.39144486137381 32.4
      vertex -69.38793034130792 65.21779780436279 32.4
    endloop
  endfacet
  facet normal 0 0 1
    outer loop
      vertex -69.38793034130792 65.21779780436279 32.4
      vertex -69.4085551386262 62.53052619222006 32.4
      vertex -69.4 62.400000000000006 32.4
    endloop
  endfacet
  facet normal 0 0 1
    outer loop
      vertex -69.25194970290474 59.62836140246615 32.4
      vertex -69.35048882242903 65.20508812132104 32.4
      vertex -69.38793034130792 65.21779780436279 32.4
    endloop
  endfacet
  facet normal 0 0 1
    outer loop
      vertex -69.38793034130792 65.21779780436279 32.4
      vertex -69.60664665970877 63.00876142900873 32.4
      vertex -69.53397459621557 62.900000000000006 32.4
    endloop
  endfacet
  facet normal 0 0 1
    outer loop
      vertex -69.38793034130792 65.21779780436279 32.4
      vertex -69.47612046748871 62.7826834323651 32.4
      vertex -69.43407417371094 62.658819045102526 32.4
    endloop
  endfacet
  facet normal 0 0 1
    outer loop
      vertex -69.38793034130792 65.21779780436279 32.4
      vertex -69.43407417371094 62.658819045102526 32.4
      vertex -69.4085551386262 62.53052619222006 32.4
    endloop
  endfacet
  facet normal 0 0 1
    outer loop
      vertex -69.38793034130792 65.21779780436279 32.4
      vertex -69.53397459621557 62.900000000000006 32.4
      vertex -69.47612046748871 62.7826834323651 32.4
    endloop
  endfacet
  facet normal 0 0 1
    outer loop
      vertex -69.25194970290474 59.62836140246615 32.4
      vertex -69.25194970290474 65.16923407991666 32.4
      vertex -69.35048882242903 65.20508812132104 32.4
    endloop
  endfacet
  facet normal 0 0 1
    outer loop
      vertex -68.9 59.80192378864669 32.4
      vertex -68.9 64.99807621135332 32.4
      vertex -69.25194970290474 65.16923407991666 32.4
    endloop
  endfacet
  facet normal 0 0 1
    outer loop
      vertex -69.38793034130792 65.21779780436279 32.4
      vertex -69.79123857099128 63.19335334029124 32.4
      vertex -69.69289321881345 63.10710678118655 32.4
    endloop
  endfacet
  facet normal 0 0 1
    outer loop
      vertex -69.38793034130792 65.21779780436279 32.4
      vertex -69.69289321881345 63.10710678118655 32.4
      vertex -69.60664665970877 63.00876142900873 32.4
    endloop
  endfacet
  facet normal 0 0 1
    outer loop
      vertex -68.57371571297385 60.0199399791263 32.4
      vertex -68.57371571297385 64.7800600208737 32.4
      vertex -68.9 64.99807621135332 32.4
    endloop
  endfacet
  facet normal 0 0 1
    outer loop
      vertex -68.27867965644036 60.27867965644036 32.4
      vertex -68.27867965644036 64.52132034355965 32.4
      vertex -68.57371571297385 64.7800600208737 32.4
    endloop
  endfacet
  facet normal 0 0 1
    outer loop
      vertex -69.25194970290474 65.16923407991666 32.4
      vertex -68.9039010574673 65 32.4
      vertex -69.24706198229353 65.16922824047074 32.4
    endloop
  endfacet
  facet normal 0 0 1
    outer loop
      vertex -69.25194970290474 65.16923407991666 32.4
      vertex -68.9 64.99807621135332 32.4
      vertex -68.9039010574673 65 32.4
    endloop
  endfacet
  facet normal -0.7518398074789994 -0.6593458151000436 0
    outer loop
      vertex 68.27867965644036 -64.52132034355965 2.4
      vertex 68.0199399791263 -64.22628428702616 32.4
      vertex 68.0199399791263 -64.22628428702616 2.4
    endloop
  endfacet
  facet normal -0.946930129495115 -0.32143946530313383 0
    outer loop
      vertex 67.62836140246614 -63.54805029709527 2.4
      vertex 67.50222252113281 -63.176457135307565 32.4
      vertex 67.50222252113281 -63.176457135307565 2.4
    endloop
  endfacet
  facet normal -0.8314696123025327 -0.5555702330196209 0
    outer loop
      vertex 67.80192378864669 -63.900000000000006 2.4
      vertex 68.0199399791263 -64.22628428702616 2.4
      vertex 67.80192378864669 -63.900000000000006 32.4
    endloop
  endfacet
  facet normal -0.8968727415326844 -0.44228869021900924 0
    outer loop
      vertex 67.80192378864669 -63.900000000000006 2.4
      vertex 67.62836140246614 -63.54805029709527 32.4
      vertex 67.62836140246614 -63.54805029709527 2.4
    endloop
  endfacet
  facet normal -0.5555702330196209 -0.8314696123025327 0
    outer loop
      vertex 68.57371571297385 -64.7800600208737 2.4
      vertex 68.9 -64.99807621135332 2.4
      vertex 68.57371571297385 -64.7800600208737 32.4
    endloop
  endfacet
  facet normal -0.44228869021893624 -0.8968727415327203 0
    outer loop
      vertex 68.9 -64.99807621135332 2.4
      vertex 68.9039010574673 -65 2.4
      vertex 68.9039010574673 -65 32.4
    endloop
  endfacet
  facet normal -0.6593458151000436 -0.7518398074789994 0
    outer loop
      vertex 68.27867965644036 -64.52132034355965 2.4
      vertex 68.57371571297385 -64.7800600208737 2.4
      vertex 68.27867965644036 -64.52132034355965 32.4
    endloop
  endfacet
  facet normal -0.9807852804032245 -0.19509032201615759 0
    outer loop
      vertex 67.50222252113281 -63.176457135307565 2.4
      vertex 67.42566541587857 -62.79157857666016 32.4
      vertex 67.42566541587857 -62.79157857666016 2.4
    endloop
  endfacet
  facet normal -0.9978589232386044 -0.06540312923013057 0
    outer loop
      vertex 67.42566541587857 -62.79157857666016 2.4
      vertex 67.4 -62.400000000000006 32.4
      vertex 67.4 -62.400000000000006 2.4
    endloop
  endfacet
  facet normal -0.9978589232386044 0.06540312923013057 0
    outer loop
      vertex 67.4 -62.400000000000006 2.4
      vertex 67.42566541587857 -62.008421423339854 32.4
      vertex 67.42566541587857 -62.008421423339854 2.4
    endloop
  endfacet
  facet normal -0.9807852804032245 0.19509032201615759 0
    outer loop
      vertex 67.42566541587857 -62.008421423339854 2.4
      vertex 67.50222252113281 -61.623542864692446 32.4
      vertex 67.50222252113281 -61.623542864692446 2.4
    endloop
  endfacet
  facet normal -0.946930129495115 0.32143946530313383 0
    outer loop
      vertex 67.50222252113281 -61.623542864692446 2.4
      vertex 67.62836140246614 -61.25194970290474 32.4
      vertex 67.62836140246614 -61.25194970290474 2.4
    endloop
  endfacet
  facet normal -0.8968727415326844 0.44228869021900924 0
    outer loop
      vertex 67.62836140246614 -61.25194970290474 2.4
      vertex 67.80192378864669 -60.900000000000006 32.4
      vertex 67.80192378864669 -60.900000000000006 2.4
    endloop
  endfacet
  facet normal -0.8314696123025382 0.5555702330196126 0
    outer loop
      vertex 67.80192378864669 -60.900000000000006 2.4
      vertex 68.0199399791263 -60.57371571297384 32.4
      vertex 68.0199399791263 -60.57371571297384 2.4
    endloop
  endfacet
  facet normal -0.7518398074789916 0.6593458151000527 0
    outer loop
      vertex 68.0199399791263 -60.57371571297384 2.4
      vertex 68.27867965644036 -60.27867965644036 32.4
      vertex 68.27867965644036 -60.27867965644036 2.4
    endloop
  endfacet
  facet normal -0.6593458151000539 0.7518398074789905 0
    outer loop
      vertex 68.27867965644036 -60.27867965644036 2.4
      vertex 68.57371571297385 -60.0199399791263 32.4
      vertex 68.57371571297385 -60.0199399791263 2.4
    endloop
  endfacet
  facet normal -0.5555702330196085 0.8314696123025411 0
    outer loop
      vertex 68.57371571297385 -60.0199399791263 2.4
      vertex 68.9 -59.80192378864669 32.4
      vertex 68.9 -59.80192378864669 2.4
    endloop
  endfacet
  facet normal -0.4422886902189947 0.8968727415326916 0
    outer loop
      vertex 68.9 -59.80192378864669 2.4
      vertex 69.25194970290474 -59.62836140246615 32.4
      vertex 69.25194970290474 -59.62836140246615 2.4
    endloop
  endfacet
  facet normal -0.32143946530317186 0.9469301294951022 0
    outer loop
      vertex 69.25194970290474 -59.62836140246615 2.4
      vertex 69.62354286469244 -59.5022225211328 32.4
      vertex 69.62354286469244 -59.5022225211328 2.4
    endloop
  endfacet
  facet normal -0.19509032201611928 0.9807852804032322 0
    outer loop
      vertex 69.62354286469244 -59.5022225211328 2.4
      vertex 70.00842142333985 -59.425665415878576 32.4
      vertex 70.00842142333985 -59.425665415878576 2.4
    endloop
  endfacet
  facet normal -0.0654031292301486 0.9978589232386031 0
    outer loop
      vertex 70.00842142333985 -59.425665415878576 2.4
      vertex 70.4 -59.400000000000006 32.4
      vertex 70.4 -59.400000000000006 2.4
    endloop
  endfacet
  facet normal 0.0654031292301486 0.9978589232386031 0
    outer loop
      vertex 70.4 -59.400000000000006 2.4
      vertex 70.79157857666016 -59.425665415878576 32.4
      vertex 70.79157857666016 -59.425665415878576 2.4
    endloop
  endfacet
  facet normal 0.44228869021893624 -0.8968727415327203 0
    outer loop
      vertex 71.9 -64.99807621135332 2.4
      vertex 71.9 -64.99807621135332 32.4
      vertex 71.89609894253272 -65 2.4
    endloop
  endfacet
  facet normal 0.5555702330196209 -0.8314696123025327 0
    outer loop
      vertex 71.9 -64.99807621135332 2.4
      vertex 72.22628428702616 -64.7800600208737 2.4
      vertex 71.9 -64.99807621135332 32.4
    endloop
  endfacet
  facet normal 0.6593458151000436 -0.7518398074789994 0
    outer loop
      vertex 72.22628428702616 -64.7800600208737 2.4
      vertex 72.52132034355965 -64.52132034355965 2.4
      vertex 72.22628428702616 -64.7800600208737 32.4
    endloop
  endfacet
  facet normal 0.7518398074789994 -0.6593458151000436 0
    outer loop
      vertex 72.52132034355965 -64.52132034355965 2.4
      vertex 72.7800600208737 -64.22628428702616 2.4
      vertex 72.52132034355965 -64.52132034355965 32.4
    endloop
  endfacet
  facet normal 0.8314696123025327 -0.5555702330196209 0
    outer loop
      vertex 72.7800600208737 -64.22628428702616 2.4
      vertex 72.99807621135332 -63.900000000000006 2.4
      vertex 72.7800600208737 -64.22628428702616 32.4
    endloop
  endfacet
  facet normal 0.8968727415327203 -0.44228869021893624 0
    outer loop
      vertex 72.99807621135332 -63.900000000000006 2.4
      vertex 73 -63.89609894253272 2.4
      vertex 73 -63.89609894253272 32.4
    endloop
  endfacet
  facet normal 0.32143946530317186 0.9469301294951022 0
    outer loop
      vertex 71.17645713530757 -59.5022225211328 2.4
      vertex 71.54805029709527 -59.62836140246615 32.4
      vertex 71.54805029709527 -59.62836140246615 2.4
    endloop
  endfacet
  facet normal 0.19509032201611928 0.9807852804032322 0
    outer loop
      vertex 70.79157857666016 -59.425665415878576 2.4
      vertex 71.17645713530757 -59.5022225211328 32.4
      vertex 71.17645713530757 -59.5022225211328 2.4
    endloop
  endfacet
  facet normal 0.4422886902189947 0.8968727415326916 0
    outer loop
      vertex 71.54805029709527 -59.62836140246615 2.4
      vertex 71.9 -59.80192378864669 32.4
      vertex 71.9 -59.80192378864669 2.4
    endloop
  endfacet
  facet normal 0.5555702330196085 0.8314696123025411 0
    outer loop
      vertex 71.9 -59.80192378864669 2.4
      vertex 72.22628428702616 -60.0199399791263 32.4
      vertex 72.22628428702616 -60.0199399791263 2.4
    endloop
  endfacet
  facet normal 0.8968727415327203 0.44228869021893624 0
    outer loop
      vertex 72.99807621135332 -60.900000000000006 2.4
      vertex 72.99807621135332 -60.900000000000006 32.4
      vertex 73 -60.903901057467294 2.4
    endloop
  endfacet
  facet normal 0.8314696123025382 0.5555702330196126 0
    outer loop
      vertex 72.99807621135332 -60.900000000000006 2.4
      vertex 72.7800600208737 -60.57371571297384 2.4
      vertex 72.99807621135332 -60.900000000000006 32.4
    endloop
  endfacet
  facet normal 0.7518398074789916 0.6593458151000527 0
    outer loop
      vertex 72.7800600208737 -60.57371571297384 2.4
      vertex 72.52132034355965 -60.27867965644036 2.4
      vertex 72.7800600208737 -60.57371571297384 32.4
    endloop
  endfacet
  facet normal 0.6593458151000539 0.7518398074789905 0
    outer loop
      vertex 72.22628428702616 -60.0199399791263 2.4
      vertex 72.52132034355965 -60.27867965644036 32.4
      vertex 72.52132034355965 -60.27867965644036 2.4
    endloop
  endfacet
  facet normal -0.7518398074789994 -0.6593458151000436 0
    outer loop
      vertex 68.27867965644036 -64.52132034355965 2.4
      vertex 68.27867965644036 -64.52132034355965 32.4
      vertex 68.0199399791263 -64.22628428702616 32.4
    endloop
  endfacet
  facet normal -0.946930129495115 -0.32143946530313383 0
    outer loop
      vertex 67.62836140246614 -63.54805029709527 2.4
      vertex 67.62836140246614 -63.54805029709527 32.4
      vertex 67.50222252113281 -63.176457135307565 32.4
    endloop
  endfacet
  facet normal -0.8968727415326844 -0.44228869021900924 0
    outer loop
      vertex 67.80192378864669 -63.900000000000006 2.4
      vertex 67.80192378864669 -63.900000000000006 32.4
      vertex 67.62836140246614 -63.54805029709527 32.4
    endloop
  endfacet
  facet normal -0.8314696123025327 -0.5555702330196209 0
    outer loop
      vertex 68.0199399791263 -64.22628428702616 2.4
      vertex 68.0199399791263 -64.22628428702616 32.4
      vertex 67.80192378864669 -63.900000000000006 32.4
    endloop
  endfacet
  facet normal -0.5555702330196209 -0.8314696123025327 0
    outer loop
      vertex 68.9 -64.99807621135332 2.4
      vertex 68.9 -64.99807621135332 32.4
      vertex 68.57371571297385 -64.7800600208737 32.4
    endloop
  endfacet
  facet normal -0.44228869021893624 -0.8968727415327203 0
    outer loop
      vertex 68.9 -64.99807621135332 2.4
      vertex 68.9039010574673 -65 32.4
      vertex 68.9 -64.99807621135332 32.4
    endloop
  endfacet
  facet normal -0.6593458151000436 -0.7518398074789994 0
    outer loop
      vertex 68.57371571297385 -64.7800600208737 2.4
      vertex 68.57371571297385 -64.7800600208737 32.4
      vertex 68.27867965644036 -64.52132034355965 32.4
    endloop
  endfacet
  facet normal -0.9807852804032245 -0.19509032201615759 0
    outer loop
      vertex 67.50222252113281 -63.176457135307565 2.4
      vertex 67.50222252113281 -63.176457135307565 32.4
      vertex 67.42566541587857 -62.79157857666016 32.4
    endloop
  endfacet
  facet normal -0.9978589232386044 -0.06540312923013057 0
    outer loop
      vertex 67.42566541587857 -62.79157857666016 2.4
      vertex 67.42566541587857 -62.79157857666016 32.4
      vertex 67.4 -62.400000000000006 32.4
    endloop
  endfacet
  facet normal -0.9978589232386044 0.06540312923013057 0
    outer loop
      vertex 67.4 -62.400000000000006 2.4
      vertex 67.4 -62.400000000000006 32.4
      vertex 67.42566541587857 -62.008421423339854 32.4
    endloop
  endfacet
  facet normal -0.9807852804032245 0.19509032201615759 0
    outer loop
      vertex 67.42566541587857 -62.008421423339854 2.4
      vertex 67.42566541587857 -62.008421423339854 32.4
      vertex 67.50222252113281 -61.623542864692446 32.4
    endloop
  endfacet
  facet normal -0.946930129495115 0.32143946530313383 0
    outer loop
      vertex 67.50222252113281 -61.623542864692446 2.4
      vertex 67.50222252113281 -61.623542864692446 32.4
      vertex 67.62836140246614 -61.25194970290474 32.4
    endloop
  endfacet
  facet normal -0.8968727415326844 0.44228869021900924 0
    outer loop
      vertex 67.62836140246614 -61.25194970290474 2.4
      vertex 67.62836140246614 -61.25194970290474 32.4
      vertex 67.80192378864669 -60.900000000000006 32.4
    endloop
  endfacet
  facet normal -0.8314696123025382 0.5555702330196126 0
    outer loop
      vertex 67.80192378864669 -60.900000000000006 2.4
      vertex 67.80192378864669 -60.900000000000006 32.4
      vertex 68.0199399791263 -60.57371571297384 32.4
    endloop
  endfacet
  facet normal -0.7518398074789916 0.6593458151000527 0
    outer loop
      vertex 68.0199399791263 -60.57371571297384 2.4
      vertex 68.0199399791263 -60.57371571297384 32.4
      vertex 68.27867965644036 -60.27867965644036 32.4
    endloop
  endfacet
  facet normal -0.6593458151000539 0.7518398074789905 0
    outer loop
      vertex 68.27867965644036 -60.27867965644036 2.4
      vertex 68.27867965644036 -60.27867965644036 32.4
      vertex 68.57371571297385 -60.0199399791263 32.4
    endloop
  endfacet
  facet normal -0.5555702330196085 0.8314696123025411 0
    outer loop
      vertex 68.57371571297385 -60.0199399791263 2.4
      vertex 68.57371571297385 -60.0199399791263 32.4
      vertex 68.9 -59.80192378864669 32.4
    endloop
  endfacet
  facet normal -0.4422886902189947 0.8968727415326916 0
    outer loop
      vertex 68.9 -59.80192378864669 2.4
      vertex 68.9 -59.80192378864669 32.4
      vertex 69.25194970290474 -59.62836140246615 32.4
    endloop
  endfacet
  facet normal -0.32143946530317186 0.9469301294951022 0
    outer loop
      vertex 69.25194970290474 -59.62836140246615 2.4
      vertex 69.25194970290474 -59.62836140246615 32.4
      vertex 69.62354286469244 -59.5022225211328 32.4
    endloop
  endfacet
  facet normal -0.19509032201611928 0.9807852804032322 0
    outer loop
      vertex 69.62354286469244 -59.5022225211328 2.4
      vertex 69.62354286469244 -59.5022225211328 32.4
      vertex 70.00842142333985 -59.425665415878576 32.4
    endloop
  endfacet
  facet normal -0.0654031292301486 0.9978589232386031 0
    outer loop
      vertex 70.00842142333985 -59.425665415878576 2.4
      vertex 70.00842142333985 -59.425665415878576 32.4
      vertex 70.4 -59.400000000000006 32.4
    endloop
  endfacet
  facet normal 0.0654031292301486 0.9978589232386031 0
    outer loop
      vertex 70.4 -59.400000000000006 2.4
      vertex 70.4 -59.400000000000006 32.4
      vertex 70.79157857666016 -59.425665415878576 32.4
    endloop
  endfacet
  facet normal 0.19509032201611928 0.9807852804032322 0
    outer loop
      vertex 70.79157857666016 -59.425665415878576 2.4
      vertex 70.79157857666016 -59.425665415878576 32.4
      vertex 71.17645713530757 -59.5022225211328 32.4
    endloop
  endfacet
  facet normal 0.44228869021893624 -0.8968727415327203 0
    outer loop
      vertex 71.89609894253272 -65 2.4
      vertex 71.9 -64.99807621135332 32.4
      vertex 71.89609894253272 -65 32.4
    endloop
  endfacet
  facet normal 0.5555702330196209 -0.8314696123025327 0
    outer loop
      vertex 72.22628428702616 -64.7800600208737 2.4
      vertex 72.22628428702616 -64.7800600208737 32.4
      vertex 71.9 -64.99807621135332 32.4
    endloop
  endfacet
  facet normal 0.6593458151000436 -0.7518398074789994 0
    outer loop
      vertex 72.52132034355965 -64.52132034355965 2.4
      vertex 72.52132034355965 -64.52132034355965 32.4
      vertex 72.22628428702616 -64.7800600208737 32.4
    endloop
  endfacet
  facet normal 0.7518398074789994 -0.6593458151000436 0
    outer loop
      vertex 72.7800600208737 -64.22628428702616 2.4
      vertex 72.7800600208737 -64.22628428702616 32.4
      vertex 72.52132034355965 -64.52132034355965 32.4
    endloop
  endfacet
  facet normal 0.8314696123025327 -0.5555702330196209 0
    outer loop
      vertex 72.99807621135332 -63.900000000000006 2.4
      vertex 72.99807621135332 -63.900000000000006 32.4
      vertex 72.7800600208737 -64.22628428702616 32.4
    endloop
  endfacet
  facet normal 0.8968727415327203 -0.44228869021893624 0
    outer loop
      vertex 72.99807621135332 -63.900000000000006 2.4
      vertex 73 -63.89609894253272 32.4
      vertex 72.99807621135332 -63.900000000000006 32.4
    endloop
  endfacet
  facet normal 0.6593458151000539 0.7518398074789905 0
    outer loop
      vertex 72.22628428702616 -60.0199399791263 2.4
      vertex 72.22628428702616 -60.0199399791263 32.4
      vertex 72.52132034355965 -60.27867965644036 32.4
    endloop
  endfacet
  facet normal 0.32143946530317186 0.9469301294951022 0
    outer loop
      vertex 71.17645713530757 -59.5022225211328 2.4
      vertex 71.17645713530757 -59.5022225211328 32.4
      vertex 71.54805029709527 -59.62836140246615 32.4
    endloop
  endfacet
  facet normal 0.4422886902189947 0.8968727415326916 0
    outer loop
      vertex 71.54805029709527 -59.62836140246615 2.4
      vertex 71.54805029709527 -59.62836140246615 32.4
      vertex 71.9 -59.80192378864669 32.4
    endloop
  endfacet
  facet normal 0.5555702330196085 0.8314696123025411 0
    outer loop
      vertex 71.9 -59.80192378864669 2.4
      vertex 71.9 -59.80192378864669 32.4
      vertex 72.22628428702616 -60.0199399791263 32.4
    endloop
  endfacet
  facet normal 0.8968727415327203 0.44228869021893624 0
    outer loop
      vertex 73 -60.903901057467294 2.4
      vertex 72.99807621135332 -60.900000000000006 32.4
      vertex 73 -60.903901057467294 32.4
    endloop
  endfacet
  facet normal 0.8314696123025382 0.5555702330196126 0
    outer loop
      vertex 72.7800600208737 -60.57371571297384 2.4
      vertex 72.7800600208737 -60.57371571297384 32.4
      vertex 72.99807621135332 -60.900000000000006 32.4
    endloop
  endfacet
  facet normal 0.7518398074789916 0.6593458151000527 0
    outer loop
      vertex 72.52132034355965 -60.27867965644036 2.4
      vertex 72.52132034355965 -60.27867965644036 32.4
      vertex 72.7800600208737 -60.57371571297384 32.4
    endloop
  endfacet
  facet normal 0 0 1
    outer loop
      vertex 68.9 -64.99807621135332 32.4
      vertex 68.9039010574673 -65 32.4
      vertex 69.25194970290474 -65.16923407991666 32.4
    endloop
  endfacet
  facet normal 0 0 1
    outer loop
      vertex 68.9039010574673 -65 32.4
      vertex 69.24706198229353 -65.16922824047074 32.4
      vertex 69.25194970290474 -65.16923407991666 32.4
    endloop
  endfacet
  facet normal 0 0 1
    outer loop
      vertex 69.25194970290474 -65.16923407991666 32.4
      vertex 69.61738346880372 -65.2038032574245 32.4
      vertex 69.43407417371094 -62.658819045102526 32.4
    endloop
  endfacet
  facet normal 0 0 1
    outer loop
      vertex 68.27867965644036 -64.52132034355965 32.4
      vertex 68.57371571297385 -64.7800600208737 32.4
      vertex 68.27867965644036 -60.27867965644036 32.4
    endloop
  endfacet
  facet normal 0 0 1
    outer loop
      vertex 68.57371571297385 -64.7800600208737 32.4
      vertex 68.9 -64.99807621135332 32.4
      vertex 68.57371571297385 -60.0199399791263 32.4
    endloop
  endfacet
  facet normal 0 0 1
    outer loop
      vertex 69.61738346880372 -65.2038032574245 32.4
      vertex 69.69289321881345 -63.10710678118655 32.4
      vertex 69.60664665970877 -63.00876142900873 32.4
    endloop
  endfacet
  facet normal 0 0 1
    outer loop
      vertex 68.9 -64.99807621135332 32.4
      vertex 69.25194970290474 -65.16923407991666 32.4
      vertex 68.9 -59.80192378864669 32.4
    endloop
  endfacet
  facet normal 0 0 1
    outer loop
      vertex 69.25194970290474 -65.16923407991666 32.4
      vertex 69.43407417371094 -62.658819045102526 32.4
      vertex 69.4085551386262 -62.53052619222006 32.4
    endloop
  endfacet
  facet normal 0 0 1
    outer loop
      vertex 69.61738346880372 -65.2038032574245 32.4
      vertex 69.53397459621557 -62.900000000000006 32.4
      vertex 69.47612046748871 -62.7826834323651 32.4
    endloop
  endfacet
  facet normal 0 0 1
    outer loop
      vertex 69.61738346880372 -65.2038032574245 32.4
      vertex 69.60664665970877 -63.00876142900873 32.4
      vertex 69.53397459621557 -62.900000000000006 32.4
    endloop
  endfacet
  facet normal 0 0 1
    outer loop
      vertex 69.61738346880372 -65.2038032574245 32.4
      vertex 69.47612046748871 -62.7826834323651 32.4
      vertex 69.43407417371094 -62.658819045102526 32.4
    endloop
  endfacet
  facet normal 0 0 1
    outer loop
      vertex 69.25194970290474 -65.16923407991666 32.4
      vertex 69.4085551386262 -62.53052619222006 32.4
      vertex 69.4 -62.400000000000006 32.4
    endloop
  endfacet
  facet normal 0 0 1
    outer loop
      vertex 69.6181951455777 -65.21618705191942 32.4
      vertex 71.454659251714 -65.20334058562824 32.4
      vertex 69.61738346880372 -65.2038032574245 32.4
    endloop
  endfacet
  facet normal 0 0 1
    outer loop
      vertex 69.61738346880372 -65.2038032574245 32.4
      vertex 71.454659251714 -65.20334058562824 32.4
      vertex 70.53052619222005 -63.39144486137381 32.4
    endloop
  endfacet
  facet normal 0 0 1
    outer loop
      vertex 69.61738346880372 -65.2038032574245 32.4
      vertex 69.9 -63.26602540378445 32.4
      vertex 69.79123857099128 -63.19335334029124 32.4
    endloop
  endfacet
  facet normal 0 0 1
    outer loop
      vertex 69.61738346880372 -65.2038032574245 32.4
      vertex 69.79123857099128 -63.19335334029124 32.4
      vertex 69.69289321881345 -63.10710678118655 32.4
    endloop
  endfacet
  facet normal 0 0 1
    outer loop
      vertex 69.61738346880372 -65.2038032574245 32.4
      vertex 70.14118095489748 -63.36592582628907 32.4
      vertex 70.01731656763492 -63.32387953251129 32.4
    endloop
  endfacet
  facet normal 0 0 1
    outer loop
      vertex 69.61738346880372 -65.2038032574245 32.4
      vertex 70.01731656763492 -63.32387953251129 32.4
      vertex 69.9 -63.26602540378445 32.4
    endloop
  endfacet
  facet normal 0 0 1
    outer loop
      vertex 69.61738346880372 -65.2038032574245 32.4
      vertex 70.4 -63.400000000000006 32.4
      vertex 70.26947380777996 -63.39144486137381 32.4
    endloop
  endfacet
  facet normal 0 0 1
    outer loop
      vertex 69.61738346880372 -65.2038032574245 32.4
      vertex 70.26947380777996 -63.39144486137381 32.4
      vertex 70.14118095489748 -63.36592582628907 32.4
    endloop
  endfacet
  facet normal 0 0 1
    outer loop
      vertex 69.61738346880372 -65.2038032574245 32.4
      vertex 70.53052619222005 -63.39144486137381 32.4
      vertex 70.4 -63.400000000000006 32.4
    endloop
  endfacet
  facet normal 0 0 1
    outer loop
      vertex 71.454659251714 -65.20334058562824 32.4
      vertex 70.65881904510253 -63.36592582628907 32.4
      vertex 70.53052619222005 -63.39144486137381 32.4
    endloop
  endfacet
  facet normal 0 0 1
    outer loop
      vertex 71.454659251714 -65.20334058562824 32.4
      vertex 70.78268343236509 -63.32387953251129 32.4
      vertex 70.65881904510253 -63.36592582628907 32.4
    endloop
  endfacet
  facet normal 0 0 1
    outer loop
      vertex 67.62836140246614 -63.54805029709527 32.4
      vertex 67.50222252113281 -61.623542864692446 32.4
      vertex 67.50222252113281 -63.176457135307565 32.4
    endloop
  endfacet
  facet normal 0 0 1
    outer loop
      vertex 67.42566541587857 -62.79157857666016 32.4
      vertex 67.42566541587857 -62.008421423339854 32.4
      vertex 67.4 -62.400000000000006 32.4
    endloop
  endfacet
  facet normal 0 0 1
    outer loop
      vertex 67.50222252113281 -63.176457135307565 32.4
      vertex 67.42566541587857 -62.008421423339854 32.4
      vertex 67.42566541587857 -62.79157857666016 32.4
    endloop
  endfacet
  facet normal 0 0 1
    outer loop
      vertex 67.50222252113281 -63.176457135307565 32.4
      vertex 67.50222252113281 -61.623542864692446 32.4
      vertex 67.42566541587857 -62.008421423339854 32.4
    endloop
  endfacet
  facet normal 0 0 1
    outer loop
      vertex 67.62836140246614 -63.54805029709527 32.4
      vertex 67.62836140246614 -61.25194970290474 32.4
      vertex 67.50222252113281 -61.623542864692446 32.4
    endloop
  endfacet
  facet normal 0 0 1
    outer loop
      vertex 67.80192378864669 -63.900000000000006 32.4
      vertex 68.0199399791263 -64.22628428702616 32.4
      vertex 67.80192378864669 -60.900000000000006 32.4
    endloop
  endfacet
  facet normal 0 0 1
    outer loop
      vertex 67.80192378864669 -63.900000000000006 32.4
      vertex 67.62836140246614 -61.25194970290474 32.4
      vertex 67.62836140246614 -63.54805029709527 32.4
    endloop
  endfacet
  facet normal 0 0 1
    outer loop
      vertex 68.27867965644036 -64.52132034355965 32.4
      vertex 68.0199399791263 -60.57371571297384 32.4
      vertex 68.0199399791263 -64.22628428702616 32.4
    endloop
  endfacet
  facet normal 0 0 1
    outer loop
      vertex 67.80192378864669 -63.900000000000006 32.4
      vertex 67.80192378864669 -60.900000000000006 32.4
      vertex 67.62836140246614 -61.25194970290474 32.4
    endloop
  endfacet
  facet normal 0 0 1
    outer loop
      vertex 68.0199399791263 -64.22628428702616 32.4
      vertex 68.0199399791263 -60.57371571297384 32.4
      vertex 67.80192378864669 -60.900000000000006 32.4
    endloop
  endfacet
  facet normal 0 0 1
    outer loop
      vertex 68.27867965644036 -64.52132034355965 32.4
      vertex 68.27867965644036 -60.27867965644036 32.4
      vertex 68.0199399791263 -60.57371571297384 32.4
    endloop
  endfacet
  facet normal 0 0 1
    outer loop
      vertex 69.25194970290474 -65.16923407991666 32.4
      vertex 69.4 -62.400000000000006 32.4
      vertex 69.25194970290474 -59.62836140246615 32.4
    endloop
  endfacet
  facet normal 0 0 1
    outer loop
      vertex 68.57371571297385 -64.7800600208737 32.4
      vertex 68.57371571297385 -60.0199399791263 32.4
      vertex 68.27867965644036 -60.27867965644036 32.4
    endloop
  endfacet
  facet normal 0 0 1
    outer loop
      vertex 68.9 -64.99807621135332 32.4
      vertex 68.9 -59.80192378864669 32.4
      vertex 68.57371571297385 -60.0199399791263 32.4
    endloop
  endfacet
  facet normal 0 0 1
    outer loop
      vertex 69.25194970290474 -65.16923407991666 32.4
      vertex 69.25194970290474 -59.62836140246615 32.4
      vertex 68.9 -59.80192378864669 32.4
    endloop
  endfacet
  facet normal 0 0 1
    outer loop
      vertex 69.25194970290474 -59.62836140246615 32.4
      vertex 69.4085551386262 -62.26947380777995 32.4
      vertex 69.43407417371094 -62.141180954897486 32.4
    endloop
  endfacet
  facet normal 0 0 1
    outer loop
      vertex 69.25194970290474 -59.62836140246615 32.4
      vertex 69.4 -62.400000000000006 32.4
      vertex 69.4085551386262 -62.26947380777995 32.4
    endloop
  endfacet
  facet normal 0 0 1
    outer loop
      vertex 69.25194970290474 -59.62836140246615 32.4
      vertex 69.43407417371094 -62.141180954897486 32.4
      vertex 69.47612046748871 -62.017316567634914 32.4
    endloop
  endfacet
  facet normal 0 0 1
    outer loop
      vertex 69.25194970290474 -59.62836140246615 32.4
      vertex 69.47612046748871 -62.017316567634914 32.4
      vertex 69.53397459621557 -61.900000000000006 32.4
    endloop
  endfacet
  facet normal 0 0 1
    outer loop
      vertex 69.25194970290474 -59.62836140246615 32.4
      vertex 69.53397459621557 -61.900000000000006 32.4
      vertex 69.60664665970877 -61.79123857099128 32.4
    endloop
  endfacet
  facet normal 0 0 1
    outer loop
      vertex 69.25194970290474 -59.62836140246615 32.4
      vertex 69.69289321881345 -61.69289321881346 32.4
      vertex 69.79123857099128 -61.60664665970877 32.4
    endloop
  endfacet
  facet normal 0 0 1
    outer loop
      vertex 69.25194970290474 -59.62836140246615 32.4
      vertex 69.60664665970877 -61.79123857099128 32.4
      vertex 69.69289321881345 -61.69289321881346 32.4
    endloop
  endfacet
  facet normal 0 0 1
    outer loop
      vertex 69.25194970290474 -59.62836140246615 32.4
      vertex 69.9 -61.533974596215565 32.4
      vertex 70.01731656763492 -61.47612046748872 32.4
    endloop
  endfacet
  facet normal 0 0 1
    outer loop
      vertex 69.25194970290474 -59.62836140246615 32.4
      vertex 69.79123857099128 -61.60664665970877 32.4
      vertex 69.9 -61.533974596215565 32.4
    endloop
  endfacet
  facet normal 0 0 1
    outer loop
      vertex 69.25194970290474 -59.62836140246615 32.4
      vertex 70.01731656763492 -61.47612046748872 32.4
      vertex 70.14118095489748 -61.43407417371094 32.4
    endloop
  endfacet
  facet normal 0 0 1
    outer loop
      vertex 69.62354286469244 -59.5022225211328 32.4
      vertex 70.14118095489748 -61.43407417371094 32.4
      vertex 70.26947380777996 -61.4085551386262 32.4
    endloop
  endfacet
  facet normal 0 0 1
    outer loop
      vertex 70.00842142333985 -59.425665415878576 32.4
      vertex 70.4 -61.400000000000006 32.4
      vertex 70.53052619222005 -61.4085551386262 32.4
    endloop
  endfacet
  facet normal 0 0 1
    outer loop
      vertex 70.00842142333985 -59.425665415878576 32.4
      vertex 70.26947380777996 -61.4085551386262 32.4
      vertex 70.4 -61.400000000000006 32.4
    endloop
  endfacet
  facet normal 0 0 1
    outer loop
      vertex 69.25194970290474 -59.62836140246615 32.4
      vertex 70.14118095489748 -61.43407417371094 32.4
      vertex 69.62354286469244 -59.5022225211328 32.4
    endloop
  endfacet
  facet normal 0 0 1
    outer loop
      vertex 69.62354286469244 -59.5022225211328 32.4
      vertex 70.26947380777996 -61.4085551386262 32.4
      vertex 70.00842142333985 -59.425665415878576 32.4
    endloop
  endfacet
  facet normal 0 0 1
    outer loop
      vertex 70.00842142333985 -59.425665415878576 32.4
      vertex 70.53052619222005 -61.4085551386262 32.4
      vertex 70.4 -59.400000000000006 32.4
    endloop
  endfacet
  facet normal 0 0 1
    outer loop
      vertex 70.4 -59.400000000000006 32.4
      vertex 70.65881904510253 -61.43407417371094 32.4
      vertex 70.78268343236509 -61.47612046748872 32.4
    endloop
  endfacet
  facet normal 0 0 1
    outer loop
      vertex 70.4 -59.400000000000006 32.4
      vertex 70.53052619222005 -61.4085551386262 32.4
      vertex 70.65881904510253 -61.43407417371094 32.4
    endloop
  endfacet
  facet normal 0 0 1
    outer loop
      vertex 70.79157857666016 -59.425665415878576 32.4
      vertex 71.00876142900873 -61.60664665970877 32.4
      vertex 71.10710678118656 -61.69289321881346 32.4
    endloop
  endfacet
  facet normal 0 0 1
    outer loop
      vertex 70.79157857666016 -59.425665415878576 32.4
      vertex 70.9 -61.533974596215565 32.4
      vertex 71.00876142900873 -61.60664665970877 32.4
    endloop
  endfacet
  facet normal 0 0 1
    outer loop
      vertex 70.79157857666016 -59.425665415878576 32.4
      vertex 70.78268343236509 -61.47612046748872 32.4
      vertex 70.9 -61.533974596215565 32.4
    endloop
  endfacet
  facet normal 0 0 1
    outer loop
      vertex 70.4 -59.400000000000006 32.4
      vertex 70.78268343236509 -61.47612046748872 32.4
      vertex 70.79157857666016 -59.425665415878576 32.4
    endloop
  endfacet
  facet normal 0 0 1
    outer loop
      vertex 71.454659251714 -65.20334058562824 32.4
      vertex 71.54705609415178 -65.17197608395722 32.4
      vertex 71.3238795325113 -62.7826834323651 32.4
    endloop
  endfacet
  facet normal 0 0 1
    outer loop
      vertex 71.54705609415178 -65.17197608395722 32.4
      vertex 71.53680050906016 -65 32.4
      vertex 71.36592582628907 -62.658819045102526 32.4
    endloop
  endfacet
  facet normal 0 0 1
    outer loop
      vertex 71.454659251714 -65.20334058562824 32.4
      vertex 70.9 -63.26602540378445 32.4
      vertex 70.78268343236509 -63.32387953251129 32.4
    endloop
  endfacet
  facet normal 0 0 1
    outer loop
      vertex 71.454659251714 -65.20334058562824 32.4
      vertex 71.00876142900873 -63.19335334029124 32.4
      vertex 70.9 -63.26602540378445 32.4
    endloop
  endfacet
  facet normal 0 0 1
    outer loop
      vertex 71.454659251714 -65.20334058562824 32.4
      vertex 71.19335334029124 -63.00876142900873 32.4
      vertex 71.10710678118656 -63.10710678118655 32.4
    endloop
  endfacet
  facet normal 0 0 1
    outer loop
      vertex 71.454659251714 -65.20334058562824 32.4
      vertex 71.10710678118656 -63.10710678118655 32.4
      vertex 71.00876142900873 -63.19335334029124 32.4
    endloop
  endfacet
  facet normal 0 0 1
    outer loop
      vertex 71.454659251714 -65.20334058562824 32.4
      vertex 71.3238795325113 -62.7826834323651 32.4
      vertex 71.26602540378444 -62.900000000000006 32.4
    endloop
  endfacet
  facet normal 0 0 1
    outer loop
      vertex 71.454659251714 -65.20334058562824 32.4
      vertex 71.26602540378444 -62.900000000000006 32.4
      vertex 71.19335334029124 -63.00876142900873 32.4
    endloop
  endfacet
  facet normal 0 0 1
    outer loop
      vertex 71.54705609415178 -65.17197608395722 32.4
      vertex 71.36592582628907 -62.658819045102526 32.4
      vertex 71.3238795325113 -62.7826834323651 32.4
    endloop
  endfacet
  facet normal 0 0 1
    outer loop
      vertex 71.53680050906016 -65 32.4
      vertex 71.39144486137381 -62.53052619222006 32.4
      vertex 71.36592582628907 -62.658819045102526 32.4
    endloop
  endfacet
  facet normal 0 0 1
    outer loop
      vertex 71.53680050906016 -65 32.4
      vertex 71.4 -62.400000000000006 32.4
      vertex 71.39144486137381 -62.53052619222006 32.4
    endloop
  endfacet
  facet normal 0 0 1
    outer loop
      vertex 71.53680050906016 -65 32.4
      vertex 71.89609894253272 -65 32.4
      vertex 71.54805029709527 -59.62836140246615 32.4
    endloop
  endfacet
  facet normal 0 0 1
    outer loop
      vertex 71.9 -64.99807621135332 32.4
      vertex 71.54805029709527 -59.62836140246615 32.4
      vertex 71.89609894253272 -65 32.4
    endloop
  endfacet
  facet normal 0 0 1
    outer loop
      vertex 71.9 -64.99807621135332 32.4
      vertex 72.22628428702616 -64.7800600208737 32.4
      vertex 71.9 -59.80192378864669 32.4
    endloop
  endfacet
  facet normal 0 0 1
    outer loop
      vertex 71.53680050906016 -65 32.4
      vertex 71.54805029709527 -59.62836140246615 32.4
      vertex 71.4 -62.400000000000006 32.4
    endloop
  endfacet
  facet normal 0 0 1
    outer loop
      vertex 72.22628428702616 -64.7800600208737 32.4
      vertex 72.52132034355965 -64.52132034355965 32.4
      vertex 72.22628428702616 -60.0199399791263 32.4
    endloop
  endfacet
  facet normal 0 0 1
    outer loop
      vertex 71.17645713530757 -59.5022225211328 32.4
      vertex 71.3238795325113 -62.017316567634914 32.4
      vertex 71.36592582628907 -62.141180954897486 32.4
    endloop
  endfacet
  facet normal 0 0 1
    outer loop
      vertex 71.17645713530757 -59.5022225211328 32.4
      vertex 71.26602540378444 -61.900000000000006 32.4
      vertex 71.3238795325113 -62.017316567634914 32.4
    endloop
  endfacet
  facet normal 0 0 1
    outer loop
      vertex 71.54805029709527 -59.62836140246615 32.4
      vertex 71.36592582628907 -62.141180954897486 32.4
      vertex 71.39144486137381 -62.26947380777995 32.4
    endloop
  endfacet
  facet normal 0 0 1
    outer loop
      vertex 71.54805029709527 -59.62836140246615 32.4
      vertex 71.39144486137381 -62.26947380777995 32.4
      vertex 71.4 -62.400000000000006 32.4
    endloop
  endfacet
  facet normal 0 0 1
    outer loop
      vertex 71.9 -64.99807621135332 32.4
      vertex 71.9 -59.80192378864669 32.4
      vertex 71.54805029709527 -59.62836140246615 32.4
    endloop
  endfacet
  facet normal 0 0 1
    outer loop
      vertex 72.22628428702616 -64.7800600208737 32.4
      vertex 72.22628428702616 -60.0199399791263 32.4
      vertex 71.9 -59.80192378864669 32.4
    endloop
  endfacet
  facet normal 0 0 1
    outer loop
      vertex 72.52132034355965 -64.52132034355965 32.4
      vertex 72.7800600208737 -64.22628428702616 32.4
      vertex 72.52132034355965 -60.27867965644036 32.4
    endloop
  endfacet
  facet normal 0 0 1
    outer loop
      vertex 72.99807621135332 -63.900000000000006 32.4
      vertex 73 -63.89609894253272 32.4
      vertex 73.04843950578815 -61.66839538638356 32.4
    endloop
  endfacet
  facet normal 0 0 1
    outer loop
      vertex 73.00926897268236 -63.877303325270354 32.4
      vertex 73.04843950578815 -61.66839538638356 32.4
      vertex 73 -63.89609894253272 32.4
    endloop
  endfacet
  facet normal 0 0 1
    outer loop
      vertex 72.7800600208737 -64.22628428702616 32.4
      vertex 72.99807621135332 -63.900000000000006 32.4
      vertex 72.7800600208737 -60.57371571297384 32.4
    endloop
  endfacet
  facet normal 0 0 1
    outer loop
      vertex 72.99807621135332 -63.900000000000006 32.4
      vertex 73.04843950578815 -61.66839538638356 32.4
      vertex 72.99807621135332 -60.900000000000006 32.4
    endloop
  endfacet
  facet normal 0 0 1
    outer loop
      vertex 72.7800600208737 -64.22628428702616 32.4
      vertex 72.7800600208737 -60.57371571297384 32.4
      vertex 72.52132034355965 -60.27867965644036 32.4
    endloop
  endfacet
  facet normal 0 0 1
    outer loop
      vertex 72.99807621135332 -63.900000000000006 32.4
      vertex 72.99807621135332 -60.900000000000006 32.4
      vertex 72.7800600208737 -60.57371571297384 32.4
    endloop
  endfacet
  facet normal 0 0 1
    outer loop
      vertex 72.52132034355965 -64.52132034355965 32.4
      vertex 72.52132034355965 -60.27867965644036 32.4
      vertex 72.22628428702616 -60.0199399791263 32.4
    endloop
  endfacet
  facet normal 0 0 1
    outer loop
      vertex 73.05035492479095 -61.697619033113824 32.4
      vertex 73 -60.903901057467294 32.4
      vertex 73.04843950578815 -61.66839538638356 32.4
    endloop
  endfacet
  facet normal 0 0 1
    outer loop
      vertex 73.05035492479095 -61.697619033113824 32.4
      vertex 73.06277282440807 -61.03119175326315 32.4
      vertex 73.05984433416282 -61.02525336249511 32.4
    endloop
  endfacet
  facet normal 0 0 1
    outer loop
      vertex 73.05035492479095 -61.697619033113824 32.4
      vertex 73.05984433416282 -61.02525336249511 32.4
      vertex 73 -60.903901057467294 32.4
    endloop
  endfacet
  facet normal 0 0 1
    outer loop
      vertex 73.04843950578815 -61.66839538638356 32.4
      vertex 73 -60.903901057467294 32.4
      vertex 72.99807621135332 -60.900000000000006 32.4
    endloop
  endfacet
  facet normal 0 0 1
    outer loop
      vertex 71.17645713530757 -59.5022225211328 32.4
      vertex 71.10710678118656 -61.69289321881346 32.4
      vertex 71.19335334029124 -61.79123857099128 32.4
    endloop
  endfacet
  facet normal 0 0 1
    outer loop
      vertex 71.17645713530757 -59.5022225211328 32.4
      vertex 71.19335334029124 -61.79123857099128 32.4
      vertex 71.26602540378444 -61.900000000000006 32.4
    endloop
  endfacet
  facet normal 0 0 1
    outer loop
      vertex 70.79157857666016 -59.425665415878576 32.4
      vertex 71.10710678118656 -61.69289321881346 32.4
      vertex 71.17645713530757 -59.5022225211328 32.4
    endloop
  endfacet
  facet normal 0 0 1
    outer loop
      vertex 71.17645713530757 -59.5022225211328 32.4
      vertex 71.36592582628907 -62.141180954897486 32.4
      vertex 71.54805029709527 -59.62836140246615 32.4
    endloop
  endfacet
  facet normal -0.7518398074789916 -0.6593458151000527 0
    outer loop
      vertex 68.27867965644036 60.27867965644036 2.4
      vertex 68.0199399791263 60.57371571297384 32.4
      vertex 68.0199399791263 60.57371571297384 2.4
    endloop
  endfacet
  facet normal -0.8314696123025382 -0.5555702330196126 0
    outer loop
      vertex 67.80192378864669 60.900000000000006 2.4
      vertex 68.0199399791263 60.57371571297384 2.4
      vertex 67.80192378864669 60.900000000000006 32.4
    endloop
  endfacet
  facet normal -0.946930129495115 -0.32143946530313383 0
    outer loop
      vertex 67.50222252113281 61.623542864692446 2.4
      vertex 67.62836140246614 61.25194970290474 2.4
      vertex 67.50222252113281 61.623542864692446 32.4
    endloop
  endfacet
  facet normal -0.9807852804032245 -0.19509032201615759 0
    outer loop
      vertex 67.50222252113281 61.623542864692446 2.4
      vertex 67.42566541587857 62.008421423339854 32.4
      vertex 67.42566541587857 62.008421423339854 2.4
    endloop
  endfacet
  facet normal -0.8968727415326844 -0.44228869021900924 0
    outer loop
      vertex 67.80192378864669 60.900000000000006 2.4
      vertex 67.62836140246614 61.25194970290474 32.4
      vertex 67.62836140246614 61.25194970290474 2.4
    endloop
  endfacet
  facet normal -0.9978589232386044 -0.06540312923013057 0
    outer loop
      vertex 67.42566541587857 62.008421423339854 2.4
      vertex 67.4 62.400000000000006 32.4
      vertex 67.4 62.400000000000006 2.4
    endloop
  endfacet
  facet normal -0.9978589232386044 0.06540312923013057 0
    outer loop
      vertex 67.4 62.400000000000006 2.4
      vertex 67.42566541587857 62.79157857666016 32.4
      vertex 67.42566541587857 62.79157857666016 2.4
    endloop
  endfacet
  facet normal -0.9807852804032245 0.19509032201615759 0
    outer loop
      vertex 67.42566541587857 62.79157857666016 2.4
      vertex 67.50222252113281 63.176457135307565 32.4
      vertex 67.50222252113281 63.176457135307565 2.4
    endloop
  endfacet
  facet normal -0.5555702330196085 -0.8314696123025411 0
    outer loop
      vertex 68.57371571297385 60.0199399791263 2.4
      vertex 68.9 59.80192378864669 2.4
      vertex 68.57371571297385 60.0199399791263 32.4
    endloop
  endfacet
  facet normal -0.4422886902189947 -0.8968727415326916 0
    outer loop
      vertex 68.9 59.80192378864669 2.4
      vertex 69.25194970290474 59.62836140246615 2.4
      vertex 68.9 59.80192378864669 32.4
    endloop
  endfacet
  facet normal -0.32143946530317186 -0.9469301294951022 0
    outer loop
      vertex 69.25194970290474 59.62836140246615 2.4
      vertex 69.62354286469244 59.5022225211328 2.4
      vertex 69.25194970290474 59.62836140246615 32.4
    endloop
  endfacet
  facet normal -0.6593458151000539 -0.7518398074789905 0
    outer loop
      vertex 68.27867965644036 60.27867965644036 2.4
      vertex 68.57371571297385 60.0199399791263 2.4
      vertex 68.27867965644036 60.27867965644036 32.4
    endloop
  endfacet
  facet normal -0.19509032201611928 -0.9807852804032322 0
    outer loop
      vertex 69.62354286469244 59.5022225211328 2.4
      vertex 70.00842142333985 59.425665415878576 2.4
      vertex 69.62354286469244 59.5022225211328 32.4
    endloop
  endfacet
  facet normal -0.0654031292301486 -0.9978589232386031 0
    outer loop
      vertex 70.00842142333985 59.425665415878576 2.4
      vertex 70.4 59.400000000000006 2.4
      vertex 70.00842142333985 59.425665415878576 32.4
    endloop
  endfacet
  facet normal 0.0654031292301486 -0.9978589232386031 0
    outer loop
      vertex 70.4 59.400000000000006 2.4
      vertex 70.79157857666016 59.425665415878576 2.4
      vertex 70.4 59.400000000000006 32.4
    endloop
  endfacet
  facet normal 0.19509032201611928 -0.9807852804032322 0
    outer loop
      vertex 70.79157857666016 59.425665415878576 2.4
      vertex 71.17645713530757 59.5022225211328 2.4
      vertex 70.79157857666016 59.425665415878576 32.4
    endloop
  endfacet
  facet normal -0.946930129495115 0.32143946530313383 0
    outer loop
      vertex 67.50222252113281 63.176457135307565 2.4
      vertex 67.62836140246614 63.54805029709527 32.4
      vertex 67.62836140246614 63.54805029709527 2.4
    endloop
  endfacet
  facet normal -0.8968727415326844 0.44228869021900924 0
    outer loop
      vertex 67.62836140246614 63.54805029709527 2.4
      vertex 67.80192378864669 63.900000000000006 32.4
      vertex 67.80192378864669 63.900000000000006 2.4
    endloop
  endfacet
  facet normal -0.8314696123025327 0.5555702330196209 0
    outer loop
      vertex 67.80192378864669 63.900000000000006 2.4
      vertex 68.0199399791263 64.22628428702616 32.4
      vertex 68.0199399791263 64.22628428702616 2.4
    endloop
  endfacet
  facet normal -0.7518398074789994 0.6593458151000436 0
    outer loop
      vertex 68.0199399791263 64.22628428702616 2.4
      vertex 68.27867965644036 64.52132034355965 32.4
      vertex 68.27867965644036 64.52132034355965 2.4
    endloop
  endfacet
  facet normal -0.6593458151000436 0.7518398074789994 0
    outer loop
      vertex 68.27867965644036 64.52132034355965 2.4
      vertex 68.57371571297385 64.7800600208737 32.4
      vertex 68.57371571297385 64.7800600208737 2.4
    endloop
  endfacet
  facet normal -0.5555702330196209 0.8314696123025327 0
    outer loop
      vertex 68.57371571297385 64.7800600208737 2.4
      vertex 68.9 64.99807621135332 32.4
      vertex 68.9 64.99807621135332 2.4
    endloop
  endfacet
  facet normal -0.44228869021893624 0.8968727415327203 0
    outer loop
      vertex 68.9 64.99807621135332 2.4
      vertex 68.9 64.99807621135332 32.4
      vertex 68.9039010574673 65 2.4
    endloop
  endfacet
  facet normal 0.32143946530317186 -0.9469301294951022 0
    outer loop
      vertex 71.17645713530757 59.5022225211328 2.4
      vertex 71.54805029709527 59.62836140246615 2.4
      vertex 71.17645713530757 59.5022225211328 32.4
    endloop
  endfacet
  facet normal 0.4422886902189947 -0.8968727415326916 0
    outer loop
      vertex 71.54805029709527 59.62836140246615 2.4
      vertex 71.9 59.80192378864669 2.4
      vertex 71.54805029709527 59.62836140246615 32.4
    endloop
  endfacet
  facet normal 0.5555702330196085 -0.8314696123025411 0
    outer loop
      vertex 71.9 59.80192378864669 2.4
      vertex 72.22628428702616 60.0199399791263 2.4
      vertex 71.9 59.80192378864669 32.4
    endloop
  endfacet
  facet normal 0.6593458151000539 -0.7518398074789905 0
    outer loop
      vertex 72.22628428702616 60.0199399791263 2.4
      vertex 72.52132034355965 60.27867965644036 2.4
      vertex 72.22628428702616 60.0199399791263 32.4
    endloop
  endfacet
  facet normal 0.7518398074789916 -0.6593458151000527 0
    outer loop
      vertex 72.52132034355965 60.27867965644036 2.4
      vertex 72.7800600208737 60.57371571297384 2.4
      vertex 72.52132034355965 60.27867965644036 32.4
    endloop
  endfacet
  facet normal 0.8314696123025382 -0.5555702330196126 0
    outer loop
      vertex 72.7800600208737 60.57371571297384 2.4
      vertex 72.99807621135332 60.900000000000006 2.4
      vertex 72.7800600208737 60.57371571297384 32.4
    endloop
  endfacet
  facet normal 0.8968727415327203 -0.44228869021893624 0
    outer loop
      vertex 72.99807621135332 60.900000000000006 2.4
      vertex 73 60.903901057467294 2.4
      vertex 73 60.903901057467294 32.4
    endloop
  endfacet
  facet normal 0.44228869021893624 0.8968727415327203 0
    outer loop
      vertex 71.9 64.99807621135332 2.4
      vertex 71.89609894253272 65 2.4
      vertex 71.89609894253272 65 32.4
    endloop
  endfacet
  facet normal 0.5555702330196209 0.8314696123025327 0
    outer loop
      vertex 71.9 64.99807621135332 2.4
      vertex 72.22628428702616 64.7800600208737 32.4
      vertex 72.22628428702616 64.7800600208737 2.4
    endloop
  endfacet
  facet normal 0.8968727415327203 0.44228869021893624 0
    outer loop
      vertex 72.99807621135332 63.900000000000006 2.4
      vertex 72.99807621135332 63.900000000000006 32.4
      vertex 73 63.89609894253272 2.4
    endloop
  endfacet
  facet normal 0.8314696123025327 0.5555702330196209 0
    outer loop
      vertex 72.99807621135332 63.900000000000006 2.4
      vertex 72.7800600208737 64.22628428702616 2.4
      vertex 72.99807621135332 63.900000000000006 32.4
    endloop
  endfacet
  facet normal 0.7518398074789994 0.6593458151000436 0
    outer loop
      vertex 72.7800600208737 64.22628428702616 2.4
      vertex 72.52132034355965 64.52132034355965 2.4
      vertex 72.7800600208737 64.22628428702616 32.4
    endloop
  endfacet
  facet normal 0.6593458151000436 0.7518398074789994 0
    outer loop
      vertex 72.22628428702616 64.7800600208737 2.4
      vertex 72.52132034355965 64.52132034355965 32.4
      vertex 72.52132034355965 64.52132034355965 2.4
    endloop
  endfacet
  facet normal -0.7518398074789916 -0.6593458151000527 0
    outer loop
      vertex 68.27867965644036 60.27867965644036 2.4
      vertex 68.27867965644036 60.27867965644036 32.4
      vertex 68.0199399791263 60.57371571297384 32.4
    endloop
  endfacet
  facet normal -0.8968727415326844 -0.44228869021900924 0
    outer loop
      vertex 67.80192378864669 60.900000000000006 2.4
      vertex 67.80192378864669 60.900000000000006 32.4
      vertex 67.62836140246614 61.25194970290474 32.4
    endloop
  endfacet
  facet normal -0.8314696123025382 -0.5555702330196126 0
    outer loop
      vertex 68.0199399791263 60.57371571297384 2.4
      vertex 68.0199399791263 60.57371571297384 32.4
      vertex 67.80192378864669 60.900000000000006 32.4
    endloop
  endfacet
  facet normal -0.946930129495115 -0.32143946530313383 0
    outer loop
      vertex 67.62836140246614 61.25194970290474 2.4
      vertex 67.62836140246614 61.25194970290474 32.4
      vertex 67.50222252113281 61.623542864692446 32.4
    endloop
  endfacet
  facet normal -0.9807852804032245 -0.19509032201615759 0
    outer loop
      vertex 67.50222252113281 61.623542864692446 2.4
      vertex 67.50222252113281 61.623542864692446 32.4
      vertex 67.42566541587857 62.008421423339854 32.4
    endloop
  endfacet
  facet normal -0.9978589232386044 -0.06540312923013057 0
    outer loop
      vertex 67.42566541587857 62.008421423339854 2.4
      vertex 67.42566541587857 62.008421423339854 32.4
      vertex 67.4 62.400000000000006 32.4
    endloop
  endfacet
  facet normal -0.9978589232386044 0.06540312923013057 0
    outer loop
      vertex 67.4 62.400000000000006 2.4
      vertex 67.4 62.400000000000006 32.4
      vertex 67.42566541587857 62.79157857666016 32.4
    endloop
  endfacet
  facet normal -0.9807852804032245 0.19509032201615759 0
    outer loop
      vertex 67.42566541587857 62.79157857666016 2.4
      vertex 67.42566541587857 62.79157857666016 32.4
      vertex 67.50222252113281 63.176457135307565 32.4
    endloop
  endfacet
  facet normal -0.5555702330196085 -0.8314696123025411 0
    outer loop
      vertex 68.9 59.80192378864669 2.4
      vertex 68.9 59.80192378864669 32.4
      vertex 68.57371571297385 60.0199399791263 32.4
    endloop
  endfacet
  facet normal -0.4422886902189947 -0.8968727415326916 0
    outer loop
      vertex 69.25194970290474 59.62836140246615 2.4
      vertex 69.25194970290474 59.62836140246615 32.4
      vertex 68.9 59.80192378864669 32.4
    endloop
  endfacet
  facet normal -0.32143946530317186 -0.9469301294951022 0
    outer loop
      vertex 69.62354286469244 59.5022225211328 2.4
      vertex 69.62354286469244 59.5022225211328 32.4
      vertex 69.25194970290474 59.62836140246615 32.4
    endloop
  endfacet
  facet normal -0.6593458151000539 -0.7518398074789905 0
    outer loop
      vertex 68.57371571297385 60.0199399791263 2.4
      vertex 68.57371571297385 60.0199399791263 32.4
      vertex 68.27867965644036 60.27867965644036 32.4
    endloop
  endfacet
  facet normal -0.19509032201611928 -0.9807852804032322 0
    outer loop
      vertex 70.00842142333985 59.425665415878576 2.4
      vertex 70.00842142333985 59.425665415878576 32.4
      vertex 69.62354286469244 59.5022225211328 32.4
    endloop
  endfacet
  facet normal -0.0654031292301486 -0.9978589232386031 0
    outer loop
      vertex 70.4 59.400000000000006 2.4
      vertex 70.4 59.400000000000006 32.4
      vertex 70.00842142333985 59.425665415878576 32.4
    endloop
  endfacet
  facet normal 0.0654031292301486 -0.9978589232386031 0
    outer loop
      vertex 70.79157857666016 59.425665415878576 2.4
      vertex 70.79157857666016 59.425665415878576 32.4
      vertex 70.4 59.400000000000006 32.4
    endloop
  endfacet
  facet normal -0.946930129495115 0.32143946530313383 0
    outer loop
      vertex 67.50222252113281 63.176457135307565 2.4
      vertex 67.50222252113281 63.176457135307565 32.4
      vertex 67.62836140246614 63.54805029709527 32.4
    endloop
  endfacet
  facet normal -0.8968727415326844 0.44228869021900924 0
    outer loop
      vertex 67.62836140246614 63.54805029709527 2.4
      vertex 67.62836140246614 63.54805029709527 32.4
      vertex 67.80192378864669 63.900000000000006 32.4
    endloop
  endfacet
  facet normal -0.8314696123025327 0.5555702330196209 0
    outer loop
      vertex 67.80192378864669 63.900000000000006 2.4
      vertex 67.80192378864669 63.900000000000006 32.4
      vertex 68.0199399791263 64.22628428702616 32.4
    endloop
  endfacet
  facet normal -0.7518398074789994 0.6593458151000436 0
    outer loop
      vertex 68.0199399791263 64.22628428702616 2.4
      vertex 68.0199399791263 64.22628428702616 32.4
      vertex 68.27867965644036 64.52132034355965 32.4
    endloop
  endfacet
  facet normal -0.6593458151000436 0.7518398074789994 0
    outer loop
      vertex 68.27867965644036 64.52132034355965 2.4
      vertex 68.27867965644036 64.52132034355965 32.4
      vertex 68.57371571297385 64.7800600208737 32.4
    endloop
  endfacet
  facet normal -0.5555702330196209 0.8314696123025327 0
    outer loop
      vertex 68.57371571297385 64.7800600208737 2.4
      vertex 68.57371571297385 64.7800600208737 32.4
      vertex 68.9 64.99807621135332 32.4
    endloop
  endfacet
  facet normal -0.44228869021893624 0.8968727415327203 0
    outer loop
      vertex 68.9039010574673 65 2.4
      vertex 68.9 64.99807621135332 32.4
      vertex 68.9039010574673 65 32.4
    endloop
  endfacet
  facet normal 0.19509032201611928 -0.9807852804032322 0
    outer loop
      vertex 71.17645713530757 59.5022225211328 2.4
      vertex 71.17645713530757 59.5022225211328 32.4
      vertex 70.79157857666016 59.425665415878576 32.4
    endloop
  endfacet
  facet normal 0.32143946530317186 -0.9469301294951022 0
    outer loop
      vertex 71.54805029709527 59.62836140246615 2.4
      vertex 71.54805029709527 59.62836140246615 32.4
      vertex 71.17645713530757 59.5022225211328 32.4
    endloop
  endfacet
  facet normal 0.4422886902189947 -0.8968727415326916 0
    outer loop
      vertex 71.9 59.80192378864669 2.4
      vertex 71.9 59.80192378864669 32.4
      vertex 71.54805029709527 59.62836140246615 32.4
    endloop
  endfacet
  facet normal 0.5555702330196085 -0.8314696123025411 0
    outer loop
      vertex 72.22628428702616 60.0199399791263 2.4
      vertex 72.22628428702616 60.0199399791263 32.4
      vertex 71.9 59.80192378864669 32.4
    endloop
  endfacet
  facet normal 0.6593458151000539 -0.7518398074789905 0
    outer loop
      vertex 72.52132034355965 60.27867965644036 2.4
      vertex 72.52132034355965 60.27867965644036 32.4
      vertex 72.22628428702616 60.0199399791263 32.4
    endloop
  endfacet
  facet normal 0.7518398074789916 -0.6593458151000527 0
    outer loop
      vertex 72.7800600208737 60.57371571297384 2.4
      vertex 72.7800600208737 60.57371571297384 32.4
      vertex 72.52132034355965 60.27867965644036 32.4
    endloop
  endfacet
  facet normal 0.8314696123025382 -0.5555702330196126 0
    outer loop
      vertex 72.99807621135332 60.900000000000006 2.4
      vertex 72.99807621135332 60.900000000000006 32.4
      vertex 72.7800600208737 60.57371571297384 32.4
    endloop
  endfacet
  facet normal 0.8968727415327203 -0.44228869021893624 0
    outer loop
      vertex 72.99807621135332 60.900000000000006 2.4
      vertex 73 60.903901057467294 32.4
      vertex 72.99807621135332 60.900000000000006 32.4
    endloop
  endfacet
  facet normal 0.6593458151000436 0.7518398074789994 0
    outer loop
      vertex 72.22628428702616 64.7800600208737 2.4
      vertex 72.22628428702616 64.7800600208737 32.4
      vertex 72.52132034355965 64.52132034355965 32.4
    endloop
  endfacet
  facet normal 0.5555702330196209 0.8314696123025327 0
    outer loop
      vertex 71.9 64.99807621135332 2.4
      vertex 71.9 64.99807621135332 32.4
      vertex 72.22628428702616 64.7800600208737 32.4
    endloop
  endfacet
  facet normal 0.44228869021893624 0.8968727415327203 0
    outer loop
      vertex 71.9 64.99807621135332 2.4
      vertex 71.89609894253272 65 32.4
      vertex 71.9 64.99807621135332 32.4
    endloop
  endfacet
  facet normal 0.8968727415327203 0.44228869021893624 0
    outer loop
      vertex 73 63.89609894253272 2.4
      vertex 72.99807621135332 63.900000000000006 32.4
      vertex 73 63.89609894253272 32.4
    endloop
  endfacet
  facet normal 0.8314696123025327 0.5555702330196209 0
    outer loop
      vertex 72.7800600208737 64.22628428702616 2.4
      vertex 72.7800600208737 64.22628428702616 32.4
      vertex 72.99807621135332 63.900000000000006 32.4
    endloop
  endfacet
  facet normal 0.7518398074789994 0.6593458151000436 0
    outer loop
      vertex 72.52132034355965 64.52132034355965 2.4
      vertex 72.52132034355965 64.52132034355965 32.4
      vertex 72.7800600208737 64.22628428702616 32.4
    endloop
  endfacet
  facet normal 0 0 1
    outer loop
      vertex 67.50222252113281 61.623542864692446 32.4
      vertex 67.62836140246614 61.25194970290474 32.4
      vertex 67.50222252113281 63.176457135307565 32.4
    endloop
  endfacet
  facet normal 0 0 1
    outer loop
      vertex 67.80192378864669 60.900000000000006 32.4
      vertex 68.0199399791263 60.57371571297384 32.4
      vertex 67.80192378864669 63.900000000000006 32.4
    endloop
  endfacet
  facet normal 0 0 1
    outer loop
      vertex 67.80192378864669 60.900000000000006 32.4
      vertex 67.62836140246614 63.54805029709527 32.4
      vertex 67.62836140246614 61.25194970290474 32.4
    endloop
  endfacet
  facet normal 0 0 1
    outer loop
      vertex 68.27867965644036 60.27867965644036 32.4
      vertex 68.0199399791263 64.22628428702616 32.4
      vertex 68.0199399791263 60.57371571297384 32.4
    endloop
  endfacet
  facet normal 0 0 1
    outer loop
      vertex 67.50222252113281 61.623542864692446 32.4
      vertex 67.42566541587857 62.79157857666016 32.4
      vertex 67.42566541587857 62.008421423339854 32.4
    endloop
  endfacet
  facet normal 0 0 1
    outer loop
      vertex 67.42566541587857 62.008421423339854 32.4
      vertex 67.42566541587857 62.79157857666016 32.4
      vertex 67.4 62.400000000000006 32.4
    endloop
  endfacet
  facet normal 0 0 1
    outer loop
      vertex 67.50222252113281 61.623542864692446 32.4
      vertex 67.50222252113281 63.176457135307565 32.4
      vertex 67.42566541587857 62.79157857666016 32.4
    endloop
  endfacet
  facet normal 0 0 1
    outer loop
      vertex 67.62836140246614 61.25194970290474 32.4
      vertex 67.62836140246614 63.54805029709527 32.4
      vertex 67.50222252113281 63.176457135307565 32.4
    endloop
  endfacet
  facet normal 0 0 1
    outer loop
      vertex 67.80192378864669 60.900000000000006 32.4
      vertex 67.80192378864669 63.900000000000006 32.4
      vertex 67.62836140246614 63.54805029709527 32.4
    endloop
  endfacet
  facet normal 0 0 1
    outer loop
      vertex 68.0199399791263 60.57371571297384 32.4
      vertex 68.0199399791263 64.22628428702616 32.4
      vertex 67.80192378864669 63.900000000000006 32.4
    endloop
  endfacet
  facet normal 0 0 1
    outer loop
      vertex 68.27867965644036 60.27867965644036 32.4
      vertex 68.27867965644036 64.52132034355965 32.4
      vertex 68.0199399791263 64.22628428702616 32.4
    endloop
  endfacet
  facet normal 0 0 1
    outer loop
      vertex 69.62354286469244 59.5022225211328 32.4
      vertex 70.00842142333985 59.425665415878576 32.4
      vertex 69.47612046748871 62.017316567634914 32.4
    endloop
  endfacet
  facet normal 0 0 1
    outer loop
      vertex 70.00842142333985 59.425665415878576 32.4
      vertex 70.4 59.400000000000006 32.4
      vertex 69.79123857099128 61.60664665970877 32.4
    endloop
  endfacet
  facet normal 0 0 1
    outer loop
      vertex 70.00842142333985 59.425665415878576 32.4
      vertex 69.60664665970877 61.79123857099128 32.4
      vertex 69.53397459621557 61.900000000000006 32.4
    endloop
  endfacet
  facet normal 0 0 1
    outer loop
      vertex 70.00842142333985 59.425665415878576 32.4
      vertex 69.69289321881345 61.69289321881346 32.4
      vertex 69.60664665970877 61.79123857099128 32.4
    endloop
  endfacet
  facet normal 0 0 1
    outer loop
      vertex 70.00842142333985 59.425665415878576 32.4
      vertex 69.79123857099128 61.60664665970877 32.4
      vertex 69.69289321881345 61.69289321881346 32.4
    endloop
  endfacet
  facet normal 0 0 1
    outer loop
      vertex 70.4 59.400000000000006 32.4
      vertex 70.01731656763492 61.47612046748872 32.4
      vertex 69.9 61.533974596215565 32.4
    endloop
  endfacet
  facet normal 0 0 1
    outer loop
      vertex 70.79157857666016 59.425665415878576 32.4
      vertex 70.14118095489748 61.43407417371094 32.4
      vertex 70.01731656763492 61.47612046748872 32.4
    endloop
  endfacet
  facet normal 0 0 1
    outer loop
      vertex 70.4 59.400000000000006 32.4
      vertex 69.9 61.533974596215565 32.4
      vertex 69.79123857099128 61.60664665970877 32.4
    endloop
  endfacet
  facet normal 0 0 1
    outer loop
      vertex 70.4 59.400000000000006 32.4
      vertex 70.79157857666016 59.425665415878576 32.4
      vertex 70.01731656763492 61.47612046748872 32.4
    endloop
  endfacet
  facet normal 0 0 1
    outer loop
      vertex 70.79157857666016 59.425665415878576 32.4
      vertex 71.17645713530757 59.5022225211328 32.4
      vertex 70.26947380777996 61.4085551386262 32.4
    endloop
  endfacet
  facet normal 0 0 1
    outer loop
      vertex 70.79157857666016 59.425665415878576 32.4
      vertex 70.26947380777996 61.4085551386262 32.4
      vertex 70.14118095489748 61.43407417371094 32.4
    endloop
  endfacet
  facet normal 0 0 1
    outer loop
      vertex 71.17645713530757 59.5022225211328 32.4
      vertex 70.4 61.400000000000006 32.4
      vertex 70.26947380777996 61.4085551386262 32.4
    endloop
  endfacet
  facet normal 0 0 1
    outer loop
      vertex 71.17645713530757 59.5022225211328 32.4
      vertex 70.53052619222005 61.4085551386262 32.4
      vertex 70.4 61.400000000000006 32.4
    endloop
  endfacet
  facet normal 0 0 1
    outer loop
      vertex 71.17645713530757 59.5022225211328 32.4
      vertex 70.65881904510253 61.43407417371094 32.4
      vertex 70.53052619222005 61.4085551386262 32.4
    endloop
  endfacet
  facet normal 0 0 1
    outer loop
      vertex 71.54805029709527 59.62836140246615 32.4
      vertex 70.78268343236509 61.47612046748872 32.4
      vertex 70.65881904510253 61.43407417371094 32.4
    endloop
  endfacet
  facet normal 0 0 1
    outer loop
      vertex 68.27867965644036 60.27867965644036 32.4
      vertex 68.57371571297385 60.0199399791263 32.4
      vertex 68.27867965644036 64.52132034355965 32.4
    endloop
  endfacet
  facet normal 0 0 1
    outer loop
      vertex 68.57371571297385 60.0199399791263 32.4
      vertex 68.9 59.80192378864669 32.4
      vertex 68.57371571297385 64.7800600208737 32.4
    endloop
  endfacet
  facet normal 0 0 1
    outer loop
      vertex 68.9 59.80192378864669 32.4
      vertex 69.25194970290474 59.62836140246615 32.4
      vertex 68.9 64.99807621135332 32.4
    endloop
  endfacet
  facet normal 0 0 1
    outer loop
      vertex 69.25194970290474 59.62836140246615 32.4
      vertex 69.62354286469244 59.5022225211328 32.4
      vertex 68.91235040363594 65.00416675641603 32.4
    endloop
  endfacet
  facet normal 0 0 1
    outer loop
      vertex 69.62354286469244 59.5022225211328 32.4
      vertex 69.47612046748871 62.017316567634914 32.4
      vertex 69.43407417371094 62.141180954897486 32.4
    endloop
  endfacet
  facet normal 0 0 1
    outer loop
      vertex 69.62354286469244 59.5022225211328 32.4
      vertex 69.43407417371094 62.141180954897486 32.4
      vertex 69.4085551386262 62.26947380777995 32.4
    endloop
  endfacet
  facet normal 0 0 1
    outer loop
      vertex 68.57371571297385 60.0199399791263 32.4
      vertex 68.57371571297385 64.7800600208737 32.4
      vertex 68.27867965644036 64.52132034355965 32.4
    endloop
  endfacet
  facet normal 0 0 1
    outer loop
      vertex 69.62354286469244 59.5022225211328 32.4
      vertex 69.4085551386262 62.26947380777995 32.4
      vertex 68.91235040363594 65.00416675641603 32.4
    endloop
  endfacet
  facet normal 0 0 1
    outer loop
      vertex 70.00842142333985 59.425665415878576 32.4
      vertex 69.53397459621557 61.900000000000006 32.4
      vertex 69.47612046748871 62.017316567634914 32.4
    endloop
  endfacet
  facet normal 0 0 1
    outer loop
      vertex 68.9 59.80192378864669 32.4
      vertex 68.9 64.99807621135332 32.4
      vertex 68.57371571297385 64.7800600208737 32.4
    endloop
  endfacet
  facet normal 0 0 1
    outer loop
      vertex 69.25194970290474 59.62836140246615 32.4
      vertex 68.91235040363594 65.00416675641603 32.4
      vertex 68.9039010574673 65 32.4
    endloop
  endfacet
  facet normal 0 0 1
    outer loop
      vertex 69.25194970290474 59.62836140246615 32.4
      vertex 68.9039010574673 65 32.4
      vertex 68.9 64.99807621135332 32.4
    endloop
  endfacet
  facet normal 0 0 1
    outer loop
      vertex 68.91235040363594 65.00416675641603 32.4
      vertex 69.4 62.400000000000006 32.4
      vertex 69.4085551386262 62.53052619222006 32.4
    endloop
  endfacet
  facet normal 0 0 1
    outer loop
      vertex 68.91235040363594 65.00416675641603 32.4
      vertex 69.4085551386262 62.26947380777995 32.4
      vertex 69.4 62.400000000000006 32.4
    endloop
  endfacet
  facet normal 0 0 1
    outer loop
      vertex 68.91235040363594 65.00416675641603 32.4
      vertex 69.4085551386262 62.53052619222006 32.4
      vertex 69.43407417371094 62.658819045102526 32.4
    endloop
  endfacet
  facet normal 0 0 1
    outer loop
      vertex 68.91235040363594 65.00416675641603 32.4
      vertex 69.43407417371094 62.658819045102526 32.4
      vertex 69.47612046748871 62.7826834323651 32.4
    endloop
  endfacet
  facet normal 0 0 1
    outer loop
      vertex 68.91235040363594 65.00416675641603 32.4
      vertex 69.47612046748871 62.7826834323651 32.4
      vertex 69.53397459621557 62.900000000000006 32.4
    endloop
  endfacet
  facet normal 0 0 1
    outer loop
      vertex 68.91235040363594 65.00416675641603 32.4
      vertex 69.53397459621557 62.900000000000006 32.4
      vertex 69.60664665970877 63.00876142900873 32.4
    endloop
  endfacet
  facet normal 0 0 1
    outer loop
      vertex 68.91235040363594 65.00416675641603 32.4
      vertex 69.60664665970877 63.00876142900873 32.4
      vertex 69.69289321881345 63.10710678118655 32.4
    endloop
  endfacet
  facet normal 0 0 1
    outer loop
      vertex 68.91235040363594 65.00416675641603 32.4
      vertex 69.69289321881345 63.10710678118655 32.4
      vertex 69.79123857099128 63.19335334029124 32.4
    endloop
  endfacet
  facet normal 0 0 1
    outer loop
      vertex 68.91235040363594 65.00416675641603 32.4
      vertex 69.79123857099128 63.19335334029124 32.4
      vertex 69.9 63.26602540378445 32.4
    endloop
  endfacet
  facet normal 0 0 1
    outer loop
      vertex 68.91235040363594 65.00416675641603 32.4
      vertex 69.9 63.26602540378445 32.4
      vertex 70.01731656763492 63.32387953251129 32.4
    endloop
  endfacet
  facet normal 0 0 1
    outer loop
      vertex 68.91235040363594 65.00416675641603 32.4
      vertex 70.01731656763492 63.32387953251129 32.4
      vertex 70.14118095489748 63.36592582628907 32.4
    endloop
  endfacet
  facet normal 0 0 1
    outer loop
      vertex 68.91235040363594 65.00416675641603 32.4
      vertex 70.14118095489748 63.36592582628907 32.4
      vertex 70.26947380777996 63.39144486137381 32.4
    endloop
  endfacet
  facet normal 0 0 1
    outer loop
      vertex 71.89487520312355 65.00060348149229 32.4
      vertex 70.26947380777996 63.39144486137381 32.4
      vertex 70.4 63.400000000000006 32.4
    endloop
  endfacet
  facet normal 0 0 1
    outer loop
      vertex 71.89487520312355 65.00060348149229 32.4
      vertex 70.4 63.400000000000006 32.4
      vertex 70.53052619222005 63.39144486137381 32.4
    endloop
  endfacet
  facet normal 0 0 1
    outer loop
      vertex 68.91235040363594 65.00416675641603 32.4
      vertex 70.26947380777996 63.39144486137381 32.4
      vertex 71.89487520312355 65.00060348149229 32.4
    endloop
  endfacet
  facet normal 0 0 1
    outer loop
      vertex 71.17645713530757 59.5022225211328 32.4
      vertex 71.54805029709527 59.62836140246615 32.4
      vertex 70.65881904510253 61.43407417371094 32.4
    endloop
  endfacet
  facet normal 0 0 1
    outer loop
      vertex 71.54805029709527 59.62836140246615 32.4
      vertex 71.9 59.80192378864669 32.4
      vertex 70.9 61.533974596215565 32.4
    endloop
  endfacet
  facet normal 0 0 1
    outer loop
      vertex 71.54805029709527 59.62836140246615 32.4
      vertex 70.9 61.533974596215565 32.4
      vertex 70.78268343236509 61.47612046748872 32.4
    endloop
  endfacet
  facet normal 0 0 1
    outer loop
      vertex 71.9 59.80192378864669 32.4
      vertex 71.00876142900873 61.60664665970877 32.4
      vertex 70.9 61.533974596215565 32.4
    endloop
  endfacet
  facet normal 0 0 1
    outer loop
      vertex 71.9 59.80192378864669 32.4
      vertex 71.10710678118656 61.69289321881346 32.4
      vertex 71.00876142900873 61.60664665970877 32.4
    endloop
  endfacet
  facet normal 0 0 1
    outer loop
      vertex 71.9 59.80192378864669 32.4
      vertex 71.19335334029124 61.79123857099128 32.4
      vertex 71.10710678118656 61.69289321881346 32.4
    endloop
  endfacet
  facet normal 0 0 1
    outer loop
      vertex 71.9 59.80192378864669 32.4
      vertex 71.26602540378444 61.900000000000006 32.4
      vertex 71.19335334029124 61.79123857099128 32.4
    endloop
  endfacet
  facet normal 0 0 1
    outer loop
      vertex 71.9 59.80192378864669 32.4
      vertex 71.3238795325113 62.017316567634914 32.4
      vertex 71.26602540378444 61.900000000000006 32.4
    endloop
  endfacet
  facet normal 0 0 1
    outer loop
      vertex 71.9 59.80192378864669 32.4
      vertex 71.36592582628907 62.141180954897486 32.4
      vertex 71.3238795325113 62.017316567634914 32.4
    endloop
  endfacet
  facet normal 0 0 1
    outer loop
      vertex 71.9 59.80192378864669 32.4
      vertex 71.39144486137381 62.26947380777995 32.4
      vertex 71.36592582628907 62.141180954897486 32.4
    endloop
  endfacet
  facet normal 0 0 1
    outer loop
      vertex 71.9 59.80192378864669 32.4
      vertex 72.22628428702616 60.0199399791263 32.4
      vertex 71.9 64.99807621135332 32.4
    endloop
  endfacet
  facet normal 0 0 1
    outer loop
      vertex 72.22628428702616 60.0199399791263 32.4
      vertex 72.52132034355965 60.27867965644036 32.4
      vertex 72.22628428702616 64.7800600208737 32.4
    endloop
  endfacet
  facet normal 0 0 1
    outer loop
      vertex 71.9 59.80192378864669 32.4
      vertex 71.89487520312355 65.00060348149229 32.4
      vertex 71.39144486137381 62.26947380777995 32.4
    endloop
  endfacet
  facet normal 0 0 1
    outer loop
      vertex 72.52132034355965 60.27867965644036 32.4
      vertex 72.7800600208737 60.57371571297384 32.4
      vertex 72.52132034355965 64.52132034355965 32.4
    endloop
  endfacet
  facet normal 0 0 1
    outer loop
      vertex 72.7800600208737 60.57371571297384 32.4
      vertex 72.99807621135332 60.900000000000006 32.4
      vertex 72.7800600208737 64.22628428702616 32.4
    endloop
  endfacet
  facet normal 0 0 1
    outer loop
      vertex 72.99807621135332 60.900000000000006 32.4
      vertex 73 60.903901057467294 32.4
      vertex 73 63.89609894253272 32.4
    endloop
  endfacet
  facet normal 0 0 1
    outer loop
      vertex 72.7800600208737 60.57371571297384 32.4
      vertex 72.7800600208737 64.22628428702616 32.4
      vertex 72.52132034355965 64.52132034355965 32.4
    endloop
  endfacet
  facet normal 0 0 1
    outer loop
      vertex 72.99807621135332 60.900000000000006 32.4
      vertex 73 63.89609894253272 32.4
      vertex 72.99807621135332 63.900000000000006 32.4
    endloop
  endfacet
  facet normal 0 0 1
    outer loop
      vertex 72.99807621135332 60.900000000000006 32.4
      vertex 72.99807621135332 63.900000000000006 32.4
      vertex 72.7800600208737 64.22628428702616 32.4
    endloop
  endfacet
  facet normal 0 0 1
    outer loop
      vertex 71.89487520312355 65.00060348149229 32.4
      vertex 71.4 62.400000000000006 32.4
      vertex 71.39144486137381 62.26947380777995 32.4
    endloop
  endfacet
  facet normal 0 0 1
    outer loop
      vertex 71.89487520312355 65.00060348149229 32.4
      vertex 71.39144486137381 62.53052619222006 32.4
      vertex 71.4 62.400000000000006 32.4
    endloop
  endfacet
  facet normal 0 0 1
    outer loop
      vertex 71.89487520312355 65.00060348149229 32.4
      vertex 71.36592582628907 62.658819045102526 32.4
      vertex 71.39144486137381 62.53052619222006 32.4
    endloop
  endfacet
  facet normal 0 0 1
    outer loop
      vertex 71.89487520312355 65.00060348149229 32.4
      vertex 71.26602540378444 62.900000000000006 32.4
      vertex 71.3238795325113 62.7826834323651 32.4
    endloop
  endfacet
  facet normal 0 0 1
    outer loop
      vertex 71.89487520312355 65.00060348149229 32.4
      vertex 71.10710678118656 63.10710678118655 32.4
      vertex 71.19335334029124 63.00876142900873 32.4
    endloop
  endfacet
  facet normal 0 0 1
    outer loop
      vertex 71.89487520312355 65.00060348149229 32.4
      vertex 71.19335334029124 63.00876142900873 32.4
      vertex 71.26602540378444 62.900000000000006 32.4
    endloop
  endfacet
  facet normal 0 0 1
    outer loop
      vertex 71.89487520312355 65.00060348149229 32.4
      vertex 71.3238795325113 62.7826834323651 32.4
      vertex 71.36592582628907 62.658819045102526 32.4
    endloop
  endfacet
  facet normal 0 0 1
    outer loop
      vertex 71.89487520312355 65.00060348149229 32.4
      vertex 70.53052619222005 63.39144486137381 32.4
      vertex 70.65881904510253 63.36592582628907 32.4
    endloop
  endfacet
  facet normal 0 0 1
    outer loop
      vertex 71.89487520312355 65.00060348149229 32.4
      vertex 70.65881904510253 63.36592582628907 32.4
      vertex 70.78268343236509 63.32387953251129 32.4
    endloop
  endfacet
  facet normal 0 0 1
    outer loop
      vertex 71.89487520312355 65.00060348149229 32.4
      vertex 70.9 63.26602540378445 32.4
      vertex 71.00876142900873 63.19335334029124 32.4
    endloop
  endfacet
  facet normal 0 0 1
    outer loop
      vertex 71.89487520312355 65.00060348149229 32.4
      vertex 71.00876142900873 63.19335334029124 32.4
      vertex 71.10710678118656 63.10710678118655 32.4
    endloop
  endfacet
  facet normal 0 0 1
    outer loop
      vertex 71.89487520312355 65.00060348149229 32.4
      vertex 70.78268343236509 63.32387953251129 32.4
      vertex 70.9 63.26602540378445 32.4
    endloop
  endfacet
  facet normal 0 0 1
    outer loop
      vertex 71.9 59.80192378864669 32.4
      vertex 71.9 64.99807621135332 32.4
      vertex 71.89609894253272 65 32.4
    endloop
  endfacet
  facet normal 0 0 1
    outer loop
      vertex 71.9 59.80192378864669 32.4
      vertex 71.89609894253272 65 32.4
      vertex 71.89487520312355 65.00060348149229 32.4
    endloop
  endfacet
  facet normal 0 0 1
    outer loop
      vertex 72.22628428702616 60.0199399791263 32.4
      vertex 72.22628428702616 64.7800600208737 32.4
      vertex 71.9 64.99807621135332 32.4
    endloop
  endfacet
  facet normal 0 0 1
    outer loop
      vertex 72.52132034355965 60.27867965644036 32.4
      vertex 72.52132034355965 64.52132034355965 32.4
      vertex 72.22628428702616 64.7800600208737 32.4
    endloop
  endfacet
  facet normal -1 0 0
    outer loop
      vertex -69 -8.5 2.4
      vertex -69 -8.5 6.4
      vertex -69 -4.5 2.4
    endloop
  endfacet
  facet normal -1 0 0
    outer loop
      vertex -69 -4.5 2.4
      vertex -69 -8.5 6.4
      vertex -69 -4.5 6.4
    endloop
  endfacet
  facet normal 0 1 0
    outer loop
      vertex -69 -4.5 2.4
      vertex -69 -4.5 6.4
      vertex -39 -4.5 2.4
    endloop
  endfacet
  facet normal 0 -1 0
    outer loop
      vertex -69 -8.5 2.4
      vertex -39 -8.5 2.4
      vertex -39 -8.5 6.4
    endloop
  endfacet
  facet normal 0 -1 0
    outer loop
      vertex -69 -8.5 2.4
      vertex -39 -8.5 6.4
      vertex -69 -8.5 6.4
    endloop
  endfacet
  facet normal 0 0 1
    outer loop
      vertex -69 -8.5 6.4
      vertex -39 -8.5 6.4
      vertex -69 -4.5 6.4
    endloop
  endfacet
  facet normal 0 1 0
    outer loop
      vertex -69 -4.5 6.4
      vertex -39 -4.5 6.4
      vertex -39 -4.5 2.4
    endloop
  endfacet
  facet normal 0 0 1
    outer loop
      vertex -69 -4.5 6.4
      vertex -39 -8.5 6.4
      vertex -39 -4.5 6.4
    endloop
  endfacet
  facet normal 1 0 0
    outer loop
      vertex -39 -8.5 2.4
      vertex -39 -4.5 2.4
      vertex -39 -4.5 6.4
    endloop
  endfacet
  facet normal 1 0 0
    outer loop
      vertex -39 -8.5 2.4
      vertex -39 -4.5 6.4
      vertex -39 -8.5 6.4
    endloop
  endfacet
  facet normal -1 0 0
    outer loop
      vertex -69 44.5 2.4
      vertex -69 44.5 6.4
      vertex -69 48.5 2.4
    endloop
  endfacet
  facet normal -1 0 0
    outer loop
      vertex -69 48.5 2.4
      vertex -69 44.5 6.4
      vertex -69 48.5 6.4
    endloop
  endfacet
  facet normal 0 1 0
    outer loop
      vertex -69 48.5 2.4
      vertex -69 48.5 6.4
      vertex -39 48.5 2.4
    endloop
  endfacet
  facet normal 0 -1 0
    outer loop
      vertex -69 44.5 2.4
      vertex -39 44.5 2.4
      vertex -39 44.5 6.4
    endloop
  endfacet
  facet normal 0 -1 0
    outer loop
      vertex -69 44.5 2.4
      vertex -39 44.5 6.4
      vertex -69 44.5 6.4
    endloop
  endfacet
  facet normal 0 0 1
    outer loop
      vertex -69 44.5 6.4
      vertex -39 44.5 6.4
      vertex -69 48.5 6.4
    endloop
  endfacet
  facet normal 0 1 0
    outer loop
      vertex -69 48.5 6.4
      vertex -39 48.5 6.4
      vertex -39 48.5 2.4
    endloop
  endfacet
  facet normal 0 0 1
    outer loop
      vertex -69 48.5 6.4
      vertex -39 44.5 6.4
      vertex -39 48.5 6.4
    endloop
  endfacet
  facet normal 1 0 0
    outer loop
      vertex -39 44.5 2.4
      vertex -39 48.5 2.4
      vertex -39 48.5 6.4
    endloop
  endfacet
  facet normal 1 0 0
    outer loop
      vertex -39 44.5 2.4
      vertex -39 48.5 6.4
      vertex -39 44.5 6.4
    endloop
  endfacet
  facet normal 0 -1 0
    outer loop
      vertex -32 -1 2.4
      vertex 37.5 -1 2.45
      vertex -32 -1 6.4
    endloop
  endfacet
  facet normal -1 0 0
    outer loop
      vertex -32 -1 2.4
      vertex -32 -1 6.4
      vertex -32 3 2.4
    endloop
  endfacet
  facet normal -1 0 0
    outer loop
      vertex -32 -1 6.4
      vertex -32 3 6.4
      vertex -32 3 2.4
    endloop
  endfacet
  facet normal 0 1 0
    outer loop
      vertex -32 3 2.4
      vertex -32 3 6.4
      vertex 37.5 3 2.4
    endloop
  endfacet
  facet normal 0 0 1
    outer loop
      vertex -32 -1 6.4
      vertex 38 -1 6.4
      vertex -32 3 6.4
    endloop
  endfacet
  facet normal 0 -1 0
    outer loop
      vertex -32 -1 2.4
      vertex 37.5 -1 2.4
      vertex 37.5 -1 2.45
    endloop
  endfacet
  facet normal 0 -1 0
    outer loop
      vertex -32 -1 6.4
      vertex 37.5 -1 2.45
      vertex 38 -1 2.45
    endloop
  endfacet
  facet normal 0 -1 0
    outer loop
      vertex -32 -1 6.4
      vertex 38 -1 2.45
      vertex 38 -1 6.4
    endloop
  endfacet
  facet normal 0 1 0
    outer loop
      vertex -32 3 6.4
      vertex 37.5 3 2.45
      vertex 37.5 3 2.4
    endloop
  endfacet
  facet normal 0 1 0
    outer loop
      vertex -32 3 6.4
      vertex 38 3 6.4
      vertex 37.5 3 2.45
    endloop
  endfacet
  facet normal 0 0 1
    outer loop
      vertex -32 3 6.4
      vertex 38 -1 6.4
      vertex 38 3 6.4
    endloop
  endfacet
  facet normal 1 0 0
    outer loop
      vertex 38 -1 6.4
      vertex 38 -1 2.45
      vertex 38 3 2.45
    endloop
  endfacet
  facet normal 0 1 0
    outer loop
      vertex 38 3 6.4
      vertex 38 3 2.45
      vertex 37.5 3 2.45
    endloop
  endfacet
  facet normal 1 0 0
    outer loop
      vertex 38 -1 6.4
      vertex 38 3 2.45
      vertex 38 3 6.4
    endloop
  endfacet
  facet normal -1 0 0
    outer loop
      vertex -32 37 2.4
      vertex -32 37 6.4
      vertex -32 41 2.4
    endloop
  endfacet
  facet normal -1 0 0
    outer loop
      vertex -32 41 2.4
      vertex -32 37 6.4
      vertex -32 41 6.4
    endloop
  endfacet
  facet normal 0 1 0
    outer loop
      vertex -32 41 2.4
      vertex -32 41 6.4
      vertex 37.5 41 2.4
    endloop
  endfacet
  facet normal 0 -1 0
    outer loop
      vertex -32 37 2.4
      vertex 38 37 6.4
      vertex -32 37 6.4
    endloop
  endfacet
  facet normal 0 0 1
    outer loop
      vertex -32 37 6.4
      vertex 38 37 6.4
      vertex -32 41 6.4
    endloop
  endfacet
  facet normal 0 -1 0
    outer loop
      vertex -32 37 2.4
      vertex 37.5 37 2.4
      vertex 37.5 37 2.45
    endloop
  endfacet
  facet normal 0 -1 0
    outer loop
      vertex -32 37 2.4
      vertex 37.5 37 2.45
      vertex 38 37 6.4
    endloop
  endfacet
  facet normal 0 1 0
    outer loop
      vertex -32 41 6.4
      vertex 37.5 41 2.45
      vertex 37.5 41 2.4
    endloop
  endfacet
  facet normal 0 1 0
    outer loop
      vertex -32 41 6.4
      vertex 38 41 6.4
      vertex 37.5 41 2.45
    endloop
  endfacet
  facet normal 0 0 1
    outer loop
      vertex -32 41 6.4
      vertex 38 37 6.4
      vertex 38 41 6.4
    endloop
  endfacet
  facet normal 0 -1 0
    outer loop
      vertex 38 37 6.4
      vertex 37.5 37 2.45
      vertex 38 37 2.45
    endloop
  endfacet
  facet normal 1 0 0
    outer loop
      vertex 38 37 6.4
      vertex 38 37 2.45
      vertex 38 41 2.45
    endloop
  endfacet
  facet normal 0 1 0
    outer loop
      vertex 38 41 6.4
      vertex 38 41 2.45
      vertex 37.5 41 2.45
    endloop
  endfacet
  facet normal 1 0 0
    outer loop
      vertex 38 37 6.4
      vertex 38 41 2.45
      vertex 38 41 6.4
    endloop
  endfacet
  facet normal 0 -1 0
    outer loop
      vertex 41 -1 6.4
      vertex 41 -1 2.45
      vertex 41.5 -1 2.45
    endloop
  endfacet
  facet normal 0 -1 0
    outer loop
      vertex 71 -1 2.4
      vertex 41.5 -1 2.45
      vertex 41.5 -1 2.4
    endloop
  endfacet
  facet normal 0 -1 0
    outer loop
      vertex 71 -1 2.4
      vertex 71 -1 6.4
      vertex 41.5 -1 2.45
    endloop
  endfacet
  facet normal 0 -1 0
    outer loop
      vertex 41 -1 6.4
      vertex 41.5 -1 2.45
      vertex 71 -1 6.4
    endloop
  endfacet
  facet normal -1 0 0
    outer loop
      vertex 41 3 6.4
      vertex 41 3 2.45
      vertex 41 -1 2.45
    endloop
  endfacet
  facet normal 0 1 0
    outer loop
      vertex 41 3 6.4
      vertex 41.5 3 2.45
      vertex 41 3 2.45
    endloop
  endfacet
  facet normal -1 0 0
    outer loop
      vertex 41 -1 6.4
      vertex 41 3 6.4
      vertex 41 -1 2.45
    endloop
  endfacet
  facet normal 0 1 0
    outer loop
      vertex 71 3 2.4
      vertex 41.5 3 2.4
      vertex 41.5 3 2.45
    endloop
  endfacet
  facet normal 0 1 0
    outer loop
      vertex 41 3 6.4
      vertex 71 3 2.4
      vertex 41.5 3 2.45
    endloop
  endfacet
  facet normal 0 0 1
    outer loop
      vertex 41 -1 6.4
      vertex 71 -1 6.4
      vertex 41 3 6.4
    endloop
  endfacet
  facet normal 0 1 0
    outer loop
      vertex 41 3 6.4
      vertex 71 3 6.4
      vertex 71 3 2.4
    endloop
  endfacet
  facet normal 0 0 1
    outer loop
      vertex 71 -1 6.4
      vertex 71 3 6.4
      vertex 41 3 6.4
    endloop
  endfacet
  facet normal 1 0 0
    outer loop
      vertex 71 -1 2.4
      vertex 71 3 2.4
      vertex 71 3 6.4
    endloop
  endfacet
  facet normal 1 0 0
    outer loop
      vertex 71 -1 2.4
      vertex 71 3 6.4
      vertex 71 -1 6.4
    endloop
  endfacet
  facet normal 0 -1 0
    outer loop
      vertex 41 37 6.4
      vertex 41 37 2.45
      vertex 41.5 37 2.45
    endloop
  endfacet
  facet normal -1 0 0
    outer loop
      vertex 41 41 6.4
      vertex 41 41 2.45
      vertex 41 37 2.45
    endloop
  endfacet
  facet normal 0 1 0
    outer loop
      vertex 41 41 6.4
      vertex 41.5 41 2.45
      vertex 41 41 2.45
    endloop
  endfacet
  facet normal -1 0 0
    outer loop
      vertex 41 37 6.4
      vertex 41 41 6.4
      vertex 41 37 2.45
    endloop
  endfacet
  facet normal 0 -1 0
    outer loop
      vertex 71 37 2.4
      vertex 41.5 37 2.45
      vertex 41.5 37 2.4
    endloop
  endfacet
  facet normal 0 1 0
    outer loop
      vertex 71 41 2.4
      vertex 41.5 41 2.4
      vertex 41.5 41 2.45
    endloop
  endfacet
  facet normal 0 1 0
    outer loop
      vertex 41 41 6.4
      vertex 71 41 2.4
      vertex 41.5 41 2.45
    endloop
  endfacet
  facet normal 0 -1 0
    outer loop
      vertex 71 37 2.4
      vertex 71 37 6.4
      vertex 41.5 37 2.45
    endloop
  endfacet
  facet normal 0 -1 0
    outer loop
      vertex 41 37 6.4
      vertex 41.5 37 2.45
      vertex 71 37 6.4
    endloop
  endfacet
  facet normal 0 0 1
    outer loop
      vertex 41 37 6.4
      vertex 71 37 6.4
      vertex 41 41 6.4
    endloop
  endfacet
  facet normal 0 1 0
    outer loop
      vertex 41 41 6.4
      vertex 71 41 6.4
      vertex 71 41 2.4
    endloop
  endfacet
  facet normal 0 0 1
    outer loop
      vertex 41 41 6.4
      vertex 71 37 6.4
      vertex 71 41 6.4
    endloop
  endfacet
  facet normal 1 0 0
    outer loop
      vertex 71 37 2.4
      vertex 71 41 2.4
      vertex 71 41 6.4
    endloop
  endfacet
  facet normal 1 0 0
    outer loop
      vertex 71 37 2.4
      vertex 71 41 6.4
      vertex 71 37 6.4
    endloop
  endfacet
  facet normal -1 0 0
    outer loop
      vertex -65 -59 2.4
      vertex -65 -59 6.4
      vertex -65 -55 2.4
    endloop
  endfacet
  facet normal -1 0 0
    outer loop
      vertex -65 -55 2.4
      vertex -65 -59 6.4
      vertex -65 -55 6.4
    endloop
  endfacet
  facet normal 0 1 0
    outer loop
      vertex -65 -55 2.4
      vertex -65 -55 6.4
      vertex 15 -55 2.4
    endloop
  endfacet
  facet normal 0 -1 0
    outer loop
      vertex -65 -59 2.4
      vertex 15 -59 6.4
      vertex -65 -59 6.4
    endloop
  endfacet
  facet normal 0 0 1
    outer loop
      vertex -65 -59 6.4
      vertex 15 -59 6.4
      vertex -65 -55 6.4
    endloop
  endfacet
  facet normal 0 -1 0
    outer loop
      vertex -65 -59 2.4
      vertex 15 -59 2.4
      vertex 15 -59 6.4
    endloop
  endfacet
  facet normal 0 1 0
    outer loop
      vertex -65 -55 6.4
      vertex 15 -55 6.4
      vertex 15 -55 2.4
    endloop
  endfacet
  facet normal 0 0 1
    outer loop
      vertex -65 -55 6.4
      vertex 15 -59 6.4
      vertex 15 -55 6.4
    endloop
  endfacet
  facet normal 1 0 0
    outer loop
      vertex 15 -59 2.4
      vertex 15 -55 2.4
      vertex 15 -55 6.4
    endloop
  endfacet
  facet normal 1 0 0
    outer loop
      vertex 15 -59 2.4
      vertex 15 -55 6.4
      vertex 15 -59 6.4
    endloop
  endfacet
  facet normal -1 0 0
    outer loop
      vertex -65 -31 2.4
      vertex -65 -31 6.4
      vertex -65 -27 2.4
    endloop
  endfacet
  facet normal -1 0 0
    outer loop
      vertex -65 -27 2.4
      vertex -65 -31 6.4
      vertex -65 -27 6.4
    endloop
  endfacet
  facet normal 0 1 0
    outer loop
      vertex -65 -27 2.4
      vertex -65 -27 6.4
      vertex 15 -27 2.4
    endloop
  endfacet
  facet normal 0 -1 0
    outer loop
      vertex -65 -31 2.4
      vertex 15 -31 6.4
      vertex -65 -31 6.4
    endloop
  endfacet
  facet normal 0 0 1
    outer loop
      vertex -65 -31 6.4
      vertex 15 -31 6.4
      vertex -65 -27 6.4
    endloop
  endfacet
  facet normal 0 -1 0
    outer loop
      vertex -65 -31 2.4
      vertex 15 -31 2.4
      vertex 15 -31 6.4
    endloop
  endfacet
  facet normal 0 1 0
    outer loop
      vertex -65 -27 6.4
      vertex 15 -27 6.4
      vertex 15 -27 2.4
    endloop
  endfacet
  facet normal 0 0 1
    outer loop
      vertex -65 -27 6.4
      vertex 15 -31 6.4
      vertex 15 -27 6.4
    endloop
  endfacet
  facet normal 1 0 0
    outer loop
      vertex 15 -31 2.4
      vertex 15 -27 2.4
      vertex 15 -27 6.4
    endloop
  endfacet
  facet normal 1 0 0
    outer loop
      vertex 15 -31 2.4
      vertex 15 -27 6.4
      vertex 15 -31 6.4
    endloop
  endfacet
  facet normal -0.5555702203832521 -0.8314696207458843 0
    outer loop
      vertex -86.22628429234028 -47.3800600245595 0
      vertex -85.90000000298024 -47.598076209425926 0
      vertex -86.22628429234028 -47.3800600245595 4
    endloop
  endfacet
  facet normal -0.8314696207458843 -0.5555702203832521 0
    outer loop
      vertex -86.78006002753973 -46.826284289360046 0
      vertex -86.99807621240616 -46.5 4
      vertex -86.99807621240616 -46.5 0
    endloop
  endfacet
  facet normal -0.6593458207943228 -0.7518398024852506 0
    outer loop
      vertex -86.52132034748793 -47.121320344507694 0
      vertex -86.22628429234028 -47.3800600245595 0
      vertex -86.52132034748793 -47.121320344507694 4
    endloop
  endfacet
  facet normal -0.7518398024852506 -0.6593458207943228 0
    outer loop
      vertex -86.78006002753973 -46.826284289360046 0
      vertex -86.52132034748793 -47.121320344507694 0
      vertex -86.78006002753973 -46.826284289360046 4
    endloop
  endfacet
  facet normal -0.4422886918115197 -0.8968727407473451 0
    outer loop
      vertex -85.90000000298024 -47.598076209425926 0
      vertex -85.5480503037572 -47.771638594567776 0
      vertex -85.90000000298024 -47.598076209425926 4
    endloop
  endfacet
  facet normal -0.32143946370773846 -0.9469301300366788 0
    outer loop
      vertex -85.5480503037572 -47.771638594567776 0
      vertex -85.17645714133978 -47.89777747541666 0
      vertex -85.5480503037572 -47.771638594567776 4
    endloop
  endfacet
  facet normal -0.1950903258581441 -0.980785279639006 0
    outer loop
      vertex -84.7915785804391 -47.974334582686424 0
      vertex -85.17645714133978 -47.89777747541666 4
      vertex -85.17645714133978 -47.89777747541666 0
    endloop
  endfacet
  facet normal -0.06540313273849395 -0.9978589230086541 0
    outer loop
      vertex -84.7915785804391 -47.974334582686424 0
      vertex -84.40000000298024 -48 0
      vertex -84.7915785804391 -47.974334582686424 4
    endloop
  endfacet
  facet normal 0 0 -1
    outer loop
      vertex -86.78006002753973 -46.826284289360046 0
      vertex -82.525 -41.94855715851499 0
      vertex -86.52132034748793 -47.121320344507694 0
    endloop
  endfacet
  facet normal 0 0 -1
    outer loop
      vertex -86.22628429234028 -47.3800600245595 0
      vertex -82.26103772282146 -42.07872894815039 0
      vertex -85.90000000298024 -47.598076209425926 0
    endloop
  endfacet
  facet normal 0 0 -1
    outer loop
      vertex -86.52132034748793 -47.121320344507694 0
      vertex -82.26103772282146 -42.07872894815039 0
      vertex -86.22628429234028 -47.3800600245595 0
    endloop
  endfacet
  facet normal 0 0 -1
    outer loop
      vertex -86.78006002753973 -46.826284289360046 0
      vertex -86.99807621240616 -46.5 0
      vertex -82.76971321526963 -41.78504501565528 0
    endloop
  endfacet
  facet normal 0 0 -1
    outer loop
      vertex -86.99807621240616 -46.5 0
      vertex -87.17163859754801 -46.14805030077696 0
      vertex -82.99099025766974 -41.59099025766973 0
    endloop
  endfacet
  facet normal 0 0 -1
    outer loop
      vertex -87.17163859754801 -46.14805030077696 0
      vertex -87.2977774783969 -45.77645713835955 0
      vertex -82.99099025766974 -41.59099025766973 0
    endloop
  endfacet
  facet normal 0 0 -1
    outer loop
      vertex -87.37433458566666 -45.39157857745886 0
      vertex -87.40000000298024 -45 0
      vertex -83.34855715851499 -41.125 0
    endloop
  endfacet
  facet normal 0 0 -1
    outer loop
      vertex -87.2977774783969 -45.77645713835955 0
      vertex -87.37433458566666 -45.39157857745886 0
      vertex -83.18504501565529 -41.36971321526962 0
    endloop
  endfacet
  facet normal 0 0 -1
    outer loop
      vertex -87.40000000298024 -45 0
      vertex -83.4787289481504 -40.86103772282145 0
      vertex -83.34855715851499 -41.125 0
    endloop
  endfacet
  facet normal 0 0 -1
    outer loop
      vertex -87.40000000298024 -45 0
      vertex -83.57333310915041 -40.582342851480675 0
      vertex -83.4787289481504 -40.86103772282145 0
    endloop
  endfacet
  facet normal 0 0 -1
    outer loop
      vertex -85.90000000298024 -47.598076209425926 0
      vertex -81.98234285148068 -42.173333109150406 0
      vertex -85.5480503037572 -47.771638594567776 0
    endloop
  endfacet
  facet normal 0 0 -1
    outer loop
      vertex -85.5480503037572 -47.771638594567776 0
      vertex -81.69368393249512 -42.23075093809107 0
      vertex -85.17645714133978 -47.89777747541666 0
    endloop
  endfacet
  facet normal 0 0 -1
    outer loop
      vertex -84.7915785804391 -47.974334582686424 0
      vertex -85.17645714133978 -47.89777747541666 0
      vertex -81.4 -42.25 0
    endloop
  endfacet
  facet normal 0 0 -1
    outer loop
      vertex -84.7915785804391 -47.974334582686424 0
      vertex -81.4 -42.25 0
      vertex -84.40000000298024 -48 0
    endloop
  endfacet
  facet normal 0 0 -1
    outer loop
      vertex -86.78006002753973 -46.826284289360046 0
      vertex -82.76971321526963 -41.78504501565528 0
      vertex -82.525 -41.94855715851499 0
    endloop
  endfacet
  facet normal 0 0 -1
    outer loop
      vertex -86.99807621240616 -46.5 0
      vertex -82.99099025766974 -41.59099025766973 0
      vertex -82.76971321526963 -41.78504501565528 0
    endloop
  endfacet
  facet normal 0 0 -1
    outer loop
      vertex -86.52132034748793 -47.121320344507694 0
      vertex -82.525 -41.94855715851499 0
      vertex -82.26103772282146 -42.07872894815039 0
    endloop
  endfacet
  facet normal 0 0 -1
    outer loop
      vertex -85.90000000298024 -47.598076209425926 0
      vertex -82.26103772282146 -42.07872894815039 0
      vertex -81.98234285148068 -42.173333109150406 0
    endloop
  endfacet
  facet normal 0 0 -1
    outer loop
      vertex -87.2977774783969 -45.77645713835955 0
      vertex -83.18504501565529 -41.36971321526962 0
      vertex -82.99099025766974 -41.59099025766973 0
    endloop
  endfacet
  facet normal 0 0 -1
    outer loop
      vertex -87.37433458566666 -45.39157857745886 0
      vertex -83.34855715851499 -41.125 0
      vertex -83.18504501565529 -41.36971321526962 0
    endloop
  endfacet
  facet normal 0 0 -1
    outer loop
      vertex -85.5480503037572 -47.771638594567776 0
      vertex -81.98234285148068 -42.173333109150406 0
      vertex -81.69368393249512 -42.23075093809107 0
    endloop
  endfacet
  facet normal 0 0 -1
    outer loop
      vertex -85.17645714133978 -47.89777747541666 0
      vertex -81.69368393249512 -42.23075093809107 0
      vertex -81.4 -42.25 0
    endloop
  endfacet
  facet normal 0 0 -1
    outer loop
      vertex -84.40000000298024 -48 0
      vertex -81.4 -42.25 0
      vertex -81.10631606750489 -42.23075093809107 0
    endloop
  endfacet
  facet normal -0.8968727407473451 -0.4422886918115197 0
    outer loop
      vertex -86.99807621240616 -46.5 0
      vertex -87.17163859754801 -46.14805030077696 4
      vertex -87.17163859754801 -46.14805030077696 0
    endloop
  endfacet
  facet normal -0.9469301300366788 -0.32143946370773846 0
    outer loop
      vertex -87.17163859754801 -46.14805030077696 0
      vertex -87.2977774783969 -45.77645713835955 4
      vertex -87.2977774783969 -45.77645713835955 0
    endloop
  endfacet
  facet normal -0.980785279639006 -0.1950903258581441 0
    outer loop
      vertex -87.2977774783969 -45.77645713835955 0
      vertex -87.37433458566666 -45.39157857745886 4
      vertex -87.37433458566666 -45.39157857745886 0
    endloop
  endfacet
  facet normal -0.9978589230086541 -0.06540313273849395 0
    outer loop
      vertex -87.37433458566666 -45.39157857745886 0
      vertex -87.40000000298024 -45 4
      vertex -87.40000000298024 -45 0
    endloop
  endfacet
  facet normal 0 -1 0
    outer loop
      vertex -84.40000000298024 -48 0
      vertex -75.99999999701977 -48 0
      vertex -84.40000000298024 -48 4
    endloop
  endfacet
  facet normal 0 0 -1
    outer loop
      vertex -84.40000000298024 -48 0
      vertex -81.10631606750489 -42.23075093809107 0
      vertex -75.99999999701977 -48 0
    endloop
  endfacet
  facet normal 0 0 -1
    outer loop
      vertex -75.99999999701977 -48 0
      vertex -81.10631606750489 -42.23075093809107 0
      vertex -80.81765714851933 -42.173333109150406 0
    endloop
  endfacet
  facet normal 0 0 -1
    outer loop
      vertex -75.99999999701977 -48 0
      vertex -80.81765714851933 -42.173333109150406 0
      vertex -80.53896227717856 -42.07872894815039 0
    endloop
  endfacet
  facet normal 0 0 -1
    outer loop
      vertex -75.99999999701977 -48 0
      vertex -80.53896227717856 -42.07872894815039 0
      vertex -80.275 -41.94855715851499 0
    endloop
  endfacet
  facet normal 0 0 -1
    outer loop
      vertex -75.99999999701977 -48 0
      vertex -80.275 -41.94855715851499 0
      vertex -80.03028678473038 -41.78504501565528 0
    endloop
  endfacet
  facet normal 0 0 -1
    outer loop
      vertex -75.99999999701977 -48 0
      vertex -80.03028678473038 -41.78504501565528 0
      vertex -79.80900974233028 -41.59099025766973 0
    endloop
  endfacet
  facet normal 0 0 -1
    outer loop
      vertex -75.99999999701977 -48 0
      vertex -79.80900974233028 -41.59099025766973 0
      vertex -79.61495498434472 -41.36971321526962 0
    endloop
  endfacet
  facet normal 0 0 -1
    outer loop
      vertex -75.99999999701977 -48 0
      vertex -79.61495498434472 -41.36971321526962 0
      vertex -79.45144284148502 -41.125 0
    endloop
  endfacet
  facet normal 0 0 -1
    outer loop
      vertex -75.99999999701977 -48 0
      vertex -79.45144284148502 -41.125 0
      vertex -79.3212710518496 -40.86103772282145 0
    endloop
  endfacet
  facet normal 0 0 -1
    outer loop
      vertex -75.99999999701977 -48 0
      vertex -79.3212710518496 -40.86103772282145 0
      vertex -79.2266668908496 -40.582342851480675 0
    endloop
  endfacet
  facet normal 0 0 -1
    outer loop
      vertex -75.99999999701977 -48 0
      vertex -79.2266668908496 -40.582342851480675 0
      vertex -79.16924906190893 -40.293683932495114 0
    endloop
  endfacet
  facet normal 0 0 -1
    outer loop
      vertex -75.99999999701977 -48 0
      vertex -79.16924906190893 -40.293683932495114 0
      vertex -79.15 -40 0
    endloop
  endfacet
  facet normal 0 0 -1
    outer loop
      vertex -75.99999999701977 -48 0
      vertex -79.2266668908496 -39.417657148519325 0
      vertex -79.3212710518496 -39.13896227717855 0
    endloop
  endfacet
  facet normal 0 0 -1
    outer loop
      vertex -75.99999999701977 -48 0
      vertex -79.15 -40 0
      vertex -79.16924906190893 -39.706316067504886 0
    endloop
  endfacet
  facet normal 0 0 -1
    outer loop
      vertex -75.99999999701977 -48 0
      vertex -79.16924906190893 -39.706316067504886 0
      vertex -79.2266668908496 -39.417657148519325 0
    endloop
  endfacet
  facet normal -0.8314696207458843 -0.5555702203832521 0
    outer loop
      vertex -86.78006002753973 -46.826284289360046 0
      vertex -86.78006002753973 -46.826284289360046 4
      vertex -86.99807621240616 -46.5 4
    endloop
  endfacet
  facet normal -0.8968727407473451 -0.4422886918115197 0
    outer loop
      vertex -86.99807621240616 -46.5 0
      vertex -86.99807621240616 -46.5 4
      vertex -87.17163859754801 -46.14805030077696 4
    endloop
  endfacet
  facet normal -0.7518398024852506 -0.6593458207943228 0
    outer loop
      vertex -86.52132034748793 -47.121320344507694 0
      vertex -86.52132034748793 -47.121320344507694 4
      vertex -86.78006002753973 -46.826284289360046 4
    endloop
  endfacet
  facet normal -0.6593458207943228 -0.7518398024852506 0
    outer loop
      vertex -86.22628429234028 -47.3800600245595 0
      vertex -86.22628429234028 -47.3800600245595 4
      vertex -86.52132034748793 -47.121320344507694 4
    endloop
  endfacet
  facet normal -0.5555702203832521 -0.8314696207458843 0
    outer loop
      vertex -85.90000000298024 -47.598076209425926 0
      vertex -85.90000000298024 -47.598076209425926 4
      vertex -86.22628429234028 -47.3800600245595 4
    endloop
  endfacet
  facet normal -0.4422886918115197 -0.8968727407473451 0
    outer loop
      vertex -85.5480503037572 -47.771638594567776 0
      vertex -85.5480503037572 -47.771638594567776 4
      vertex -85.90000000298024 -47.598076209425926 4
    endloop
  endfacet
  facet normal -0.1950903258581441 -0.980785279639006 0
    outer loop
      vertex -84.7915785804391 -47.974334582686424 0
      vertex -84.7915785804391 -47.974334582686424 4
      vertex -85.17645714133978 -47.89777747541666 4
    endloop
  endfacet
  facet normal -0.32143946370773846 -0.9469301300366788 0
    outer loop
      vertex -85.17645714133978 -47.89777747541666 0
      vertex -85.17645714133978 -47.89777747541666 4
      vertex -85.5480503037572 -47.771638594567776 4
    endloop
  endfacet
  facet normal -0.06540313273849395 -0.9978589230086541 0
    outer loop
      vertex -84.40000000298024 -48 0
      vertex -84.40000000298024 -48 4
      vertex -84.7915785804391 -47.974334582686424 4
    endloop
  endfacet
  facet normal 0 0 1
    outer loop
      vertex -87.2977774783969 -45.77645713835955 4
      vertex -75.39999999850988 -47.93287698356378 4
      vertex -87.37433458566666 -45.39157857745886 4
    endloop
  endfacet
  facet normal 0 0 1
    outer loop
      vertex -86.52132034748793 -47.121320344507694 4
      vertex -86.22628429234028 -47.3800600245595 4
      vertex -75.39999999850988 -47.93287698356378 4
    endloop
  endfacet
  facet normal 0 0 1
    outer loop
      vertex -85.90000000298024 -47.598076209425926 4
      vertex -85.5480503037572 -47.771638594567776 4
      vertex -75.39999999850988 -47.93287698356378 4
    endloop
  endfacet
  facet normal 0 0 1
    outer loop
      vertex -86.22628429234028 -47.3800600245595 4
      vertex -85.90000000298024 -47.598076209425926 4
      vertex -75.39999999850988 -47.93287698356378 4
    endloop
  endfacet
  facet normal 0 0 1
    outer loop
      vertex -85.5480503037572 -47.771638594567776 4
      vertex -85.17645714133978 -47.89777747541666 4
      vertex -75.39999999850988 -47.93287698356378 4
    endloop
  endfacet
  facet normal 0 0 1
    outer loop
      vertex -86.78006002753973 -46.826284289360046 4
      vertex -75.39999999850988 -47.93287698356378 4
      vertex -86.99807621240616 -46.5 4
    endloop
  endfacet
  facet normal 0 0 1
    outer loop
      vertex -86.78006002753973 -46.826284289360046 4
      vertex -86.52132034748793 -47.121320344507694 4
      vertex -75.39999999850988 -47.93287698356378 4
    endloop
  endfacet
  facet normal 0 0 1
    outer loop
      vertex -86.99807621240616 -46.5 4
      vertex -75.39999999850988 -47.93287698356378 4
      vertex -87.17163859754801 -46.14805030077696 4
    endloop
  endfacet
  facet normal 0 0 1
    outer loop
      vertex -87.17163859754801 -46.14805030077696 4
      vertex -75.39999999850988 -47.93287698356378 4
      vertex -87.2977774783969 -45.77645713835955 4
    endloop
  endfacet
  facet normal -0.9469301300366788 -0.32143946370773846 0
    outer loop
      vertex -87.17163859754801 -46.14805030077696 0
      vertex -87.17163859754801 -46.14805030077696 4
      vertex -87.2977774783969 -45.77645713835955 4
    endloop
  endfacet
  facet normal -0.980785279639006 -0.1950903258581441 0
    outer loop
      vertex -87.2977774783969 -45.77645713835955 0
      vertex -87.2977774783969 -45.77645713835955 4
      vertex -87.37433458566666 -45.39157857745886 4
    endloop
  endfacet
  facet normal -0.9978589230086541 -0.06540313273849395 0
    outer loop
      vertex -87.37433458566666 -45.39157857745886 0
      vertex -87.37433458566666 -45.39157857745886 4
      vertex -87.40000000298024 -45 4
    endloop
  endfacet
  facet normal 0 0 1
    outer loop
      vertex -87.40000000298024 -45 4
      vertex -83.34855715851499 -41.125 4
      vertex -83.4787289481504 -40.86103772282145 4
    endloop
  endfacet
  facet normal 0 0 1
    outer loop
      vertex -87.40000000298024 -45 4
      vertex -83.4787289481504 -40.86103772282145 4
      vertex -83.57333310915041 -40.582342851480675 4
    endloop
  endfacet
  facet normal 0 0 1
    outer loop
      vertex -87.37433458566666 -45.39157857745886 4
      vertex -75.39999999850988 -47.93287698356378 4
      vertex -87.40000000298024 -45 4
    endloop
  endfacet
  facet normal 0 0 1
    outer loop
      vertex -87.40000000298024 -45 4
      vertex -82.99099025766974 -41.59099025766973 4
      vertex -83.18504501565529 -41.36971321526962 4
    endloop
  endfacet
  facet normal 0 0 1
    outer loop
      vertex -87.40000000298024 -45 4
      vertex -82.76971321526963 -41.78504501565528 4
      vertex -82.99099025766974 -41.59099025766973 4
    endloop
  endfacet
  facet normal 0 0 1
    outer loop
      vertex -87.40000000298024 -45 4
      vertex -82.525 -41.94855715851499 4
      vertex -82.76971321526963 -41.78504501565528 4
    endloop
  endfacet
  facet normal 0 0 1
    outer loop
      vertex -87.40000000298024 -45 4
      vertex -83.18504501565529 -41.36971321526962 4
      vertex -83.34855715851499 -41.125 4
    endloop
  endfacet
  facet normal 0 -1 0
    outer loop
      vertex -84.40000000298024 -48 4
      vertex -75.99999999701977 -48 0
      vertex -75.99999999701977 -48 4
    endloop
  endfacet
  facet normal 0 0 1
    outer loop
      vertex -84.7915785804391 -47.974334582686424 4
      vertex -75.39999999850988 -47.93287698356378 4
      vertex -85.17645714133978 -47.89777747541666 4
    endloop
  endfacet
  facet normal 0 0 1
    outer loop
      vertex -84.7915785804391 -47.974334582686424 4
      vertex -84.40000000298024 -48 4
      vertex -75.39999999850988 -47.93287698356378 4
    endloop
  endfacet
  facet normal 0 0 1
    outer loop
      vertex -84.40000000298024 -48 4
      vertex -75.99999999701977 -48 4
      vertex -75.39999999850988 -47.93287698356378 4
    endloop
  endfacet
  facet normal 0 0 1
    outer loop
      vertex -87.40000000298024 -45 4
      vertex -75.39999999850988 -47.93287698356378 4
      vertex -82.525 -41.94855715851499 4
    endloop
  endfacet
  facet normal 0 0 1
    outer loop
      vertex -75.39999999850988 -47.93287698356378 4
      vertex -82.26103772282146 -42.07872894815039 4
      vertex -82.525 -41.94855715851499 4
    endloop
  endfacet
  facet normal 0 0 1
    outer loop
      vertex -75.39999999850988 -47.93287698356378 4
      vertex -81.98234285148068 -42.173333109150406 4
      vertex -82.26103772282146 -42.07872894815039 4
    endloop
  endfacet
  facet normal 0 0 1
    outer loop
      vertex -75.39999999850988 -47.93287698356378 4
      vertex -81.69368393249512 -42.23075093809107 4
      vertex -81.98234285148068 -42.173333109150406 4
    endloop
  endfacet
  facet normal 0 0 1
    outer loop
      vertex -75.39999999850988 -47.93287698356378 4
      vertex -81.4 -42.25 4
      vertex -81.69368393249512 -42.23075093809107 4
    endloop
  endfacet
  facet normal 0 0 1
    outer loop
      vertex -75.39999999850988 -47.93287698356378 4
      vertex -81.10631606750489 -42.23075093809107 4
      vertex -81.4 -42.25 4
    endloop
  endfacet
  facet normal 0 0 1
    outer loop
      vertex -75.39999999850988 -47.93287698356378 4
      vertex -80.81765714851933 -42.173333109150406 4
      vertex -81.10631606750489 -42.23075093809107 4
    endloop
  endfacet
  facet normal 0 0 1
    outer loop
      vertex -75.39999999850988 -47.93287698356378 4
      vertex -80.53896227717856 -42.07872894815039 4
      vertex -80.81765714851933 -42.173333109150406 4
    endloop
  endfacet
  facet normal 0 0 1
    outer loop
      vertex -75.39999999850988 -47.93287698356378 4
      vertex -80.275 -41.94855715851499 4
      vertex -80.53896227717856 -42.07872894815039 4
    endloop
  endfacet
  facet normal 0 0 1
    outer loop
      vertex -75.39999999850988 -47.93287698356378 4
      vertex -80.03028678473038 -41.78504501565528 4
      vertex -80.275 -41.94855715851499 4
    endloop
  endfacet
  facet normal 0 0 1
    outer loop
      vertex -75.39999999850988 -47.93287698356378 4
      vertex -79.80900974233028 -41.59099025766973 4
      vertex -80.03028678473038 -41.78504501565528 4
    endloop
  endfacet
  facet normal 0 0 1
    outer loop
      vertex -75.39999999850988 -47.93287698356378 4
      vertex -79.61495498434472 -41.36971321526962 4
      vertex -79.80900974233028 -41.59099025766973 4
    endloop
  endfacet
  facet normal 0 0 1
    outer loop
      vertex -75.39999999850988 -47.93287698356378 4
      vertex -79.45144284148502 -41.125 4
      vertex -79.61495498434472 -41.36971321526962 4
    endloop
  endfacet
  facet normal 0 0 1
    outer loop
      vertex -75.39999999850988 -47.93287698356378 4
      vertex -79.3212710518496 -40.86103772282145 4
      vertex -79.45144284148502 -41.125 4
    endloop
  endfacet
  facet normal 0 0 -1
    outer loop
      vertex -87.40000000298024 -45 0
      vertex -87.40000000298024 -35 0
      vertex -83.57333310915041 -40.582342851480675 0
    endloop
  endfacet
  facet normal 0 0 -1
    outer loop
      vertex -87.40000000298024 -35 0
      vertex -83.63075093809108 -40.293683932495114 0
      vertex -83.57333310915041 -40.582342851480675 0
    endloop
  endfacet
  facet normal 0 0 -1
    outer loop
      vertex -87.40000000298024 -35 0
      vertex -83.65 -40 0
      vertex -83.63075093809108 -40.293683932495114 0
    endloop
  endfacet
  facet normal 0 0 -1
    outer loop
      vertex -87.40000000298024 -35 0
      vertex -83.63075093809108 -39.706316067504886 0
      vertex -83.65 -40 0
    endloop
  endfacet
  facet normal 0 0 -1
    outer loop
      vertex -87.40000000298024 -35 0
      vertex -83.57333310915041 -39.417657148519325 0
      vertex -83.63075093809108 -39.706316067504886 0
    endloop
  endfacet
  facet normal -1 0 0
    outer loop
      vertex -87.40000000298024 -45 0
      vertex -87.40000000298024 -35 4
      vertex -87.40000000298024 -35 0
    endloop
  endfacet
  facet normal 0 0 -1
    outer loop
      vertex -87.40000000298024 -35 0
      vertex -83.4787289481504 -39.13896227717855 0
      vertex -83.57333310915041 -39.417657148519325 0
    endloop
  endfacet
  facet normal 0 0 -1
    outer loop
      vertex -87.40000000298024 -35 0
      vertex -83.34855715851499 -38.875 0
      vertex -83.4787289481504 -39.13896227717855 0
    endloop
  endfacet
  facet normal 0 0 -1
    outer loop
      vertex -87.40000000298024 -35 0
      vertex -83.18504501565529 -38.63028678473038 0
      vertex -83.34855715851499 -38.875 0
    endloop
  endfacet
  facet normal 0 0 -1
    outer loop
      vertex -87.40000000298024 -35 0
      vertex -82.99099025766974 -38.40900974233027 0
      vertex -83.18504501565529 -38.63028678473038 0
    endloop
  endfacet
  facet normal 0 0 -1
    outer loop
      vertex -87.40000000298024 -35 0
      vertex -82.76971321526963 -38.21495498434472 0
      vertex -82.99099025766974 -38.40900974233027 0
    endloop
  endfacet
  facet normal 0 0 -1
    outer loop
      vertex -87.40000000298024 -35 0
      vertex -82.525 -38.05144284148501 0
      vertex -82.76971321526963 -38.21495498434472 0
    endloop
  endfacet
  facet normal 0 0 -1
    outer loop
      vertex -87.40000000298024 -35 0
      vertex -87.37433458566666 -34.60842142254114 0
      vertex -75.39999999850988 -32.06712301643622 0
    endloop
  endfacet
  facet normal -0.9978589230086541 0.06540313273849395 0
    outer loop
      vertex -87.40000000298024 -35 0
      vertex -87.37433458566666 -34.60842142254114 4
      vertex -87.37433458566666 -34.60842142254114 0
    endloop
  endfacet
  facet normal -0.980785279639006 0.1950903258581441 0
    outer loop
      vertex -87.37433458566666 -34.60842142254114 0
      vertex -87.2977774783969 -34.22354286164045 4
      vertex -87.2977774783969 -34.22354286164045 0
    endloop
  endfacet
  facet normal -0.9469301300366788 0.32143946370773846 0
    outer loop
      vertex -87.2977774783969 -34.22354286164045 0
      vertex -87.17163859754801 -33.85194969922304 4
      vertex -87.17163859754801 -33.85194969922304 0
    endloop
  endfacet
  facet normal 0 0 -1
    outer loop
      vertex -75.99999999701977 -48 0
      vertex -79.3212710518496 -39.13896227717855 0
      vertex -75.39999999850988 -32.06712301643622 0
    endloop
  endfacet
  facet normal 0 0 -1
    outer loop
      vertex -75.39999999850988 -32.06712301643622 0
      vertex -82.26103772282146 -37.92127105184961 0
      vertex -82.525 -38.05144284148501 0
    endloop
  endfacet
  facet normal 0 0 -1
    outer loop
      vertex -75.39999999850988 -32.06712301643622 0
      vertex -81.98234285148068 -37.826666890849594 0
      vertex -82.26103772282146 -37.92127105184961 0
    endloop
  endfacet
  facet normal 0 0 -1
    outer loop
      vertex -75.39999999850988 -32.06712301643622 0
      vertex -81.69368393249512 -37.76924906190893 0
      vertex -81.98234285148068 -37.826666890849594 0
    endloop
  endfacet
  facet normal 0 0 -1
    outer loop
      vertex -75.39999999850988 -32.06712301643622 0
      vertex -81.4 -37.75 0
      vertex -81.69368393249512 -37.76924906190893 0
    endloop
  endfacet
  facet normal 0 0 -1
    outer loop
      vertex -75.39999999850988 -32.06712301643622 0
      vertex -81.10631606750489 -37.76924906190893 0
      vertex -81.4 -37.75 0
    endloop
  endfacet
  facet normal 0 0 -1
    outer loop
      vertex -87.40000000298024 -35 0
      vertex -75.39999999850988 -32.06712301643622 0
      vertex -82.525 -38.05144284148501 0
    endloop
  endfacet
  facet normal 0 0 -1
    outer loop
      vertex -75.39999999850988 -32.06712301643622 0
      vertex -80.81765714851933 -37.826666890849594 0
      vertex -81.10631606750489 -37.76924906190893 0
    endloop
  endfacet
  facet normal 0 0 -1
    outer loop
      vertex -75.39999999850988 -32.06712301643622 0
      vertex -80.53896227717856 -37.92127105184961 0
      vertex -80.81765714851933 -37.826666890849594 0
    endloop
  endfacet
  facet normal 0 0 -1
    outer loop
      vertex -75.39999999850988 -32.06712301643622 0
      vertex -80.03028678473038 -38.21495498434472 0
      vertex -80.275 -38.05144284148501 0
    endloop
  endfacet
  facet normal 0 0 -1
    outer loop
      vertex -75.39999999850988 -32.06712301643622 0
      vertex -80.275 -38.05144284148501 0
      vertex -80.53896227717856 -37.92127105184961 0
    endloop
  endfacet
  facet normal 0 0 -1
    outer loop
      vertex -75.39999999850988 -32.06712301643622 0
      vertex -79.61495498434472 -38.63028678473038 0
      vertex -79.80900974233028 -38.40900974233027 0
    endloop
  endfacet
  facet normal 0 0 -1
    outer loop
      vertex -75.39999999850988 -32.06712301643622 0
      vertex -79.3212710518496 -39.13896227717855 0
      vertex -79.45144284148502 -38.875 0
    endloop
  endfacet
  facet normal 0 0 -1
    outer loop
      vertex -75.39999999850988 -32.06712301643622 0
      vertex -79.45144284148502 -38.875 0
      vertex -79.61495498434472 -38.63028678473038 0
    endloop
  endfacet
  facet normal 0 0 -1
    outer loop
      vertex -75.39999999850988 -32.06712301643622 0
      vertex -79.80900974233028 -38.40900974233027 0
      vertex -80.03028678473038 -38.21495498434472 0
    endloop
  endfacet
  facet normal -1 0 0
    outer loop
      vertex -87.40000000298024 -45 0
      vertex -87.40000000298024 -45 4
      vertex -87.40000000298024 -35 4
    endloop
  endfacet
  facet normal 0 0 1
    outer loop
      vertex -87.40000000298024 -45 4
      vertex -83.57333310915041 -40.582342851480675 4
      vertex -83.63075093809108 -40.293683932495114 4
    endloop
  endfacet
  facet normal 0 0 1
    outer loop
      vertex -87.40000000298024 -45 4
      vertex -83.63075093809108 -40.293683932495114 4
      vertex -83.65 -40 4
    endloop
  endfacet
  facet normal 0 0 1
    outer loop
      vertex -87.40000000298024 -45 4
      vertex -83.65 -40 4
      vertex -83.63075093809108 -39.706316067504886 4
    endloop
  endfacet
  facet normal 0 0 1
    outer loop
      vertex -87.40000000298024 -45 4
      vertex -83.63075093809108 -39.706316067504886 4
      vertex -83.57333310915041 -39.417657148519325 4
    endloop
  endfacet
  facet normal 0 0 1
    outer loop
      vertex -87.40000000298024 -45 4
      vertex -83.57333310915041 -39.417657148519325 4
      vertex -87.40000000298024 -35 4
    endloop
  endfacet
  facet normal -0.9978589230086541 0.06540313273849395 0
    outer loop
      vertex -87.40000000298024 -35 0
      vertex -87.40000000298024 -35 4
      vertex -87.37433458566666 -34.60842142254114 4
    endloop
  endfacet
  facet normal -0.980785279639006 0.1950903258581441 0
    outer loop
      vertex -87.37433458566666 -34.60842142254114 0
      vertex -87.37433458566666 -34.60842142254114 4
      vertex -87.2977774783969 -34.22354286164045 4
    endloop
  endfacet
  facet normal -0.9469301300366788 0.32143946370773846 0
    outer loop
      vertex -87.2977774783969 -34.22354286164045 0
      vertex -87.2977774783969 -34.22354286164045 4
      vertex -87.17163859754801 -33.85194969922304 4
    endloop
  endfacet
  facet normal -0.8968727407473451 0.4422886918115197 0
    outer loop
      vertex -87.17163859754801 -33.85194969922304 0
      vertex -87.17163859754801 -33.85194969922304 4
      vertex -86.99807621240616 -33.5 4
    endloop
  endfacet
  facet normal 0 0 1
    outer loop
      vertex -87.40000000298024 -35 4
      vertex -83.34855715851499 -38.875 4
      vertex -87.37433458566666 -34.60842142254114 4
    endloop
  endfacet
  facet normal 0 0 1
    outer loop
      vertex -87.40000000298024 -35 4
      vertex -83.57333310915041 -39.417657148519325 4
      vertex -83.4787289481504 -39.13896227717855 4
    endloop
  endfacet
  facet normal 0 0 1
    outer loop
      vertex -87.40000000298024 -35 4
      vertex -83.4787289481504 -39.13896227717855 4
      vertex -83.34855715851499 -38.875 4
    endloop
  endfacet
  facet normal 0 0 1
    outer loop
      vertex -87.37433458566666 -34.60842142254114 4
      vertex -83.18504501565529 -38.63028678473038 4
      vertex -87.2977774783969 -34.22354286164045 4
    endloop
  endfacet
  facet normal 0 0 1
    outer loop
      vertex -87.2977774783969 -34.22354286164045 4
      vertex -82.99099025766974 -38.40900974233027 4
      vertex -87.17163859754801 -33.85194969922304 4
    endloop
  endfacet
  facet normal 0 0 1
    outer loop
      vertex -87.17163859754801 -33.85194969922304 4
      vertex -82.99099025766974 -38.40900974233027 4
      vertex -86.99807621240616 -33.5 4
    endloop
  endfacet
  facet normal 0 0 1
    outer loop
      vertex -86.99807621240616 -33.5 4
      vertex -82.76971321526963 -38.21495498434472 4
      vertex -86.78006002753973 -33.173715710639954 4
    endloop
  endfacet
  facet normal 0 0 1
    outer loop
      vertex -86.78006002753973 -33.173715710639954 4
      vertex -82.525 -38.05144284148501 4
      vertex -86.52132034748793 -32.878679655492306 4
    endloop
  endfacet
  facet normal 0 0 1
    outer loop
      vertex -86.52132034748793 -32.878679655492306 4
      vertex -82.26103772282146 -37.92127105184961 4
      vertex -86.22628429234028 -32.6199399754405 4
    endloop
  endfacet
  facet normal 0 0 1
    outer loop
      vertex -86.22628429234028 -32.6199399754405 4
      vertex -82.26103772282146 -37.92127105184961 4
      vertex -85.90000000298024 -32.401923790574074 4
    endloop
  endfacet
  facet normal 0 0 1
    outer loop
      vertex -87.37433458566666 -34.60842142254114 4
      vertex -83.34855715851499 -38.875 4
      vertex -83.18504501565529 -38.63028678473038 4
    endloop
  endfacet
  facet normal 0 0 1
    outer loop
      vertex -87.2977774783969 -34.22354286164045 4
      vertex -83.18504501565529 -38.63028678473038 4
      vertex -82.99099025766974 -38.40900974233027 4
    endloop
  endfacet
  facet normal 0 0 1
    outer loop
      vertex -86.99807621240616 -33.5 4
      vertex -82.99099025766974 -38.40900974233027 4
      vertex -82.76971321526963 -38.21495498434472 4
    endloop
  endfacet
  facet normal 0 0 1
    outer loop
      vertex -86.78006002753973 -33.173715710639954 4
      vertex -82.76971321526963 -38.21495498434472 4
      vertex -82.525 -38.05144284148501 4
    endloop
  endfacet
  facet normal 0 0 1
    outer loop
      vertex -86.52132034748793 -32.878679655492306 4
      vertex -82.525 -38.05144284148501 4
      vertex -82.26103772282146 -37.92127105184961 4
    endloop
  endfacet
  facet normal 0 0 1
    outer loop
      vertex -85.90000000298024 -32.401923790574074 4
      vertex -82.26103772282146 -37.92127105184961 4
      vertex -81.98234285148068 -37.826666890849594 4
    endloop
  endfacet
  facet normal 0 0 1
    outer loop
      vertex -75.39999999850988 -47.93287698356378 4
      vertex -75.60842141956091 -32.025665417313576 4
      vertex -79.3212710518496 -40.86103772282145 4
    endloop
  endfacet
  facet normal 0 0 1
    outer loop
      vertex -75.60842141956091 -32.025665417313576 4
      vertex -81.98234285148068 -37.826666890849594 4
      vertex -81.69368393249512 -37.76924906190893 4
    endloop
  endfacet
  facet normal 0 0 1
    outer loop
      vertex -75.60842141956091 -32.025665417313576 4
      vertex -81.69368393249512 -37.76924906190893 4
      vertex -81.4 -37.75 4
    endloop
  endfacet
  facet normal 0 0 1
    outer loop
      vertex -75.60842141956091 -32.025665417313576 4
      vertex -81.4 -37.75 4
      vertex -81.10631606750489 -37.76924906190893 4
    endloop
  endfacet
  facet normal 0 0 1
    outer loop
      vertex -85.90000000298024 -32.401923790574074 4
      vertex -81.98234285148068 -37.826666890849594 4
      vertex -75.60842141956091 -32.025665417313576 4
    endloop
  endfacet
  facet normal 0 0 1
    outer loop
      vertex -75.60842141956091 -32.025665417313576 4
      vertex -79.2266668908496 -40.582342851480675 4
      vertex -79.3212710518496 -40.86103772282145 4
    endloop
  endfacet
  facet normal 0 0 1
    outer loop
      vertex -75.60842141956091 -32.025665417313576 4
      vertex -79.16924906190893 -40.293683932495114 4
      vertex -79.2266668908496 -40.582342851480675 4
    endloop
  endfacet
  facet normal 0 0 1
    outer loop
      vertex -75.60842141956091 -32.025665417313576 4
      vertex -79.15 -40 4
      vertex -79.16924906190893 -40.293683932495114 4
    endloop
  endfacet
  facet normal 0 0 1
    outer loop
      vertex -75.60842141956091 -32.025665417313576 4
      vertex -79.16924906190893 -39.706316067504886 4
      vertex -79.15 -40 4
    endloop
  endfacet
  facet normal 0 0 1
    outer loop
      vertex -75.60842141956091 -32.025665417313576 4
      vertex -79.3212710518496 -39.13896227717855 4
      vertex -79.2266668908496 -39.417657148519325 4
    endloop
  endfacet
  facet normal 0 0 1
    outer loop
      vertex -75.60842141956091 -32.025665417313576 4
      vertex -79.2266668908496 -39.417657148519325 4
      vertex -79.16924906190893 -39.706316067504886 4
    endloop
  endfacet
  facet normal 0 0 1
    outer loop
      vertex -75.60842141956091 -32.025665417313576 4
      vertex -81.10631606750489 -37.76924906190893 4
      vertex -80.81765714851933 -37.826666890849594 4
    endloop
  endfacet
  facet normal 0 0 1
    outer loop
      vertex -75.60842141956091 -32.025665417313576 4
      vertex -80.81765714851933 -37.826666890849594 4
      vertex -80.53896227717856 -37.92127105184961 4
    endloop
  endfacet
  facet normal 0 0 1
    outer loop
      vertex -75.60842141956091 -32.025665417313576 4
      vertex -80.275 -38.05144284148501 4
      vertex -80.03028678473038 -38.21495498434472 4
    endloop
  endfacet
  facet normal 0 0 1
    outer loop
      vertex -75.60842141956091 -32.025665417313576 4
      vertex -80.53896227717856 -37.92127105184961 4
      vertex -80.275 -38.05144284148501 4
    endloop
  endfacet
  facet normal 0 0 1
    outer loop
      vertex -75.60842141956091 -32.025665417313576 4
      vertex -79.61495498434472 -38.63028678473038 4
      vertex -79.45144284148502 -38.875 4
    endloop
  endfacet
  facet normal 0 0 1
    outer loop
      vertex -75.60842141956091 -32.025665417313576 4
      vertex -79.80900974233028 -38.40900974233027 4
      vertex -79.61495498434472 -38.63028678473038 4
    endloop
  endfacet
  facet normal 0 0 1
    outer loop
      vertex -75.60842141956091 -32.025665417313576 4
      vertex -79.45144284148502 -38.875 4
      vertex -79.3212710518496 -39.13896227717855 4
    endloop
  endfacet
  facet normal 0 0 1
    outer loop
      vertex -75.60842141956091 -32.025665417313576 4
      vertex -80.03028678473038 -38.21495498434472 4
      vertex -79.80900974233028 -38.40900974233027 4
    endloop
  endfacet
  facet normal 0.06540313273849395 -0.9978589230086541 0
    outer loop
      vertex -75.99999999701977 -48 0
      vertex -75.60842141956091 -47.974334582686424 0
      vertex -75.99999999701977 -48 4
    endloop
  endfacet
  facet normal 0.1950903258581528 -0.9807852796390043 0
    outer loop
      vertex -75.60842141956091 -47.974334582686424 0
      vertex -75.39999999850988 -47.93287698356378 0
      vertex -75.60842141956091 -47.974334582686424 4
    endloop
  endfacet
  facet normal 0 0 -1
    outer loop
      vertex -75.99999999701977 -48 0
      vertex -75.39999999850988 -32.06712301643622 0
      vertex -75.60842141956091 -47.974334582686424 0
    endloop
  endfacet
  facet normal 0 0 -1
    outer loop
      vertex -75.60842141956091 -47.974334582686424 0
      vertex -75.39999999850988 -32.06712301643622 0
      vertex -75.39999999850988 -47.93287698356378 0
    endloop
  endfacet
  facet normal 0.06540313273849395 -0.9978589230086541 0
    outer loop
      vertex -75.60842141956091 -47.974334582686424 0
      vertex -75.60842141956091 -47.974334582686424 4
      vertex -75.99999999701977 -48 4
    endloop
  endfacet
  facet normal 0.1950903258581528 -0.9807852796390043 0
    outer loop
      vertex -75.39999999850988 -47.93287698356378 0
      vertex -75.39999999850988 -47.93287698356378 4
      vertex -75.60842141956091 -47.974334582686424 4
    endloop
  endfacet
  facet normal 0 0 1
    outer loop
      vertex -75.99999999701977 -48 4
      vertex -75.60842141956091 -47.974334582686424 4
      vertex -75.39999999850988 -47.93287698356378 4
    endloop
  endfacet
  facet normal 0.9978589231121312 -0.06540313115973806 0
    outer loop
      vertex -73 -45.00000004546951 2.4
      vertex -72.99999999701977 -45 2.4
      vertex -72.99999999701977 -45 4
    endloop
  endfacet
  facet normal 0.9978589231121312 -0.06540313115973806 0
    outer loop
      vertex -73 -45.00000004546951 2.4
      vertex -72.99999999701977 -45 4
      vertex -73 -45.00000004546951 4
    endloop
  endfacet
  facet normal 1 0 0
    outer loop
      vertex -72.99999999701977 -45 2.4
      vertex -72.99999999701977 -35 2.4
      vertex -72.99999999701977 -35 4
    endloop
  endfacet
  facet normal 1 0 0
    outer loop
      vertex -72.99999999701977 -45 2.4
      vertex -72.99999999701977 -35 4
      vertex -72.99999999701977 -45 4
    endloop
  endfacet
  facet normal 0 0 1
    outer loop
      vertex -72.99999999701977 -45 4
      vertex -73 -34.99999995453049 4
      vertex -73 -45.00000004546951 4
    endloop
  endfacet
  facet normal 0 0 1
    outer loop
      vertex -72.99999999701977 -45 4
      vertex -72.99999999701977 -35 4
      vertex -73 -34.99999995453049 4
    endloop
  endfacet
  facet normal 0.9978589231121312 0.06540313115973806 0
    outer loop
      vertex -73 -34.99999995453049 2.4
      vertex -72.99999999701977 -35 4
      vertex -72.99999999701977 -35 2.4
    endloop
  endfacet
  facet normal 0 0 1
    outer loop
      vertex -75.39999999850988 -47.93287698356378 4
      vertex -75.39999999850988 -32.06712301643622 4
      vertex -75.60842141956091 -32.025665417313576 4
    endloop
  endfacet
  facet normal 0.9978589231121312 0.06540313115973806 0
    outer loop
      vertex -73 -34.99999995453049 2.4
      vertex -73 -34.99999995453049 4
      vertex -72.99999999701977 -35 4
    endloop
  endfacet
  facet normal 0 0 -1
    outer loop
      vertex -85.17645714133978 -32.10222252458334 0
      vertex -84.7915785804391 -32.025665417313576 0
      vertex -84.40000000298024 -32 0
    endloop
  endfacet
  facet normal 0 0 -1
    outer loop
      vertex -87.37433458566666 -34.60842142254114 0
      vertex -87.2977774783969 -34.22354286164045 0
      vertex -75.39999999850988 -32.06712301643622 0
    endloop
  endfacet
  facet normal 0 0 -1
    outer loop
      vertex -87.2977774783969 -34.22354286164045 0
      vertex -87.17163859754801 -33.85194969922304 0
      vertex -75.39999999850988 -32.06712301643622 0
    endloop
  endfacet
  facet normal 0 0 -1
    outer loop
      vertex -87.17163859754801 -33.85194969922304 0
      vertex -86.99807621240616 -33.5 0
      vertex -75.39999999850988 -32.06712301643622 0
    endloop
  endfacet
  facet normal 0 0 -1
    outer loop
      vertex -86.99807621240616 -33.5 0
      vertex -86.78006002753973 -33.173715710639954 0
      vertex -75.39999999850988 -32.06712301643622 0
    endloop
  endfacet
  facet normal 0 0 -1
    outer loop
      vertex -86.78006002753973 -33.173715710639954 0
      vertex -86.52132034748793 -32.878679655492306 0
      vertex -75.39999999850988 -32.06712301643622 0
    endloop
  endfacet
  facet normal 0 0 -1
    outer loop
      vertex -86.52132034748793 -32.878679655492306 0
      vertex -86.22628429234028 -32.6199399754405 0
      vertex -75.39999999850988 -32.06712301643622 0
    endloop
  endfacet
  facet normal 0 0 -1
    outer loop
      vertex -86.22628429234028 -32.6199399754405 0
      vertex -85.90000000298024 -32.401923790574074 0
      vertex -75.39999999850988 -32.06712301643622 0
    endloop
  endfacet
  facet normal 0 0 -1
    outer loop
      vertex -85.90000000298024 -32.401923790574074 0
      vertex -85.5480503037572 -32.228361405432224 0
      vertex -75.60842141956091 -32.025665417313576 0
    endloop
  endfacet
  facet normal 0 0 -1
    outer loop
      vertex -85.5480503037572 -32.228361405432224 0
      vertex -85.17645714133978 -32.10222252458334 0
      vertex -75.99999999701977 -32 0
    endloop
  endfacet
  facet normal -0.8968727407473451 0.4422886918115197 0
    outer loop
      vertex -87.17163859754801 -33.85194969922304 0
      vertex -86.99807621240616 -33.5 4
      vertex -86.99807621240616 -33.5 0
    endloop
  endfacet
  facet normal -0.8314696207458843 0.5555702203832521 0
    outer loop
      vertex -86.99807621240616 -33.5 0
      vertex -86.78006002753973 -33.173715710639954 4
      vertex -86.78006002753973 -33.173715710639954 0
    endloop
  endfacet
  facet normal -0.7518398024852506 0.6593458207943228 0
    outer loop
      vertex -86.78006002753973 -33.173715710639954 0
      vertex -86.52132034748793 -32.878679655492306 4
      vertex -86.52132034748793 -32.878679655492306 0
    endloop
  endfacet
  facet normal -0.6593458207943228 0.7518398024852506 0
    outer loop
      vertex -86.52132034748793 -32.878679655492306 0
      vertex -86.22628429234028 -32.6199399754405 4
      vertex -86.22628429234028 -32.6199399754405 0
    endloop
  endfacet
  facet normal -0.5555702203832521 0.8314696207458843 0
    outer loop
      vertex -86.22628429234028 -32.6199399754405 0
      vertex -85.90000000298024 -32.401923790574074 4
      vertex -85.90000000298024 -32.401923790574074 0
    endloop
  endfacet
  facet normal -0.4422886918115197 0.8968727407473451 0
    outer loop
      vertex -85.90000000298024 -32.401923790574074 0
      vertex -85.5480503037572 -32.228361405432224 4
      vertex -85.5480503037572 -32.228361405432224 0
    endloop
  endfacet
  facet normal -0.32143946370773846 0.9469301300366788 0
    outer loop
      vertex -85.5480503037572 -32.228361405432224 0
      vertex -85.17645714133978 -32.10222252458334 4
      vertex -85.17645714133978 -32.10222252458334 0
    endloop
  endfacet
  facet normal -0.1950903258581441 0.980785279639006 0
    outer loop
      vertex -85.17645714133978 -32.10222252458334 0
      vertex -84.7915785804391 -32.025665417313576 4
      vertex -84.7915785804391 -32.025665417313576 0
    endloop
  endfacet
  facet normal -0.06540313273849395 0.9978589230086541 0
    outer loop
      vertex -84.7915785804391 -32.025665417313576 0
      vertex -84.40000000298024 -32 4
      vertex -84.40000000298024 -32 0
    endloop
  endfacet
  facet normal 0 0 -1
    outer loop
      vertex -85.17645714133978 -32.10222252458334 0
      vertex -84.40000000298024 -32 0
      vertex -75.99999999701977 -32 0
    endloop
  endfacet
  facet normal 0 0 -1
    outer loop
      vertex -85.90000000298024 -32.401923790574074 0
      vertex -75.60842141956091 -32.025665417313576 0
      vertex -75.39999999850988 -32.06712301643622 0
    endloop
  endfacet
  facet normal 0 0 -1
    outer loop
      vertex -85.5480503037572 -32.228361405432224 0
      vertex -75.99999999701977 -32 0
      vertex -75.60842141956091 -32.025665417313576 0
    endloop
  endfacet
  facet normal 0 1 0
    outer loop
      vertex -84.40000000298024 -32 0
      vertex -75.99999999701977 -32 4
      vertex -75.99999999701977 -32 0
    endloop
  endfacet
  facet normal -0.8314696207458843 0.5555702203832521 0
    outer loop
      vertex -86.99807621240616 -33.5 0
      vertex -86.99807621240616 -33.5 4
      vertex -86.78006002753973 -33.173715710639954 4
    endloop
  endfacet
  facet normal -0.7518398024852506 0.6593458207943228 0
    outer loop
      vertex -86.78006002753973 -33.173715710639954 0
      vertex -86.78006002753973 -33.173715710639954 4
      vertex -86.52132034748793 -32.878679655492306 4
    endloop
  endfacet
  facet normal -0.6593458207943228 0.7518398024852506 0
    outer loop
      vertex -86.52132034748793 -32.878679655492306 0
      vertex -86.52132034748793 -32.878679655492306 4
      vertex -86.22628429234028 -32.6199399754405 4
    endloop
  endfacet
  facet normal -0.5555702203832521 0.8314696207458843 0
    outer loop
      vertex -86.22628429234028 -32.6199399754405 0
      vertex -86.22628429234028 -32.6199399754405 4
      vertex -85.90000000298024 -32.401923790574074 4
    endloop
  endfacet
  facet normal -0.4422886918115197 0.8968727407473451 0
    outer loop
      vertex -85.90000000298024 -32.401923790574074 0
      vertex -85.90000000298024 -32.401923790574074 4
      vertex -85.5480503037572 -32.228361405432224 4
    endloop
  endfacet
  facet normal -0.32143946370773846 0.9469301300366788 0
    outer loop
      vertex -85.5480503037572 -32.228361405432224 0
      vertex -85.5480503037572 -32.228361405432224 4
      vertex -85.17645714133978 -32.10222252458334 4
    endloop
  endfacet
  facet normal -0.1950903258581441 0.980785279639006 0
    outer loop
      vertex -85.17645714133978 -32.10222252458334 0
      vertex -85.17645714133978 -32.10222252458334 4
      vertex -84.7915785804391 -32.025665417313576 4
    endloop
  endfacet
  facet normal -0.06540313273849395 0.9978589230086541 0
    outer loop
      vertex -84.7915785804391 -32.025665417313576 0
      vertex -84.7915785804391 -32.025665417313576 4
      vertex -84.40000000298024 -32 4
    endloop
  endfacet
  facet normal 0 0 1
    outer loop
      vertex -85.17645714133978 -32.10222252458334 4
      vertex -84.40000000298024 -32 4
      vertex -84.7915785804391 -32.025665417313576 4
    endloop
  endfacet
  facet normal 0 0 1
    outer loop
      vertex -85.90000000298024 -32.401923790574074 4
      vertex -75.60842141956091 -32.025665417313576 4
      vertex -85.5480503037572 -32.228361405432224 4
    endloop
  endfacet
  facet normal 0 0 1
    outer loop
      vertex -85.5480503037572 -32.228361405432224 4
      vertex -75.99999999701977 -32 4
      vertex -85.17645714133978 -32.10222252458334 4
    endloop
  endfacet
  facet normal 0 1 0
    outer loop
      vertex -84.40000000298024 -32 0
      vertex -84.40000000298024 -32 4
      vertex -75.99999999701977 -32 4
    endloop
  endfacet
  facet normal 0 0 1
    outer loop
      vertex -85.17645714133978 -32.10222252458334 4
      vertex -75.99999999701977 -32 4
      vertex -84.40000000298024 -32 4
    endloop
  endfacet
  facet normal 0 0 1
    outer loop
      vertex -85.5480503037572 -32.228361405432224 4
      vertex -75.60842141956091 -32.025665417313576 4
      vertex -75.99999999701977 -32 4
    endloop
  endfacet
  facet normal 0.06540313273849395 0.9978589230086541 0
    outer loop
      vertex -75.99999999701977 -32 0
      vertex -75.60842141956091 -32.025665417313576 4
      vertex -75.60842141956091 -32.025665417313576 0
    endloop
  endfacet
  facet normal 0.1950903258581528 0.9807852796390043 0
    outer loop
      vertex -75.60842141956091 -32.025665417313576 0
      vertex -75.39999999850988 -32.06712301643622 4
      vertex -75.39999999850988 -32.06712301643622 0
    endloop
  endfacet
  facet normal 0.06540313273849395 0.9978589230086541 0
    outer loop
      vertex -75.99999999701977 -32 0
      vertex -75.99999999701977 -32 4
      vertex -75.60842141956091 -32.025665417313576 4
    endloop
  endfacet
  facet normal 0.1950903258581528 0.9807852796390043 0
    outer loop
      vertex -75.60842141956091 -32.025665417313576 0
      vertex -75.60842141956091 -32.025665417313576 4
      vertex -75.39999999850988 -32.06712301643622 4
    endloop
  endfacet
  facet normal -0.1950903258581528 -0.9807852796390043 0
    outer loop
      vertex 75.39999999850988 -47.93287698356378 0
      vertex 75.60842141956091 -47.974334582686424 0
      vertex 75.39999999850988 -47.93287698356378 4
    endloop
  endfacet
  facet normal -0.06540313273849395 -0.9978589230086541 0
    outer loop
      vertex 75.60842141956091 -47.974334582686424 0
      vertex 75.99999999701977 -48 0
      vertex 75.60842141956091 -47.974334582686424 4
    endloop
  endfacet
  facet normal -0.1950903258581528 -0.9807852796390043 0
    outer loop
      vertex 75.60842141956091 -47.974334582686424 0
      vertex 75.60842141956091 -47.974334582686424 4
      vertex 75.39999999850988 -47.93287698356378 4
    endloop
  endfacet
  facet normal -0.06540313273849395 -0.9978589230086541 0
    outer loop
      vertex 75.99999999701977 -48 0
      vertex 75.99999999701977 -48 4
      vertex 75.60842141956091 -47.974334582686424 4
    endloop
  endfacet
  facet normal -0.9978589231121312 -0.06540313115973806 0
    outer loop
      vertex 73 -45.00000004546951 2.4
      vertex 72.99999999701977 -45 4
      vertex 72.99999999701977 -45 2.4
    endloop
  endfacet
  facet normal -0.9978589231121312 -0.06540313115973806 0
    outer loop
      vertex 73 -45.00000004546951 2.4
      vertex 73 -45.00000004546951 4
      vertex 72.99999999701977 -45 4
    endloop
  endfacet
  facet normal 0 0 1
    outer loop
      vertex 75.39999999850988 -47.93287698356378 4
      vertex 75.60842141956091 -47.974334582686424 4
      vertex 75.39999999850988 -32.06712301643622 4
    endloop
  endfacet
  facet normal 0 0 -1
    outer loop
      vertex 75.39999999850988 -47.93287698356378 0
      vertex 75.39999999850988 -32.06712301643622 0
      vertex 75.60842141956091 -32.025665417313576 0
    endloop
  endfacet
  facet normal 0 0 -1
    outer loop
      vertex 75.39999999850988 -47.93287698356378 0
      vertex 75.60842141956091 -32.025665417313576 0
      vertex 75.99999999701977 -32 0
    endloop
  endfacet
  facet normal -1 0 0
    outer loop
      vertex 72.99999999701977 -45 2.4
      vertex 72.99999999701977 -45 4
      vertex 72.99999999701977 -35 2.4
    endloop
  endfacet
  facet normal 0 0 1
    outer loop
      vertex 72.99999999701977 -45 4
      vertex 73 -45.00000004546951 4
      vertex 72.99999999701977 -35 4
    endloop
  endfacet
  facet normal -1 0 0
    outer loop
      vertex 72.99999999701977 -45 4
      vertex 72.99999999701977 -35 4
      vertex 72.99999999701977 -35 2.4
    endloop
  endfacet
  facet normal 0 0 1
    outer loop
      vertex 73 -45.00000004546951 4
      vertex 73 -34.99999995453049 4
      vertex 72.99999999701977 -35 4
    endloop
  endfacet
  facet normal -0.9978589231121312 0.06540313115973806 0
    outer loop
      vertex 73 -34.99999995453049 2.4
      vertex 72.99999999701977 -35 2.4
      vertex 72.99999999701977 -35 4
    endloop
  endfacet
  facet normal -0.9978589231121312 0.06540313115973806 0
    outer loop
      vertex 73 -34.99999995453049 2.4
      vertex 72.99999999701977 -35 4
      vertex 73 -34.99999995453049 4
    endloop
  endfacet
  facet normal 0 0 -1
    outer loop
      vertex 75.39999999850988 -47.93287698356378 0
      vertex 85.90000000298024 -47.598076209425926 0
      vertex 75.60842141956091 -47.974334582686424 0
    endloop
  endfacet
  facet normal 0 0 -1
    outer loop
      vertex 75.60842141956091 -47.974334582686424 0
      vertex 85.5480503037572 -47.771638594567776 0
      vertex 75.99999999701977 -48 0
    endloop
  endfacet
  facet normal 0 0 -1
    outer loop
      vertex 75.99999999701977 -48 0
      vertex 85.17645714133978 -47.89777747541666 0
      vertex 84.40000000298024 -48 0
    endloop
  endfacet
  facet normal 0 -1 0
    outer loop
      vertex 75.99999999701977 -48 0
      vertex 84.40000000298024 -48 0
      vertex 75.99999999701977 -48 4
    endloop
  endfacet
  facet normal 0 0 -1
    outer loop
      vertex 75.39999999850988 -47.93287698356378 0
      vertex 79.80900974233028 -41.59099025766973 0
      vertex 80.03028678473038 -41.78504501565528 0
    endloop
  endfacet
  facet normal 0 0 -1
    outer loop
      vertex 75.39999999850988 -47.93287698356378 0
      vertex 79.45144284148502 -41.125 0
      vertex 79.61495498434472 -41.36971321526962 0
    endloop
  endfacet
  facet normal 0 0 -1
    outer loop
      vertex 75.39999999850988 -47.93287698356378 0
      vertex 79.3212710518496 -40.86103772282145 0
      vertex 79.45144284148502 -41.125 0
    endloop
  endfacet
  facet normal 0 0 -1
    outer loop
      vertex 75.39999999850988 -47.93287698356378 0
      vertex 79.61495498434472 -41.36971321526962 0
      vertex 79.80900974233028 -41.59099025766973 0
    endloop
  endfacet
  facet normal 0 0 -1
    outer loop
      vertex 75.39999999850988 -47.93287698356378 0
      vertex 80.275 -41.94855715851499 0
      vertex 80.53896227717856 -42.07872894815039 0
    endloop
  endfacet
  facet normal 0 0 -1
    outer loop
      vertex 75.39999999850988 -47.93287698356378 0
      vertex 80.03028678473038 -41.78504501565528 0
      vertex 80.275 -41.94855715851499 0
    endloop
  endfacet
  facet normal 0 0 -1
    outer loop
      vertex 75.39999999850988 -47.93287698356378 0
      vertex 80.53896227717856 -42.07872894815039 0
      vertex 80.81765714851933 -42.173333109150406 0
    endloop
  endfacet
  facet normal 0 0 -1
    outer loop
      vertex 75.39999999850988 -47.93287698356378 0
      vertex 80.81765714851933 -42.173333109150406 0
      vertex 81.10631606750489 -42.23075093809107 0
    endloop
  endfacet
  facet normal 0 0 -1
    outer loop
      vertex 75.39999999850988 -47.93287698356378 0
      vertex 82.525 -41.94855715851499 0
      vertex 87.40000000298024 -45 0
    endloop
  endfacet
  facet normal 0 0 -1
    outer loop
      vertex 75.39999999850988 -47.93287698356378 0
      vertex 81.10631606750489 -42.23075093809107 0
      vertex 81.4 -42.25 0
    endloop
  endfacet
  facet normal 0 0 -1
    outer loop
      vertex 75.39999999850988 -47.93287698356378 0
      vertex 81.4 -42.25 0
      vertex 81.69368393249512 -42.23075093809107 0
    endloop
  endfacet
  facet normal 0 0 -1
    outer loop
      vertex 75.39999999850988 -47.93287698356378 0
      vertex 81.69368393249512 -42.23075093809107 0
      vertex 81.98234285148068 -42.173333109150406 0
    endloop
  endfacet
  facet normal 0 0 -1
    outer loop
      vertex 75.39999999850988 -47.93287698356378 0
      vertex 81.98234285148068 -42.173333109150406 0
      vertex 82.26103772282146 -42.07872894815039 0
    endloop
  endfacet
  facet normal 0 0 -1
    outer loop
      vertex 75.39999999850988 -47.93287698356378 0
      vertex 82.26103772282146 -42.07872894815039 0
      vertex 82.525 -41.94855715851499 0
    endloop
  endfacet
  facet normal 0 0 -1
    outer loop
      vertex 75.99999999701977 -48 0
      vertex 85.5480503037572 -47.771638594567776 0
      vertex 85.17645714133978 -47.89777747541666 0
    endloop
  endfacet
  facet normal 0 0 -1
    outer loop
      vertex 75.60842141956091 -47.974334582686424 0
      vertex 85.90000000298024 -47.598076209425926 0
      vertex 85.5480503037572 -47.771638594567776 0
    endloop
  endfacet
  facet normal 0 0 -1
    outer loop
      vertex 75.39999999850988 -47.93287698356378 0
      vertex 86.22628429234028 -47.3800600245595 0
      vertex 85.90000000298024 -47.598076209425926 0
    endloop
  endfacet
  facet normal 0 0 -1
    outer loop
      vertex 75.39999999850988 -47.93287698356378 0
      vertex 86.52132034748793 -47.121320344507694 0
      vertex 86.22628429234028 -47.3800600245595 0
    endloop
  endfacet
  facet normal 0 0 -1
    outer loop
      vertex 75.39999999850988 -47.93287698356378 0
      vertex 86.78006002753973 -46.826284289360046 0
      vertex 86.52132034748793 -47.121320344507694 0
    endloop
  endfacet
  facet normal 0 0 -1
    outer loop
      vertex 75.39999999850988 -47.93287698356378 0
      vertex 86.99807621240616 -46.5 0
      vertex 86.78006002753973 -46.826284289360046 0
    endloop
  endfacet
  facet normal 0 0 -1
    outer loop
      vertex 75.39999999850988 -47.93287698356378 0
      vertex 87.17163859754801 -46.14805030077696 0
      vertex 86.99807621240616 -46.5 0
    endloop
  endfacet
  facet normal 0 0 -1
    outer loop
      vertex 75.39999999850988 -47.93287698356378 0
      vertex 87.2977774783969 -45.77645713835955 0
      vertex 87.17163859754801 -46.14805030077696 0
    endloop
  endfacet
  facet normal 0 0 -1
    outer loop
      vertex 75.39999999850988 -47.93287698356378 0
      vertex 87.37433458566666 -45.39157857745886 0
      vertex 87.2977774783969 -45.77645713835955 0
    endloop
  endfacet
  facet normal 0 0 -1
    outer loop
      vertex 84.40000000298024 -48 0
      vertex 85.17645714133978 -47.89777747541666 0
      vertex 84.7915785804391 -47.974334582686424 0
    endloop
  endfacet
  facet normal 0.06540313273849395 -0.9978589230086541 0
    outer loop
      vertex 84.40000000298024 -48 0
      vertex 84.7915785804391 -47.974334582686424 0
      vertex 84.40000000298024 -48 4
    endloop
  endfacet
  facet normal 0.1950903258581441 -0.980785279639006 0
    outer loop
      vertex 84.7915785804391 -47.974334582686424 0
      vertex 85.17645714133978 -47.89777747541666 0
      vertex 84.7915785804391 -47.974334582686424 4
    endloop
  endfacet
  facet normal 0.32143946370773846 -0.9469301300366788 0
    outer loop
      vertex 85.17645714133978 -47.89777747541666 0
      vertex 85.5480503037572 -47.771638594567776 0
      vertex 85.17645714133978 -47.89777747541666 4
    endloop
  endfacet
  facet normal 0.4422886918115197 -0.8968727407473451 0
    outer loop
      vertex 85.5480503037572 -47.771638594567776 0
      vertex 85.90000000298024 -47.598076209425926 0
      vertex 85.5480503037572 -47.771638594567776 4
    endloop
  endfacet
  facet normal 0.5555702203832521 -0.8314696207458843 0
    outer loop
      vertex 85.90000000298024 -47.598076209425926 0
      vertex 86.22628429234028 -47.3800600245595 0
      vertex 85.90000000298024 -47.598076209425926 4
    endloop
  endfacet
  facet normal 0.6593458207943228 -0.7518398024852506 0
    outer loop
      vertex 86.22628429234028 -47.3800600245595 0
      vertex 86.52132034748793 -47.121320344507694 0
      vertex 86.22628429234028 -47.3800600245595 4
    endloop
  endfacet
  facet normal 0.7518398024852506 -0.6593458207943228 0
    outer loop
      vertex 86.52132034748793 -47.121320344507694 0
      vertex 86.78006002753973 -46.826284289360046 0
      vertex 86.52132034748793 -47.121320344507694 4
    endloop
  endfacet
  facet normal 0.8314696207458843 -0.5555702203832521 0
    outer loop
      vertex 86.78006002753973 -46.826284289360046 0
      vertex 86.99807621240616 -46.5 0
      vertex 86.78006002753973 -46.826284289360046 4
    endloop
  endfacet
  facet normal 0.8968727407473451 -0.4422886918115197 0
    outer loop
      vertex 86.99807621240616 -46.5 0
      vertex 87.17163859754801 -46.14805030077696 0
      vertex 86.99807621240616 -46.5 4
    endloop
  endfacet
  facet normal 0 0 -1
    outer loop
      vertex 75.39999999850988 -47.93287698356378 0
      vertex 87.40000000298024 -45 0
      vertex 87.37433458566666 -45.39157857745886 0
    endloop
  endfacet
  facet normal 0 0 -1
    outer loop
      vertex 87.40000000298024 -45 0
      vertex 82.525 -41.94855715851499 0
      vertex 82.76971321526963 -41.78504501565528 0
    endloop
  endfacet
  facet normal 0 0 -1
    outer loop
      vertex 87.40000000298024 -45 0
      vertex 82.76971321526963 -41.78504501565528 0
      vertex 82.99099025766974 -41.59099025766973 0
    endloop
  endfacet
  facet normal 0 0 -1
    outer loop
      vertex 87.40000000298024 -45 0
      vertex 82.99099025766974 -41.59099025766973 0
      vertex 83.18504501565529 -41.36971321526962 0
    endloop
  endfacet
  facet normal 0 0 -1
    outer loop
      vertex 87.40000000298024 -45 0
      vertex 83.18504501565529 -41.36971321526962 0
      vertex 83.34855715851499 -41.125 0
    endloop
  endfacet
  facet normal 0 0 -1
    outer loop
      vertex 87.40000000298024 -45 0
      vertex 83.34855715851499 -41.125 0
      vertex 83.4787289481504 -40.86103772282145 0
    endloop
  endfacet
  facet normal 0 0 -1
    outer loop
      vertex 87.40000000298024 -45 0
      vertex 83.4787289481504 -40.86103772282145 0
      vertex 83.57333310915041 -40.582342851480675 0
    endloop
  endfacet
  facet normal 0.9469301300366788 -0.32143946370773846 0
    outer loop
      vertex 87.17163859754801 -46.14805030077696 0
      vertex 87.2977774783969 -45.77645713835955 0
      vertex 87.17163859754801 -46.14805030077696 4
    endloop
  endfacet
  facet normal 0.980785279639006 -0.1950903258581441 0
    outer loop
      vertex 87.2977774783969 -45.77645713835955 0
      vertex 87.37433458566666 -45.39157857745886 0
      vertex 87.2977774783969 -45.77645713835955 4
    endloop
  endfacet
  facet normal 0.9978589230086541 -0.06540313273849395 0
    outer loop
      vertex 87.37433458566666 -45.39157857745886 0
      vertex 87.40000000298024 -45 0
      vertex 87.37433458566666 -45.39157857745886 4
    endloop
  endfacet
  facet normal 0 -1 0
    outer loop
      vertex 75.99999999701977 -48 4
      vertex 84.40000000298024 -48 0
      vertex 84.40000000298024 -48 4
    endloop
  endfacet
  facet normal 0 0 1
    outer loop
      vertex 75.60842141956091 -47.974334582686424 4
      vertex 75.99999999701977 -48 4
      vertex 85.5480503037572 -47.771638594567776 4
    endloop
  endfacet
  facet normal 0 0 1
    outer loop
      vertex 75.99999999701977 -48 4
      vertex 84.40000000298024 -48 4
      vertex 85.17645714133978 -47.89777747541666 4
    endloop
  endfacet
  facet normal 0 0 1
    outer loop
      vertex 75.60842141956091 -47.974334582686424 4
      vertex 80.03028678473038 -41.78504501565528 4
      vertex 79.80900974233028 -41.59099025766973 4
    endloop
  endfacet
  facet normal 0 0 1
    outer loop
      vertex 75.60842141956091 -47.974334582686424 4
      vertex 79.45144284148502 -41.125 4
      vertex 79.3212710518496 -40.86103772282145 4
    endloop
  endfacet
  facet normal 0 0 1
    outer loop
      vertex 75.60842141956091 -47.974334582686424 4
      vertex 79.80900974233028 -41.59099025766973 4
      vertex 79.61495498434472 -41.36971321526962 4
    endloop
  endfacet
  facet normal 0 0 1
    outer loop
      vertex 75.60842141956091 -47.974334582686424 4
      vertex 79.61495498434472 -41.36971321526962 4
      vertex 79.45144284148502 -41.125 4
    endloop
  endfacet
  facet normal 0 0 1
    outer loop
      vertex 75.60842141956091 -47.974334582686424 4
      vertex 80.53896227717856 -42.07872894815039 4
      vertex 80.275 -41.94855715851499 4
    endloop
  endfacet
  facet normal 0 0 1
    outer loop
      vertex 75.60842141956091 -47.974334582686424 4
      vertex 80.275 -41.94855715851499 4
      vertex 80.03028678473038 -41.78504501565528 4
    endloop
  endfacet
  facet normal 0 0 1
    outer loop
      vertex 75.60842141956091 -47.974334582686424 4
      vertex 80.81765714851933 -42.173333109150406 4
      vertex 80.53896227717856 -42.07872894815039 4
    endloop
  endfacet
  facet normal 0 0 1
    outer loop
      vertex 75.60842141956091 -47.974334582686424 4
      vertex 81.10631606750489 -42.23075093809107 4
      vertex 80.81765714851933 -42.173333109150406 4
    endloop
  endfacet
  facet normal 0 0 1
    outer loop
      vertex 75.60842141956091 -47.974334582686424 4
      vertex 79.2266668908496 -40.582342851480675 4
      vertex 79.16924906190893 -40.293683932495114 4
    endloop
  endfacet
  facet normal 0 0 1
    outer loop
      vertex 75.60842141956091 -47.974334582686424 4
      vertex 79.3212710518496 -40.86103772282145 4
      vertex 79.2266668908496 -40.582342851480675 4
    endloop
  endfacet
  facet normal 0 0 1
    outer loop
      vertex 75.60842141956091 -47.974334582686424 4
      vertex 79.16924906190893 -40.293683932495114 4
      vertex 79.15 -40 4
    endloop
  endfacet
  facet normal 0 0 1
    outer loop
      vertex 75.60842141956091 -47.974334582686424 4
      vertex 79.15 -40 4
      vertex 79.16924906190893 -39.706316067504886 4
    endloop
  endfacet
  facet normal 0 0 1
    outer loop
      vertex 75.60842141956091 -47.974334582686424 4
      vertex 79.16924906190893 -39.706316067504886 4
      vertex 79.2266668908496 -39.417657148519325 4
    endloop
  endfacet
  facet normal 0 0 1
    outer loop
      vertex 75.60842141956091 -47.974334582686424 4
      vertex 79.2266668908496 -39.417657148519325 4
      vertex 79.3212710518496 -39.13896227717855 4
    endloop
  endfacet
  facet normal 0 0 1
    outer loop
      vertex 75.60842141956091 -47.974334582686424 4
      vertex 85.90000000298024 -47.598076209425926 4
      vertex 81.98234285148068 -42.173333109150406 4
    endloop
  endfacet
  facet normal 0 0 1
    outer loop
      vertex 75.60842141956091 -47.974334582686424 4
      vertex 81.4 -42.25 4
      vertex 81.10631606750489 -42.23075093809107 4
    endloop
  endfacet
  facet normal 0 0 1
    outer loop
      vertex 75.60842141956091 -47.974334582686424 4
      vertex 81.69368393249512 -42.23075093809107 4
      vertex 81.4 -42.25 4
    endloop
  endfacet
  facet normal 0 0 1
    outer loop
      vertex 75.60842141956091 -47.974334582686424 4
      vertex 81.98234285148068 -42.173333109150406 4
      vertex 81.69368393249512 -42.23075093809107 4
    endloop
  endfacet
  facet normal 0.06540313273849395 -0.9978589230086541 0
    outer loop
      vertex 84.7915785804391 -47.974334582686424 0
      vertex 84.7915785804391 -47.974334582686424 4
      vertex 84.40000000298024 -48 4
    endloop
  endfacet
  facet normal 0.1950903258581441 -0.980785279639006 0
    outer loop
      vertex 85.17645714133978 -47.89777747541666 0
      vertex 85.17645714133978 -47.89777747541666 4
      vertex 84.7915785804391 -47.974334582686424 4
    endloop
  endfacet
  facet normal 0.32143946370773846 -0.9469301300366788 0
    outer loop
      vertex 85.5480503037572 -47.771638594567776 0
      vertex 85.5480503037572 -47.771638594567776 4
      vertex 85.17645714133978 -47.89777747541666 4
    endloop
  endfacet
  facet normal 0.4422886918115197 -0.8968727407473451 0
    outer loop
      vertex 85.90000000298024 -47.598076209425926 0
      vertex 85.90000000298024 -47.598076209425926 4
      vertex 85.5480503037572 -47.771638594567776 4
    endloop
  endfacet
  facet normal 0.5555702203832521 -0.8314696207458843 0
    outer loop
      vertex 86.22628429234028 -47.3800600245595 0
      vertex 86.22628429234028 -47.3800600245595 4
      vertex 85.90000000298024 -47.598076209425926 4
    endloop
  endfacet
  facet normal 0.6593458207943228 -0.7518398024852506 0
    outer loop
      vertex 86.52132034748793 -47.121320344507694 0
      vertex 86.52132034748793 -47.121320344507694 4
      vertex 86.22628429234028 -47.3800600245595 4
    endloop
  endfacet
  facet normal 0.7518398024852506 -0.6593458207943228 0
    outer loop
      vertex 86.78006002753973 -46.826284289360046 0
      vertex 86.78006002753973 -46.826284289360046 4
      vertex 86.52132034748793 -47.121320344507694 4
    endloop
  endfacet
  facet normal 0.8314696207458843 -0.5555702203832521 0
    outer loop
      vertex 86.99807621240616 -46.5 0
      vertex 86.99807621240616 -46.5 4
      vertex 86.78006002753973 -46.826284289360046 4
    endloop
  endfacet
  facet normal 0 0 1
    outer loop
      vertex 75.99999999701977 -48 4
      vertex 85.17645714133978 -47.89777747541666 4
      vertex 85.5480503037572 -47.771638594567776 4
    endloop
  endfacet
  facet normal 0 0 1
    outer loop
      vertex 75.60842141956091 -47.974334582686424 4
      vertex 85.5480503037572 -47.771638594567776 4
      vertex 85.90000000298024 -47.598076209425926 4
    endloop
  endfacet
  facet normal 0 0 1
    outer loop
      vertex 84.40000000298024 -48 4
      vertex 84.7915785804391 -47.974334582686424 4
      vertex 85.17645714133978 -47.89777747541666 4
    endloop
  endfacet
  facet normal 0.8968727407473451 -0.4422886918115197 0
    outer loop
      vertex 87.17163859754801 -46.14805030077696 0
      vertex 87.17163859754801 -46.14805030077696 4
      vertex 86.99807621240616 -46.5 4
    endloop
  endfacet
  facet normal 0.9469301300366788 -0.32143946370773846 0
    outer loop
      vertex 87.2977774783969 -45.77645713835955 0
      vertex 87.2977774783969 -45.77645713835955 4
      vertex 87.17163859754801 -46.14805030077696 4
    endloop
  endfacet
  facet normal 0.980785279639006 -0.1950903258581441 0
    outer loop
      vertex 87.37433458566666 -45.39157857745886 0
      vertex 87.37433458566666 -45.39157857745886 4
      vertex 87.2977774783969 -45.77645713835955 4
    endloop
  endfacet
  facet normal 0.9978589230086541 -0.06540313273849395 0
    outer loop
      vertex 87.40000000298024 -45 0
      vertex 87.40000000298024 -45 4
      vertex 87.37433458566666 -45.39157857745886 4
    endloop
  endfacet
  facet normal 0 0 1
    outer loop
      vertex 85.90000000298024 -47.598076209425926 4
      vertex 82.26103772282146 -42.07872894815039 4
      vertex 81.98234285148068 -42.173333109150406 4
    endloop
  endfacet
  facet normal 0 0 1
    outer loop
      vertex 86.52132034748793 -47.121320344507694 4
      vertex 82.525 -41.94855715851499 4
      vertex 82.26103772282146 -42.07872894815039 4
    endloop
  endfacet
  facet normal 0 0 1
    outer loop
      vertex 86.78006002753973 -46.826284289360046 4
      vertex 82.76971321526963 -41.78504501565528 4
      vertex 82.525 -41.94855715851499 4
    endloop
  endfacet
  facet normal 0 0 1
    outer loop
      vertex 86.99807621240616 -46.5 4
      vertex 82.99099025766974 -41.59099025766973 4
      vertex 82.76971321526963 -41.78504501565528 4
    endloop
  endfacet
  facet normal 0 0 1
    outer loop
      vertex 87.2977774783969 -45.77645713835955 4
      vertex 83.18504501565529 -41.36971321526962 4
      vertex 82.99099025766974 -41.59099025766973 4
    endloop
  endfacet
  facet normal 0 0 1
    outer loop
      vertex 87.37433458566666 -45.39157857745886 4
      vertex 83.34855715851499 -41.125 4
      vertex 83.18504501565529 -41.36971321526962 4
    endloop
  endfacet
  facet normal 0 0 1
    outer loop
      vertex 85.90000000298024 -47.598076209425926 4
      vertex 86.22628429234028 -47.3800600245595 4
      vertex 82.26103772282146 -42.07872894815039 4
    endloop
  endfacet
  facet normal 0 0 1
    outer loop
      vertex 86.22628429234028 -47.3800600245595 4
      vertex 86.52132034748793 -47.121320344507694 4
      vertex 82.26103772282146 -42.07872894815039 4
    endloop
  endfacet
  facet normal 0 0 1
    outer loop
      vertex 86.52132034748793 -47.121320344507694 4
      vertex 86.78006002753973 -46.826284289360046 4
      vertex 82.525 -41.94855715851499 4
    endloop
  endfacet
  facet normal 0 0 1
    outer loop
      vertex 86.78006002753973 -46.826284289360046 4
      vertex 86.99807621240616 -46.5 4
      vertex 82.76971321526963 -41.78504501565528 4
    endloop
  endfacet
  facet normal 0 0 1
    outer loop
      vertex 86.99807621240616 -46.5 4
      vertex 87.17163859754801 -46.14805030077696 4
      vertex 82.99099025766974 -41.59099025766973 4
    endloop
  endfacet
  facet normal 0 0 1
    outer loop
      vertex 87.17163859754801 -46.14805030077696 4
      vertex 87.2977774783969 -45.77645713835955 4
      vertex 82.99099025766974 -41.59099025766973 4
    endloop
  endfacet
  facet normal 0 0 1
    outer loop
      vertex 87.2977774783969 -45.77645713835955 4
      vertex 87.37433458566666 -45.39157857745886 4
      vertex 83.18504501565529 -41.36971321526962 4
    endloop
  endfacet
  facet normal 0 0 1
    outer loop
      vertex 87.40000000298024 -45 4
      vertex 83.4787289481504 -40.86103772282145 4
      vertex 83.34855715851499 -41.125 4
    endloop
  endfacet
  facet normal 0 0 1
    outer loop
      vertex 87.40000000298024 -45 4
      vertex 83.57333310915041 -40.582342851480675 4
      vertex 83.4787289481504 -40.86103772282145 4
    endloop
  endfacet
  facet normal 0 0 1
    outer loop
      vertex 87.37433458566666 -45.39157857745886 4
      vertex 87.40000000298024 -45 4
      vertex 83.34855715851499 -41.125 4
    endloop
  endfacet
  facet normal 0 0 -1
    outer loop
      vertex 75.39999999850988 -47.93287698356378 0
      vertex 75.99999999701977 -32 0
      vertex 79.3212710518496 -40.86103772282145 0
    endloop
  endfacet
  facet normal 0 0 -1
    outer loop
      vertex 75.99999999701977 -32 0
      vertex 79.16924906190893 -40.293683932495114 0
      vertex 79.2266668908496 -40.582342851480675 0
    endloop
  endfacet
  facet normal 0 0 -1
    outer loop
      vertex 75.99999999701977 -32 0
      vertex 79.15 -40 0
      vertex 79.16924906190893 -40.293683932495114 0
    endloop
  endfacet
  facet normal 0 0 -1
    outer loop
      vertex 75.99999999701977 -32 0
      vertex 79.2266668908496 -40.582342851480675 0
      vertex 79.3212710518496 -40.86103772282145 0
    endloop
  endfacet
  facet normal 0 0 -1
    outer loop
      vertex 75.99999999701977 -32 0
      vertex 79.16924906190893 -39.706316067504886 0
      vertex 79.15 -40 0
    endloop
  endfacet
  facet normal 0 0 -1
    outer loop
      vertex 75.99999999701977 -32 0
      vertex 79.2266668908496 -39.417657148519325 0
      vertex 79.16924906190893 -39.706316067504886 0
    endloop
  endfacet
  facet normal 0 0 -1
    outer loop
      vertex 75.99999999701977 -32 0
      vertex 79.3212710518496 -39.13896227717855 0
      vertex 79.2266668908496 -39.417657148519325 0
    endloop
  endfacet
  facet normal 0 0 -1
    outer loop
      vertex 75.99999999701977 -32 0
      vertex 79.45144284148502 -38.875 0
      vertex 79.3212710518496 -39.13896227717855 0
    endloop
  endfacet
  facet normal 0 0 -1
    outer loop
      vertex 75.99999999701977 -32 0
      vertex 79.61495498434472 -38.63028678473038 0
      vertex 79.45144284148502 -38.875 0
    endloop
  endfacet
  facet normal 0 0 -1
    outer loop
      vertex 75.99999999701977 -32 0
      vertex 79.80900974233028 -38.40900974233027 0
      vertex 79.61495498434472 -38.63028678473038 0
    endloop
  endfacet
  facet normal 0 0 -1
    outer loop
      vertex 75.99999999701977 -32 0
      vertex 80.03028678473038 -38.21495498434472 0
      vertex 79.80900974233028 -38.40900974233027 0
    endloop
  endfacet
  facet normal 0 0 -1
    outer loop
      vertex 75.99999999701977 -32 0
      vertex 80.275 -38.05144284148501 0
      vertex 80.03028678473038 -38.21495498434472 0
    endloop
  endfacet
  facet normal 0 0 -1
    outer loop
      vertex 75.99999999701977 -32 0
      vertex 80.53896227717856 -37.92127105184961 0
      vertex 80.275 -38.05144284148501 0
    endloop
  endfacet
  facet normal 0 0 -1
    outer loop
      vertex 75.99999999701977 -32 0
      vertex 80.81765714851933 -37.826666890849594 0
      vertex 80.53896227717856 -37.92127105184961 0
    endloop
  endfacet
  facet normal 0 0 -1
    outer loop
      vertex 75.99999999701977 -32 0
      vertex 81.10631606750489 -37.76924906190893 0
      vertex 80.81765714851933 -37.826666890849594 0
    endloop
  endfacet
  facet normal 0 0 -1
    outer loop
      vertex 75.99999999701977 -32 0
      vertex 84.40000000298024 -32 0
      vertex 81.10631606750489 -37.76924906190893 0
    endloop
  endfacet
  facet normal 0 0 -1
    outer loop
      vertex 87.40000000298024 -45 0
      vertex 83.57333310915041 -40.582342851480675 0
      vertex 83.63075093809108 -40.293683932495114 0
    endloop
  endfacet
  facet normal 0 0 -1
    outer loop
      vertex 87.40000000298024 -45 0
      vertex 83.63075093809108 -40.293683932495114 0
      vertex 83.65 -40 0
    endloop
  endfacet
  facet normal 0 0 -1
    outer loop
      vertex 87.40000000298024 -45 0
      vertex 83.65 -40 0
      vertex 83.63075093809108 -39.706316067504886 0
    endloop
  endfacet
  facet normal 0 0 -1
    outer loop
      vertex 87.40000000298024 -45 0
      vertex 83.63075093809108 -39.706316067504886 0
      vertex 83.57333310915041 -39.417657148519325 0
    endloop
  endfacet
  facet normal 0 0 -1
    outer loop
      vertex 87.40000000298024 -45 0
      vertex 83.57333310915041 -39.417657148519325 0
      vertex 87.40000000298024 -35 0
    endloop
  endfacet
  facet normal 1 0 0
    outer loop
      vertex 87.40000000298024 -45 0
      vertex 87.40000000298024 -35 0
      vertex 87.40000000298024 -45 4
    endloop
  endfacet
  facet normal 0 0 -1
    outer loop
      vertex 84.40000000298024 -32 0
      vertex 81.4 -37.75 0
      vertex 81.10631606750489 -37.76924906190893 0
    endloop
  endfacet
  facet normal 0 0 -1
    outer loop
      vertex 85.17645714133978 -32.10222252458334 0
      vertex 81.69368393249512 -37.76924906190893 0
      vertex 81.4 -37.75 0
    endloop
  endfacet
  facet normal 0 0 -1
    outer loop
      vertex 85.5480503037572 -32.228361405432224 0
      vertex 81.98234285148068 -37.826666890849594 0
      vertex 81.69368393249512 -37.76924906190893 0
    endloop
  endfacet
  facet normal 0 0 -1
    outer loop
      vertex 87.37433458566666 -34.60842142254114 0
      vertex 83.34855715851499 -38.875 0
      vertex 83.18504501565529 -38.63028678473038 0
    endloop
  endfacet
  facet normal 0 0 -1
    outer loop
      vertex 87.2977774783969 -34.22354286164045 0
      vertex 83.18504501565529 -38.63028678473038 0
      vertex 82.99099025766974 -38.40900974233027 0
    endloop
  endfacet
  facet normal 0 0 -1
    outer loop
      vertex 85.90000000298024 -32.401923790574074 0
      vertex 82.26103772282146 -37.92127105184961 0
      vertex 81.98234285148068 -37.826666890849594 0
    endloop
  endfacet
  facet normal 0 0 -1
    outer loop
      vertex 86.52132034748793 -32.878679655492306 0
      vertex 82.525 -38.05144284148501 0
      vertex 82.26103772282146 -37.92127105184961 0
    endloop
  endfacet
  facet normal 0 0 -1
    outer loop
      vertex 86.99807621240616 -33.5 0
      vertex 82.99099025766974 -38.40900974233027 0
      vertex 82.76971321526963 -38.21495498434472 0
    endloop
  endfacet
  facet normal 0 0 -1
    outer loop
      vertex 86.78006002753973 -33.173715710639954 0
      vertex 82.76971321526963 -38.21495498434472 0
      vertex 82.525 -38.05144284148501 0
    endloop
  endfacet
  facet normal 0 0 -1
    outer loop
      vertex 84.40000000298024 -32 0
      vertex 84.7915785804391 -32.025665417313576 0
      vertex 81.4 -37.75 0
    endloop
  endfacet
  facet normal 0 0 -1
    outer loop
      vertex 84.7915785804391 -32.025665417313576 0
      vertex 85.17645714133978 -32.10222252458334 0
      vertex 81.4 -37.75 0
    endloop
  endfacet
  facet normal 0 0 -1
    outer loop
      vertex 85.17645714133978 -32.10222252458334 0
      vertex 85.5480503037572 -32.228361405432224 0
      vertex 81.69368393249512 -37.76924906190893 0
    endloop
  endfacet
  facet normal 0 0 -1
    outer loop
      vertex 85.5480503037572 -32.228361405432224 0
      vertex 85.90000000298024 -32.401923790574074 0
      vertex 81.98234285148068 -37.826666890849594 0
    endloop
  endfacet
  facet normal 0 0 -1
    outer loop
      vertex 87.40000000298024 -35 0
      vertex 83.57333310915041 -39.417657148519325 0
      vertex 83.4787289481504 -39.13896227717855 0
    endloop
  endfacet
  facet normal 0 0 -1
    outer loop
      vertex 87.40000000298024 -35 0
      vertex 83.4787289481504 -39.13896227717855 0
      vertex 83.34855715851499 -38.875 0
    endloop
  endfacet
  facet normal 0 0 -1
    outer loop
      vertex 87.37433458566666 -34.60842142254114 0
      vertex 83.18504501565529 -38.63028678473038 0
      vertex 87.2977774783969 -34.22354286164045 0
    endloop
  endfacet
  facet normal 0 0 -1
    outer loop
      vertex 87.40000000298024 -35 0
      vertex 83.34855715851499 -38.875 0
      vertex 87.37433458566666 -34.60842142254114 0
    endloop
  endfacet
  facet normal 0 0 -1
    outer loop
      vertex 87.2977774783969 -34.22354286164045 0
      vertex 82.99099025766974 -38.40900974233027 0
      vertex 87.17163859754801 -33.85194969922304 0
    endloop
  endfacet
  facet normal 0 0 -1
    outer loop
      vertex 86.99807621240616 -33.5 0
      vertex 82.76971321526963 -38.21495498434472 0
      vertex 86.78006002753973 -33.173715710639954 0
    endloop
  endfacet
  facet normal 0 0 -1
    outer loop
      vertex 87.17163859754801 -33.85194969922304 0
      vertex 82.99099025766974 -38.40900974233027 0
      vertex 86.99807621240616 -33.5 0
    endloop
  endfacet
  facet normal 0 0 -1
    outer loop
      vertex 85.90000000298024 -32.401923790574074 0
      vertex 86.22628429234028 -32.6199399754405 0
      vertex 82.26103772282146 -37.92127105184961 0
    endloop
  endfacet
  facet normal 0 0 -1
    outer loop
      vertex 86.52132034748793 -32.878679655492306 0
      vertex 82.26103772282146 -37.92127105184961 0
      vertex 86.22628429234028 -32.6199399754405 0
    endloop
  endfacet
  facet normal 0 0 -1
    outer loop
      vertex 86.52132034748793 -32.878679655492306 0
      vertex 86.78006002753973 -33.173715710639954 0
      vertex 82.525 -38.05144284148501 0
    endloop
  endfacet
  facet normal 0.9978589230086541 0.06540313273849395 0
    outer loop
      vertex 87.40000000298024 -35 0
      vertex 87.37433458566666 -34.60842142254114 0
      vertex 87.40000000298024 -35 4
    endloop
  endfacet
  facet normal 0.980785279639006 0.1950903258581441 0
    outer loop
      vertex 87.37433458566666 -34.60842142254114 0
      vertex 87.2977774783969 -34.22354286164045 0
      vertex 87.37433458566666 -34.60842142254114 4
    endloop
  endfacet
  facet normal 0.9469301300366788 0.32143946370773846 0
    outer loop
      vertex 87.2977774783969 -34.22354286164045 0
      vertex 87.17163859754801 -33.85194969922304 0
      vertex 87.2977774783969 -34.22354286164045 4
    endloop
  endfacet
  facet normal 0.8968727407473451 0.4422886918115197 0
    outer loop
      vertex 87.17163859754801 -33.85194969922304 0
      vertex 86.99807621240616 -33.5 0
      vertex 87.17163859754801 -33.85194969922304 4
    endloop
  endfacet
  facet normal 0 0 1
    outer loop
      vertex 75.60842141956091 -47.974334582686424 4
      vertex 79.3212710518496 -39.13896227717855 4
      vertex 75.39999999850988 -32.06712301643622 4
    endloop
  endfacet
  facet normal 0 0 1
    outer loop
      vertex 75.39999999850988 -32.06712301643622 4
      vertex 79.3212710518496 -39.13896227717855 4
      vertex 79.45144284148502 -38.875 4
    endloop
  endfacet
  facet normal 0 0 1
    outer loop
      vertex 75.39999999850988 -32.06712301643622 4
      vertex 79.45144284148502 -38.875 4
      vertex 79.61495498434472 -38.63028678473038 4
    endloop
  endfacet
  facet normal 0 0 1
    outer loop
      vertex 75.39999999850988 -32.06712301643622 4
      vertex 79.61495498434472 -38.63028678473038 4
      vertex 79.80900974233028 -38.40900974233027 4
    endloop
  endfacet
  facet normal 0 0 1
    outer loop
      vertex 75.39999999850988 -32.06712301643622 4
      vertex 79.80900974233028 -38.40900974233027 4
      vertex 80.03028678473038 -38.21495498434472 4
    endloop
  endfacet
  facet normal 0 0 1
    outer loop
      vertex 75.39999999850988 -32.06712301643622 4
      vertex 80.03028678473038 -38.21495498434472 4
      vertex 80.275 -38.05144284148501 4
    endloop
  endfacet
  facet normal 0 0 1
    outer loop
      vertex 75.39999999850988 -32.06712301643622 4
      vertex 80.275 -38.05144284148501 4
      vertex 80.53896227717856 -37.92127105184961 4
    endloop
  endfacet
  facet normal 0 0 1
    outer loop
      vertex 75.39999999850988 -32.06712301643622 4
      vertex 80.53896227717856 -37.92127105184961 4
      vertex 80.81765714851933 -37.826666890849594 4
    endloop
  endfacet
  facet normal 0 0 1
    outer loop
      vertex 75.39999999850988 -32.06712301643622 4
      vertex 80.81765714851933 -37.826666890849594 4
      vertex 81.10631606750489 -37.76924906190893 4
    endloop
  endfacet
  facet normal 0 0 1
    outer loop
      vertex 75.39999999850988 -32.06712301643622 4
      vertex 81.10631606750489 -37.76924906190893 4
      vertex 81.4 -37.75 4
    endloop
  endfacet
  facet normal 0 0 1
    outer loop
      vertex 75.39999999850988 -32.06712301643622 4
      vertex 81.4 -37.75 4
      vertex 81.69368393249512 -37.76924906190893 4
    endloop
  endfacet
  facet normal 0 0 1
    outer loop
      vertex 75.39999999850988 -32.06712301643622 4
      vertex 81.69368393249512 -37.76924906190893 4
      vertex 81.98234285148068 -37.826666890849594 4
    endloop
  endfacet
  facet normal 0 0 1
    outer loop
      vertex 75.39999999850988 -32.06712301643622 4
      vertex 81.98234285148068 -37.826666890849594 4
      vertex 82.26103772282146 -37.92127105184961 4
    endloop
  endfacet
  facet normal 0 0 1
    outer loop
      vertex 75.39999999850988 -32.06712301643622 4
      vertex 82.26103772282146 -37.92127105184961 4
      vertex 82.525 -38.05144284148501 4
    endloop
  endfacet
  facet normal 0 0 1
    outer loop
      vertex 87.40000000298024 -35 4
      vertex 75.39999999850988 -32.06712301643622 4
      vertex 82.525 -38.05144284148501 4
    endloop
  endfacet
  facet normal 1 0 0
    outer loop
      vertex 87.40000000298024 -45 4
      vertex 87.40000000298024 -35 0
      vertex 87.40000000298024 -35 4
    endloop
  endfacet
  facet normal 0 0 1
    outer loop
      vertex 87.40000000298024 -45 4
      vertex 87.40000000298024 -35 4
      vertex 83.57333310915041 -40.582342851480675 4
    endloop
  endfacet
  facet normal 0 0 1
    outer loop
      vertex 87.40000000298024 -35 4
      vertex 83.63075093809108 -40.293683932495114 4
      vertex 83.57333310915041 -40.582342851480675 4
    endloop
  endfacet
  facet normal 0 0 1
    outer loop
      vertex 87.40000000298024 -35 4
      vertex 83.65 -40 4
      vertex 83.63075093809108 -40.293683932495114 4
    endloop
  endfacet
  facet normal 0 0 1
    outer loop
      vertex 87.40000000298024 -35 4
      vertex 83.63075093809108 -39.706316067504886 4
      vertex 83.65 -40 4
    endloop
  endfacet
  facet normal 0 0 1
    outer loop
      vertex 87.40000000298024 -35 4
      vertex 83.57333310915041 -39.417657148519325 4
      vertex 83.63075093809108 -39.706316067504886 4
    endloop
  endfacet
  facet normal 0.9978589230086541 0.06540313273849395 0
    outer loop
      vertex 87.37433458566666 -34.60842142254114 0
      vertex 87.37433458566666 -34.60842142254114 4
      vertex 87.40000000298024 -35 4
    endloop
  endfacet
  facet normal 0.980785279639006 0.1950903258581441 0
    outer loop
      vertex 87.2977774783969 -34.22354286164045 0
      vertex 87.2977774783969 -34.22354286164045 4
      vertex 87.37433458566666 -34.60842142254114 4
    endloop
  endfacet
  facet normal 0.9469301300366788 0.32143946370773846 0
    outer loop
      vertex 87.17163859754801 -33.85194969922304 0
      vertex 87.17163859754801 -33.85194969922304 4
      vertex 87.2977774783969 -34.22354286164045 4
    endloop
  endfacet
  facet normal 0 0 1
    outer loop
      vertex 87.40000000298024 -35 4
      vertex 83.18504501565529 -38.63028678473038 4
      vertex 83.34855715851499 -38.875 4
    endloop
  endfacet
  facet normal 0 0 1
    outer loop
      vertex 87.40000000298024 -35 4
      vertex 82.525 -38.05144284148501 4
      vertex 82.76971321526963 -38.21495498434472 4
    endloop
  endfacet
  facet normal 0 0 1
    outer loop
      vertex 87.40000000298024 -35 4
      vertex 82.76971321526963 -38.21495498434472 4
      vertex 82.99099025766974 -38.40900974233027 4
    endloop
  endfacet
  facet normal 0 0 1
    outer loop
      vertex 87.40000000298024 -35 4
      vertex 82.99099025766974 -38.40900974233027 4
      vertex 83.18504501565529 -38.63028678473038 4
    endloop
  endfacet
  facet normal 0 0 1
    outer loop
      vertex 87.40000000298024 -35 4
      vertex 87.37433458566666 -34.60842142254114 4
      vertex 75.39999999850988 -32.06712301643622 4
    endloop
  endfacet
  facet normal 0 0 1
    outer loop
      vertex 87.40000000298024 -35 4
      vertex 83.4787289481504 -39.13896227717855 4
      vertex 83.57333310915041 -39.417657148519325 4
    endloop
  endfacet
  facet normal 0 0 1
    outer loop
      vertex 87.40000000298024 -35 4
      vertex 83.34855715851499 -38.875 4
      vertex 83.4787289481504 -39.13896227717855 4
    endloop
  endfacet
  facet normal -0.1950903258581528 0.9807852796390043 0
    outer loop
      vertex 75.39999999850988 -32.06712301643622 0
      vertex 75.60842141956091 -32.025665417313576 4
      vertex 75.60842141956091 -32.025665417313576 0
    endloop
  endfacet
  facet normal -0.06540313273849395 0.9978589230086541 0
    outer loop
      vertex 75.60842141956091 -32.025665417313576 0
      vertex 75.99999999701977 -32 4
      vertex 75.99999999701977 -32 0
    endloop
  endfacet
  facet normal -0.1950903258581528 0.9807852796390043 0
    outer loop
      vertex 75.39999999850988 -32.06712301643622 0
      vertex 75.39999999850988 -32.06712301643622 4
      vertex 75.60842141956091 -32.025665417313576 4
    endloop
  endfacet
  facet normal -0.06540313273849395 0.9978589230086541 0
    outer loop
      vertex 75.60842141956091 -32.025665417313576 0
      vertex 75.60842141956091 -32.025665417313576 4
      vertex 75.99999999701977 -32 4
    endloop
  endfacet
  facet normal 0 0 1
    outer loop
      vertex 75.39999999850988 -32.06712301643622 4
      vertex 75.99999999701977 -32 4
      vertex 75.60842141956091 -32.025665417313576 4
    endloop
  endfacet
  facet normal 0 1 0
    outer loop
      vertex 75.99999999701977 -32 0
      vertex 84.40000000298024 -32 4
      vertex 84.40000000298024 -32 0
    endloop
  endfacet
  facet normal 0.06540313273849395 0.9978589230086541 0
    outer loop
      vertex 84.40000000298024 -32 0
      vertex 84.7915785804391 -32.025665417313576 4
      vertex 84.7915785804391 -32.025665417313576 0
    endloop
  endfacet
  facet normal 0.1950903258581441 0.980785279639006 0
    outer loop
      vertex 84.7915785804391 -32.025665417313576 0
      vertex 85.17645714133978 -32.10222252458334 4
      vertex 85.17645714133978 -32.10222252458334 0
    endloop
  endfacet
  facet normal 0.32143946370773846 0.9469301300366788 0
    outer loop
      vertex 85.17645714133978 -32.10222252458334 0
      vertex 85.5480503037572 -32.228361405432224 4
      vertex 85.5480503037572 -32.228361405432224 0
    endloop
  endfacet
  facet normal 0.4422886918115197 0.8968727407473451 0
    outer loop
      vertex 85.5480503037572 -32.228361405432224 0
      vertex 85.90000000298024 -32.401923790574074 4
      vertex 85.90000000298024 -32.401923790574074 0
    endloop
  endfacet
  facet normal 0.7518398024852506 0.6593458207943228 0
    outer loop
      vertex 86.52132034748793 -32.878679655492306 0
      vertex 86.78006002753973 -33.173715710639954 4
      vertex 86.78006002753973 -33.173715710639954 0
    endloop
  endfacet
  facet normal 0.6593458207943228 0.7518398024852506 0
    outer loop
      vertex 86.52132034748793 -32.878679655492306 0
      vertex 86.22628429234028 -32.6199399754405 0
      vertex 86.52132034748793 -32.878679655492306 4
    endloop
  endfacet
  facet normal 0.8314696207458843 0.5555702203832521 0
    outer loop
      vertex 86.99807621240616 -33.5 0
      vertex 86.78006002753973 -33.173715710639954 0
      vertex 86.99807621240616 -33.5 4
    endloop
  endfacet
  facet normal 0.5555702203832521 0.8314696207458843 0
    outer loop
      vertex 85.90000000298024 -32.401923790574074 0
      vertex 86.22628429234028 -32.6199399754405 4
      vertex 86.22628429234028 -32.6199399754405 0
    endloop
  endfacet
  facet normal 0 1 0
    outer loop
      vertex 75.99999999701977 -32 0
      vertex 75.99999999701977 -32 4
      vertex 84.40000000298024 -32 4
    endloop
  endfacet
  facet normal 0 0 1
    outer loop
      vertex 75.39999999850988 -32.06712301643622 4
      vertex 84.40000000298024 -32 4
      vertex 75.99999999701977 -32 4
    endloop
  endfacet
  facet normal 0 0 1
    outer loop
      vertex 75.39999999850988 -32.06712301643622 4
      vertex 84.7915785804391 -32.025665417313576 4
      vertex 84.40000000298024 -32 4
    endloop
  endfacet
  facet normal 0 0 1
    outer loop
      vertex 75.39999999850988 -32.06712301643622 4
      vertex 85.17645714133978 -32.10222252458334 4
      vertex 84.7915785804391 -32.025665417313576 4
    endloop
  endfacet
  facet normal 0.06540313273849395 0.9978589230086541 0
    outer loop
      vertex 84.40000000298024 -32 0
      vertex 84.40000000298024 -32 4
      vertex 84.7915785804391 -32.025665417313576 4
    endloop
  endfacet
  facet normal 0.32143946370773846 0.9469301300366788 0
    outer loop
      vertex 85.17645714133978 -32.10222252458334 0
      vertex 85.17645714133978 -32.10222252458334 4
      vertex 85.5480503037572 -32.228361405432224 4
    endloop
  endfacet
  facet normal 0.1950903258581441 0.980785279639006 0
    outer loop
      vertex 84.7915785804391 -32.025665417313576 0
      vertex 84.7915785804391 -32.025665417313576 4
      vertex 85.17645714133978 -32.10222252458334 4
    endloop
  endfacet
  facet normal 0.4422886918115197 0.8968727407473451 0
    outer loop
      vertex 85.5480503037572 -32.228361405432224 0
      vertex 85.5480503037572 -32.228361405432224 4
      vertex 85.90000000298024 -32.401923790574074 4
    endloop
  endfacet
  facet normal 0.5555702203832521 0.8314696207458843 0
    outer loop
      vertex 85.90000000298024 -32.401923790574074 0
      vertex 85.90000000298024 -32.401923790574074 4
      vertex 86.22628429234028 -32.6199399754405 4
    endloop
  endfacet
  facet normal 0.6593458207943228 0.7518398024852506 0
    outer loop
      vertex 86.22628429234028 -32.6199399754405 0
      vertex 86.22628429234028 -32.6199399754405 4
      vertex 86.52132034748793 -32.878679655492306 4
    endloop
  endfacet
  facet normal 0.7518398024852506 0.6593458207943228 0
    outer loop
      vertex 86.52132034748793 -32.878679655492306 0
      vertex 86.52132034748793 -32.878679655492306 4
      vertex 86.78006002753973 -33.173715710639954 4
    endloop
  endfacet
  facet normal 0.8968727407473451 0.4422886918115197 0
    outer loop
      vertex 87.17163859754801 -33.85194969922304 4
      vertex 86.99807621240616 -33.5 0
      vertex 86.99807621240616 -33.5 4
    endloop
  endfacet
  facet normal 0.8314696207458843 0.5555702203832521 0
    outer loop
      vertex 86.78006002753973 -33.173715710639954 0
      vertex 86.78006002753973 -33.173715710639954 4
      vertex 86.99807621240616 -33.5 4
    endloop
  endfacet
  facet normal 0 0 1
    outer loop
      vertex 87.2977774783969 -34.22354286164045 4
      vertex 87.17163859754801 -33.85194969922304 4
      vertex 75.39999999850988 -32.06712301643622 4
    endloop
  endfacet
  facet normal 0 0 1
    outer loop
      vertex 75.39999999850988 -32.06712301643622 4
      vertex 86.78006002753973 -33.173715710639954 4
      vertex 86.52132034748793 -32.878679655492306 4
    endloop
  endfacet
  facet normal 0 0 1
    outer loop
      vertex 75.39999999850988 -32.06712301643622 4
      vertex 86.99807621240616 -33.5 4
      vertex 86.78006002753973 -33.173715710639954 4
    endloop
  endfacet
  facet normal 0 0 1
    outer loop
      vertex 87.17163859754801 -33.85194969922304 4
      vertex 86.99807621240616 -33.5 4
      vertex 75.39999999850988 -32.06712301643622 4
    endloop
  endfacet
  facet normal 0 0 1
    outer loop
      vertex 75.39999999850988 -32.06712301643622 4
      vertex 85.5480503037572 -32.228361405432224 4
      vertex 85.17645714133978 -32.10222252458334 4
    endloop
  endfacet
  facet normal 0 0 1
    outer loop
      vertex 75.39999999850988 -32.06712301643622 4
      vertex 85.90000000298024 -32.401923790574074 4
      vertex 85.5480503037572 -32.228361405432224 4
    endloop
  endfacet
  facet normal 0 0 1
    outer loop
      vertex 75.39999999850988 -32.06712301643622 4
      vertex 86.22628429234028 -32.6199399754405 4
      vertex 85.90000000298024 -32.401923790574074 4
    endloop
  endfacet
  facet normal 0 0 1
    outer loop
      vertex 75.39999999850988 -32.06712301643622 4
      vertex 86.52132034748793 -32.878679655492306 4
      vertex 86.22628429234028 -32.6199399754405 4
    endloop
  endfacet
  facet normal 0 0 1
    outer loop
      vertex 87.37433458566666 -34.60842142254114 4
      vertex 87.2977774783969 -34.22354286164045 4
      vertex 75.39999999850988 -32.06712301643622 4
    endloop
  endfacet
  facet normal 0 0 1
    outer loop
      vertex -71.36592582628907 -62.658819045102526 20.4
      vertex -71.36592582628907 -62.141180954897486 20.4
      vertex -71.39144486137381 -62.53052619222006 20.4
    endloop
  endfacet
  facet normal 0 0 1
    outer loop
      vertex -71.4 -62.400000000000006 20.4
      vertex -71.39144486137381 -62.53052619222006 20.4
      vertex -71.39144486137381 -62.26947380777995 20.4
    endloop
  endfacet
  facet normal 0 0 1
    outer loop
      vertex -71.39144486137381 -62.53052619222006 20.4
      vertex -71.36592582628907 -62.141180954897486 20.4
      vertex -71.39144486137381 -62.26947380777995 20.4
    endloop
  endfacet
  facet normal 0 0 1
    outer loop
      vertex -71.26602540378444 -62.900000000000006 20.4
      vertex -71.19335334029124 -63.00876142900873 20.4
      vertex -71.19335334029124 -61.79123857099128 20.4
    endloop
  endfacet
  facet normal 0 0 1
    outer loop
      vertex -71.26602540378444 -62.900000000000006 20.4
      vertex -71.26602540378444 -61.900000000000006 20.4
      vertex -71.3238795325113 -62.7826834323651 20.4
    endloop
  endfacet
  facet normal 0 0 1
    outer loop
      vertex -71.3238795325113 -62.7826834323651 20.4
      vertex -71.3238795325113 -62.017316567634914 20.4
      vertex -71.36592582628907 -62.658819045102526 20.4
    endloop
  endfacet
  facet normal 0 0 1
    outer loop
      vertex -71.00876142900873 -63.19335334029124 20.4
      vertex -71.00876142900873 -61.60664665970877 20.4
      vertex -71.10710678118656 -63.10710678118655 20.4
    endloop
  endfacet
  facet normal 0 0 1
    outer loop
      vertex -71.19335334029124 -63.00876142900873 20.4
      vertex -71.10710678118656 -63.10710678118655 20.4
      vertex -71.10710678118656 -61.69289321881346 20.4
    endloop
  endfacet
  facet normal 0 0 1
    outer loop
      vertex -71.36592582628907 -62.658819045102526 20.4
      vertex -71.3238795325113 -62.017316567634914 20.4
      vertex -71.36592582628907 -62.141180954897486 20.4
    endloop
  endfacet
  facet normal 0 0 1
    outer loop
      vertex -71.3238795325113 -62.7826834323651 20.4
      vertex -71.26602540378444 -61.900000000000006 20.4
      vertex -71.3238795325113 -62.017316567634914 20.4
    endloop
  endfacet
  facet normal 0 0 1
    outer loop
      vertex -71.26602540378444 -62.900000000000006 20.4
      vertex -71.19335334029124 -61.79123857099128 20.4
      vertex -71.26602540378444 -61.900000000000006 20.4
    endloop
  endfacet
  facet normal 0 0 1
    outer loop
      vertex -71.19335334029124 -63.00876142900873 20.4
      vertex -71.10710678118656 -61.69289321881346 20.4
      vertex -71.19335334029124 -61.79123857099128 20.4
    endloop
  endfacet
  facet normal 0 0 1
    outer loop
      vertex -71.10710678118656 -63.10710678118655 20.4
      vertex -71.00876142900873 -61.60664665970877 20.4
      vertex -71.10710678118656 -61.69289321881346 20.4
    endloop
  endfacet
  facet normal 0 0 1
    outer loop
      vertex -71.00876142900873 -63.19335334029124 20.4
      vertex -70.9 -63.26602540378445 20.4
      vertex -70.9 -61.533974596215565 20.4
    endloop
  endfacet
  facet normal 0 0 1
    outer loop
      vertex -70.78268343236509 -63.32387953251129 20.4
      vertex -70.78268343236509 -61.47612046748872 20.4
      vertex -70.9 -63.26602540378445 20.4
    endloop
  endfacet
  facet normal 0 0 1
    outer loop
      vertex -70.78268343236509 -63.32387953251129 20.4
      vertex -70.65881904510253 -63.36592582628907 20.4
      vertex -70.65881904510253 -61.43407417371094 20.4
    endloop
  endfacet
  facet normal 0 0 1
    outer loop
      vertex -70.65881904510253 -63.36592582628907 20.4
      vertex -70.53052619222005 -63.39144486137381 20.4
      vertex -70.53052619222005 -61.4085551386262 20.4
    endloop
  endfacet
  facet normal 0 0 1
    outer loop
      vertex -70.53052619222005 -63.39144486137381 20.4
      vertex -70.4 -63.400000000000006 20.4
      vertex -70.4 -61.400000000000006 20.4
    endloop
  endfacet
  facet normal 0 0 1
    outer loop
      vertex -70.4 -63.400000000000006 20.4
      vertex -70.26947380777996 -63.39144486137381 20.4
      vertex -70.26947380777996 -61.4085551386262 20.4
    endloop
  endfacet
  facet normal 0 0 1
    outer loop
      vertex -70.26947380777996 -63.39144486137381 20.4
      vertex -70.14118095489748 -63.36592582628907 20.4
      vertex -70.14118095489748 -61.43407417371094 20.4
    endloop
  endfacet
  facet normal 0 0 1
    outer loop
      vertex -70.14118095489748 -63.36592582628907 20.4
      vertex -70.01731656763492 -63.32387953251129 20.4
      vertex -70.01731656763492 -61.47612046748872 20.4
    endloop
  endfacet
  facet normal 0 0 1
    outer loop
      vertex -70.01731656763492 -63.32387953251129 20.4
      vertex -69.9 -63.26602540378445 20.4
      vertex -69.9 -61.533974596215565 20.4
    endloop
  endfacet
  facet normal 0 0 1
    outer loop
      vertex -69.9 -63.26602540378445 20.4
      vertex -69.79123857099128 -63.19335334029124 20.4
      vertex -69.79123857099128 -61.60664665970877 20.4
    endloop
  endfacet
  facet normal 0 0 1
    outer loop
      vertex -69.79123857099128 -63.19335334029124 20.4
      vertex -69.69289321881345 -63.10710678118655 20.4
      vertex -69.69289321881345 -61.69289321881346 20.4
    endloop
  endfacet
  facet normal 0 0 1
    outer loop
      vertex -69.9 -63.26602540378445 20.4
      vertex -69.79123857099128 -61.60664665970877 20.4
      vertex -69.9 -61.533974596215565 20.4
    endloop
  endfacet
  facet normal 0 0 1
    outer loop
      vertex -69.79123857099128 -63.19335334029124 20.4
      vertex -69.69289321881345 -61.69289321881346 20.4
      vertex -69.79123857099128 -61.60664665970877 20.4
    endloop
  endfacet
  facet normal 0 0 1
    outer loop
      vertex -69.69289321881345 -63.10710678118655 20.4
      vertex -69.60664665970877 -61.79123857099128 20.4
      vertex -69.69289321881345 -61.69289321881346 20.4
    endloop
  endfacet
  facet normal 0 0 1
    outer loop
      vertex -71.00876142900873 -63.19335334029124 20.4
      vertex -70.9 -61.533974596215565 20.4
      vertex -71.00876142900873 -61.60664665970877 20.4
    endloop
  endfacet
  facet normal 0 0 1
    outer loop
      vertex -70.9 -63.26602540378445 20.4
      vertex -70.78268343236509 -61.47612046748872 20.4
      vertex -70.9 -61.533974596215565 20.4
    endloop
  endfacet
  facet normal 0 0 1
    outer loop
      vertex -70.78268343236509 -63.32387953251129 20.4
      vertex -70.65881904510253 -61.43407417371094 20.4
      vertex -70.78268343236509 -61.47612046748872 20.4
    endloop
  endfacet
  facet normal 0 0 1
    outer loop
      vertex -70.65881904510253 -63.36592582628907 20.4
      vertex -70.53052619222005 -61.4085551386262 20.4
      vertex -70.65881904510253 -61.43407417371094 20.4
    endloop
  endfacet
  facet normal 0 0 1
    outer loop
      vertex -70.53052619222005 -63.39144486137381 20.4
      vertex -70.4 -61.400000000000006 20.4
      vertex -70.53052619222005 -61.4085551386262 20.4
    endloop
  endfacet
  facet normal 0 0 1
    outer loop
      vertex -70.4 -63.400000000000006 20.4
      vertex -70.26947380777996 -61.4085551386262 20.4
      vertex -70.4 -61.400000000000006 20.4
    endloop
  endfacet
  facet normal 0 0 1
    outer loop
      vertex -70.26947380777996 -63.39144486137381 20.4
      vertex -70.14118095489748 -61.43407417371094 20.4
      vertex -70.26947380777996 -61.4085551386262 20.4
    endloop
  endfacet
  facet normal 0 0 1
    outer loop
      vertex -70.14118095489748 -63.36592582628907 20.4
      vertex -70.01731656763492 -61.47612046748872 20.4
      vertex -70.14118095489748 -61.43407417371094 20.4
    endloop
  endfacet
  facet normal 0 0 1
    outer loop
      vertex -70.01731656763492 -63.32387953251129 20.4
      vertex -69.9 -61.533974596215565 20.4
      vertex -70.01731656763492 -61.47612046748872 20.4
    endloop
  endfacet
  facet normal 0 0 1
    outer loop
      vertex -69.69289321881345 -63.10710678118655 20.4
      vertex -69.60664665970877 -63.00876142900873 20.4
      vertex -69.60664665970877 -61.79123857099128 20.4
    endloop
  endfacet
  facet normal 0 0 1
    outer loop
      vertex -69.60664665970877 -63.00876142900873 20.4
      vertex -69.53397459621557 -62.900000000000006 20.4
      vertex -69.53397459621557 -61.900000000000006 20.4
    endloop
  endfacet
  facet normal 0 0 1
    outer loop
      vertex -69.53397459621557 -62.900000000000006 20.4
      vertex -69.47612046748871 -62.7826834323651 20.4
      vertex -69.47612046748871 -62.017316567634914 20.4
    endloop
  endfacet
  facet normal 0 0 1
    outer loop
      vertex -69.47612046748871 -62.7826834323651 20.4
      vertex -69.43407417371094 -62.658819045102526 20.4
      vertex -69.43407417371094 -62.141180954897486 20.4
    endloop
  endfacet
  facet normal 0 0 1
    outer loop
      vertex -69.43407417371094 -62.658819045102526 20.4
      vertex -69.4085551386262 -62.53052619222006 20.4
      vertex -69.4085551386262 -62.26947380777995 20.4
    endloop
  endfacet
  facet normal 0 0 1
    outer loop
      vertex -69.4085551386262 -62.53052619222006 20.4
      vertex -69.4 -62.400000000000006 20.4
      vertex -69.4085551386262 -62.26947380777995 20.4
    endloop
  endfacet
  facet normal 0 0 1
    outer loop
      vertex -69.53397459621557 -62.900000000000006 20.4
      vertex -69.47612046748871 -62.017316567634914 20.4
      vertex -69.53397459621557 -61.900000000000006 20.4
    endloop
  endfacet
  facet normal 0 0 1
    outer loop
      vertex -69.60664665970877 -63.00876142900873 20.4
      vertex -69.53397459621557 -61.900000000000006 20.4
      vertex -69.60664665970877 -61.79123857099128 20.4
    endloop
  endfacet
  facet normal 0 0 1
    outer loop
      vertex -69.43407417371094 -62.658819045102526 20.4
      vertex -69.4085551386262 -62.26947380777995 20.4
      vertex -69.43407417371094 -62.141180954897486 20.4
    endloop
  endfacet
  facet normal 0 0 1
    outer loop
      vertex -69.47612046748871 -62.7826834323651 20.4
      vertex -69.43407417371094 -62.141180954897486 20.4
      vertex -69.47612046748871 -62.017316567634914 20.4
    endloop
  endfacet
  facet normal 0.8314696123025607 0.5555702330195792 0
    outer loop
      vertex -71.26602540378444 -62.900000000000006 20.4
      vertex -71.26602540378444 -62.900000000000006 32.4
      vertex -71.19335334029124 -63.00876142900873 20.4
    endloop
  endfacet
  facet normal 0.659345815100054 0.7518398074789906 0
    outer loop
      vertex -71.00876142900873 -63.19335334029124 20.4
      vertex -71.10710678118656 -63.10710678118655 20.4
      vertex -71.10710678118656 -63.10710678118655 32.4
    endloop
  endfacet
  facet normal 0.7518398074789938 0.6593458151000502 0
    outer loop
      vertex -71.19335334029124 -63.00876142900873 20.4
      vertex -71.19335334029124 -63.00876142900873 32.4
      vertex -71.10710678118656 -63.10710678118655 20.4
    endloop
  endfacet
  facet normal 0.8968727415326521 0.44228869021907463 0
    outer loop
      vertex -71.26602540378444 -62.900000000000006 20.4
      vertex -71.3238795325113 -62.7826834323651 20.4
      vertex -71.3238795325113 -62.7826834323651 32.4
    endloop
  endfacet
  facet normal 0.946930129495128 0.32143946530309586 0
    outer loop
      vertex -71.3238795325113 -62.7826834323651 20.4
      vertex -71.36592582628907 -62.658819045102526 20.4
      vertex -71.36592582628907 -62.658819045102526 32.4
    endloop
  endfacet
  facet normal 0.9807852804032309 0.19509032201612625 0
    outer loop
      vertex -71.36592582628907 -62.658819045102526 20.4
      vertex -71.39144486137381 -62.53052619222006 20.4
      vertex -71.39144486137381 -62.53052619222006 32.4
    endloop
  endfacet
  facet normal 0.9978589232386021 0.06540312923016546 0
    outer loop
      vertex -71.4 -62.400000000000006 20.4
      vertex -71.4 -62.400000000000006 32.4
      vertex -71.39144486137381 -62.53052619222006 20.4
    endloop
  endfacet
  facet normal 0.9978589232386021 -0.06540312923016546 0
    outer loop
      vertex -71.4 -62.400000000000006 20.4
      vertex -71.39144486137381 -62.26947380777995 20.4
      vertex -71.39144486137381 -62.26947380777995 32.4
    endloop
  endfacet
  facet normal 0.9807852804032309 -0.19509032201612625 0
    outer loop
      vertex -71.39144486137381 -62.26947380777995 20.4
      vertex -71.36592582628907 -62.141180954897486 20.4
      vertex -71.36592582628907 -62.141180954897486 32.4
    endloop
  endfacet
  facet normal 0.946930129495128 -0.32143946530309586 0
    outer loop
      vertex -71.36592582628907 -62.141180954897486 20.4
      vertex -71.3238795325113 -62.017316567634914 20.4
      vertex -71.3238795325113 -62.017316567634914 32.4
    endloop
  endfacet
  facet normal 0.8968727415326521 -0.44228869021907463 0
    outer loop
      vertex -71.3238795325113 -62.017316567634914 20.4
      vertex -71.26602540378444 -61.900000000000006 20.4
      vertex -71.26602540378444 -61.900000000000006 32.4
    endloop
  endfacet
  facet normal 0.8314696123025607 -0.5555702330195792 0
    outer loop
      vertex -71.26602540378444 -61.900000000000006 20.4
      vertex -71.19335334029124 -61.79123857099128 20.4
      vertex -71.19335334029124 -61.79123857099128 32.4
    endloop
  endfacet
  facet normal 0.7518398074789938 -0.6593458151000502 0
    outer loop
      vertex -71.19335334029124 -61.79123857099128 20.4
      vertex -71.10710678118656 -61.69289321881346 20.4
      vertex -71.10710678118656 -61.69289321881346 32.4
    endloop
  endfacet
  facet normal 0.659345815100054 -0.7518398074789906 0
    outer loop
      vertex -71.10710678118656 -61.69289321881346 20.4
      vertex -71.00876142900873 -61.60664665970877 20.4
      vertex -71.00876142900873 -61.60664665970877 32.4
    endloop
  endfacet
  facet normal 0.5555702330196167 0.8314696123025355 0
    outer loop
      vertex -71.00876142900873 -63.19335334029124 20.4
      vertex -71.00876142900873 -63.19335334029124 32.4
      vertex -70.9 -63.26602540378445 20.4
    endloop
  endfacet
  facet normal 0.4422886902189658 0.8968727415327059 0
    outer loop
      vertex -70.78268343236509 -63.32387953251129 20.4
      vertex -70.9 -63.26602540378445 20.4
      vertex -70.9 -63.26602540378445 32.4
    endloop
  endfacet
  facet normal 0.32143946530317763 0.9469301294951002 0
    outer loop
      vertex -70.78268343236509 -63.32387953251129 20.4
      vertex -70.78268343236509 -63.32387953251129 32.4
      vertex -70.65881904510253 -63.36592582628907 20.4
    endloop
  endfacet
  facet normal 0.19509032201610543 0.980785280403235 0
    outer loop
      vertex -70.65881904510253 -63.36592582628907 20.4
      vertex -70.65881904510253 -63.36592582628907 32.4
      vertex -70.53052619222005 -63.39144486137381 20.4
    endloop
  endfacet
  facet normal 0.06540312923016899 0.9978589232386017 0
    outer loop
      vertex -70.53052619222005 -63.39144486137381 20.4
      vertex -70.53052619222005 -63.39144486137381 32.4
      vertex -70.4 -63.400000000000006 20.4
    endloop
  endfacet
  facet normal -0.06540312923016899 0.9978589232386017 0
    outer loop
      vertex -70.4 -63.400000000000006 20.4
      vertex -70.4 -63.400000000000006 32.4
      vertex -70.26947380777996 -63.39144486137381 20.4
    endloop
  endfacet
  facet normal -0.19509032201610543 0.980785280403235 0
    outer loop
      vertex -70.26947380777996 -63.39144486137381 20.4
      vertex -70.26947380777996 -63.39144486137381 32.4
      vertex -70.14118095489748 -63.36592582628907 20.4
    endloop
  endfacet
  facet normal -0.32143946530317763 0.9469301294951002 0
    outer loop
      vertex -70.14118095489748 -63.36592582628907 20.4
      vertex -70.14118095489748 -63.36592582628907 32.4
      vertex -70.01731656763492 -63.32387953251129 20.4
    endloop
  endfacet
  facet normal -0.4422886902189658 0.8968727415327059 0
    outer loop
      vertex -70.01731656763492 -63.32387953251129 20.4
      vertex -70.01731656763492 -63.32387953251129 32.4
      vertex -69.9 -63.26602540378445 20.4
    endloop
  endfacet
  facet normal -0.5555702330196167 0.8314696123025355 0
    outer loop
      vertex -69.9 -63.26602540378445 20.4
      vertex -69.9 -63.26602540378445 32.4
      vertex -69.79123857099128 -63.19335334029124 20.4
    endloop
  endfacet
  facet normal -0.659345815100054 0.7518398074789906 0
    outer loop
      vertex -69.79123857099128 -63.19335334029124 20.4
      vertex -69.79123857099128 -63.19335334029124 32.4
      vertex -69.69289321881345 -63.10710678118655 20.4
    endloop
  endfacet
  facet normal -0.7518398074789938 0.6593458151000502 0
    outer loop
      vertex -69.69289321881345 -63.10710678118655 20.4
      vertex -69.69289321881345 -63.10710678118655 32.4
      vertex -69.60664665970877 -63.00876142900873 20.4
    endloop
  endfacet
  facet normal 0.5555702330196167 -0.8314696123025355 0
    outer loop
      vertex -71.00876142900873 -61.60664665970877 20.4
      vertex -70.9 -61.533974596215565 20.4
      vertex -70.9 -61.533974596215565 32.4
    endloop
  endfacet
  facet normal 0.4422886902189658 -0.8968727415327059 0
    outer loop
      vertex -70.9 -61.533974596215565 20.4
      vertex -70.78268343236509 -61.47612046748872 20.4
      vertex -70.78268343236509 -61.47612046748872 32.4
    endloop
  endfacet
  facet normal 0.32143946530317763 -0.9469301294951002 0
    outer loop
      vertex -70.78268343236509 -61.47612046748872 20.4
      vertex -70.65881904510253 -61.43407417371094 20.4
      vertex -70.65881904510253 -61.43407417371094 32.4
    endloop
  endfacet
  facet normal 0.19509032201610543 -0.980785280403235 0
    outer loop
      vertex -70.65881904510253 -61.43407417371094 20.4
      vertex -70.53052619222005 -61.4085551386262 20.4
      vertex -70.53052619222005 -61.4085551386262 32.4
    endloop
  endfacet
  facet normal 0.06540312923016899 -0.9978589232386017 0
    outer loop
      vertex -70.53052619222005 -61.4085551386262 20.4
      vertex -70.4 -61.400000000000006 20.4
      vertex -70.4 -61.400000000000006 32.4
    endloop
  endfacet
  facet normal -0.659345815100054 -0.7518398074789906 0
    outer loop
      vertex -69.79123857099128 -61.60664665970877 20.4
      vertex -69.69289321881345 -61.69289321881346 20.4
      vertex -69.69289321881345 -61.69289321881346 32.4
    endloop
  endfacet
  facet normal -0.06540312923016899 -0.9978589232386017 0
    outer loop
      vertex -70.4 -61.400000000000006 20.4
      vertex -70.26947380777996 -61.4085551386262 20.4
      vertex -70.26947380777996 -61.4085551386262 32.4
    endloop
  endfacet
  facet normal -0.19509032201610543 -0.980785280403235 0
    outer loop
      vertex -70.26947380777996 -61.4085551386262 20.4
      vertex -70.14118095489748 -61.43407417371094 20.4
      vertex -70.14118095489748 -61.43407417371094 32.4
    endloop
  endfacet
  facet normal -0.32143946530317763 -0.9469301294951002 0
    outer loop
      vertex -70.14118095489748 -61.43407417371094 20.4
      vertex -70.01731656763492 -61.47612046748872 20.4
      vertex -70.01731656763492 -61.47612046748872 32.4
    endloop
  endfacet
  facet normal -0.4422886902189658 -0.8968727415327059 0
    outer loop
      vertex -70.01731656763492 -61.47612046748872 20.4
      vertex -69.9 -61.533974596215565 20.4
      vertex -69.9 -61.533974596215565 32.4
    endloop
  endfacet
  facet normal -0.5555702330196167 -0.8314696123025355 0
    outer loop
      vertex -69.79123857099128 -61.60664665970877 20.4
      vertex -69.79123857099128 -61.60664665970877 32.4
      vertex -69.9 -61.533974596215565 20.4
    endloop
  endfacet
  facet normal -0.8314696123025607 0.5555702330195792 0
    outer loop
      vertex -69.60664665970877 -63.00876142900873 20.4
      vertex -69.60664665970877 -63.00876142900873 32.4
      vertex -69.53397459621557 -62.900000000000006 20.4
    endloop
  endfacet
  facet normal -0.8968727415326521 0.44228869021907463 0
    outer loop
      vertex -69.53397459621557 -62.900000000000006 20.4
      vertex -69.53397459621557 -62.900000000000006 32.4
      vertex -69.47612046748871 -62.7826834323651 20.4
    endloop
  endfacet
  facet normal -0.946930129495128 0.32143946530309586 0
    outer loop
      vertex -69.47612046748871 -62.7826834323651 20.4
      vertex -69.47612046748871 -62.7826834323651 32.4
      vertex -69.43407417371094 -62.658819045102526 20.4
    endloop
  endfacet
  facet normal -0.9807852804032309 0.19509032201612625 0
    outer loop
      vertex -69.43407417371094 -62.658819045102526 20.4
      vertex -69.43407417371094 -62.658819045102526 32.4
      vertex -69.4085551386262 -62.53052619222006 20.4
    endloop
  endfacet
  facet normal -0.9978589232386021 0.06540312923016546 0
    outer loop
      vertex -69.4085551386262 -62.53052619222006 20.4
      vertex -69.4085551386262 -62.53052619222006 32.4
      vertex -69.4 -62.400000000000006 20.4
    endloop
  endfacet
  facet normal -0.9978589232386021 -0.06540312923016546 0
    outer loop
      vertex -69.4 -62.400000000000006 20.4
      vertex -69.4 -62.400000000000006 32.4
      vertex -69.4085551386262 -62.26947380777995 20.4
    endloop
  endfacet
  facet normal -0.9807852804032309 -0.19509032201612625 0
    outer loop
      vertex -69.4085551386262 -62.26947380777995 20.4
      vertex -69.4085551386262 -62.26947380777995 32.4
      vertex -69.43407417371094 -62.141180954897486 20.4
    endloop
  endfacet
  facet normal -0.8968727415326521 -0.44228869021907463 0
    outer loop
      vertex -69.47612046748871 -62.017316567634914 20.4
      vertex -69.47612046748871 -62.017316567634914 32.4
      vertex -69.53397459621557 -61.900000000000006 20.4
    endloop
  endfacet
  facet normal -0.946930129495128 -0.32143946530309586 0
    outer loop
      vertex -69.43407417371094 -62.141180954897486 20.4
      vertex -69.43407417371094 -62.141180954897486 32.4
      vertex -69.47612046748871 -62.017316567634914 20.4
    endloop
  endfacet
  facet normal -0.8314696123025607 -0.5555702330195792 0
    outer loop
      vertex -69.53397459621557 -61.900000000000006 20.4
      vertex -69.53397459621557 -61.900000000000006 32.4
      vertex -69.60664665970877 -61.79123857099128 20.4
    endloop
  endfacet
  facet normal -0.7518398074789938 -0.6593458151000502 0
    outer loop
      vertex -69.60664665970877 -61.79123857099128 20.4
      vertex -69.60664665970877 -61.79123857099128 32.4
      vertex -69.69289321881345 -61.69289321881346 20.4
    endloop
  endfacet
  facet normal 0.8314696123025607 0.5555702330195792 0
    outer loop
      vertex -71.19335334029124 -63.00876142900873 20.4
      vertex -71.26602540378444 -62.900000000000006 32.4
      vertex -71.19335334029124 -63.00876142900873 32.4
    endloop
  endfacet
  facet normal 0.659345815100054 0.7518398074789906 0
    outer loop
      vertex -71.00876142900873 -63.19335334029124 20.4
      vertex -71.10710678118656 -63.10710678118655 32.4
      vertex -71.00876142900873 -63.19335334029124 32.4
    endloop
  endfacet
  facet normal 0.7518398074789938 0.6593458151000502 0
    outer loop
      vertex -71.10710678118656 -63.10710678118655 20.4
      vertex -71.19335334029124 -63.00876142900873 32.4
      vertex -71.10710678118656 -63.10710678118655 32.4
    endloop
  endfacet
  facet normal 0.8968727415326521 0.44228869021907463 0
    outer loop
      vertex -71.26602540378444 -62.900000000000006 20.4
      vertex -71.3238795325113 -62.7826834323651 32.4
      vertex -71.26602540378444 -62.900000000000006 32.4
    endloop
  endfacet
  facet normal 0.946930129495128 0.32143946530309586 0
    outer loop
      vertex -71.3238795325113 -62.7826834323651 20.4
      vertex -71.36592582628907 -62.658819045102526 32.4
      vertex -71.3238795325113 -62.7826834323651 32.4
    endloop
  endfacet
  facet normal 0.9807852804032309 0.19509032201612625 0
    outer loop
      vertex -71.36592582628907 -62.658819045102526 20.4
      vertex -71.39144486137381 -62.53052619222006 32.4
      vertex -71.36592582628907 -62.658819045102526 32.4
    endloop
  endfacet
  facet normal 0.9978589232386021 0.06540312923016546 0
    outer loop
      vertex -71.39144486137381 -62.53052619222006 20.4
      vertex -71.4 -62.400000000000006 32.4
      vertex -71.39144486137381 -62.53052619222006 32.4
    endloop
  endfacet
  facet normal 0.9978589232386021 -0.06540312923016546 0
    outer loop
      vertex -71.4 -62.400000000000006 20.4
      vertex -71.39144486137381 -62.26947380777995 32.4
      vertex -71.4 -62.400000000000006 32.4
    endloop
  endfacet
  facet normal 0.9807852804032309 -0.19509032201612625 0
    outer loop
      vertex -71.39144486137381 -62.26947380777995 20.4
      vertex -71.36592582628907 -62.141180954897486 32.4
      vertex -71.39144486137381 -62.26947380777995 32.4
    endloop
  endfacet
  facet normal 0.946930129495128 -0.32143946530309586 0
    outer loop
      vertex -71.36592582628907 -62.141180954897486 20.4
      vertex -71.3238795325113 -62.017316567634914 32.4
      vertex -71.36592582628907 -62.141180954897486 32.4
    endloop
  endfacet
  facet normal 0.8968727415326521 -0.44228869021907463 0
    outer loop
      vertex -71.3238795325113 -62.017316567634914 20.4
      vertex -71.26602540378444 -61.900000000000006 32.4
      vertex -71.3238795325113 -62.017316567634914 32.4
    endloop
  endfacet
  facet normal 0.8314696123025607 -0.5555702330195792 0
    outer loop
      vertex -71.26602540378444 -61.900000000000006 20.4
      vertex -71.19335334029124 -61.79123857099128 32.4
      vertex -71.26602540378444 -61.900000000000006 32.4
    endloop
  endfacet
  facet normal 0.7518398074789938 -0.6593458151000502 0
    outer loop
      vertex -71.19335334029124 -61.79123857099128 20.4
      vertex -71.10710678118656 -61.69289321881346 32.4
      vertex -71.19335334029124 -61.79123857099128 32.4
    endloop
  endfacet
  facet normal 0.659345815100054 -0.7518398074789906 0
    outer loop
      vertex -71.10710678118656 -61.69289321881346 20.4
      vertex -71.00876142900873 -61.60664665970877 32.4
      vertex -71.10710678118656 -61.69289321881346 32.4
    endloop
  endfacet
  facet normal 0.5555702330196167 0.8314696123025355 0
    outer loop
      vertex -70.9 -63.26602540378445 20.4
      vertex -71.00876142900873 -63.19335334029124 32.4
      vertex -70.9 -63.26602540378445 32.4
    endloop
  endfacet
  facet normal 0.32143946530317763 0.9469301294951002 0
    outer loop
      vertex -70.65881904510253 -63.36592582628907 20.4
      vertex -70.78268343236509 -63.32387953251129 32.4
      vertex -70.65881904510253 -63.36592582628907 32.4
    endloop
  endfacet
  facet normal 0.4422886902189658 0.8968727415327059 0
    outer loop
      vertex -70.78268343236509 -63.32387953251129 20.4
      vertex -70.9 -63.26602540378445 32.4
      vertex -70.78268343236509 -63.32387953251129 32.4
    endloop
  endfacet
  facet normal 0.19509032201610543 0.980785280403235 0
    outer loop
      vertex -70.53052619222005 -63.39144486137381 20.4
      vertex -70.65881904510253 -63.36592582628907 32.4
      vertex -70.53052619222005 -63.39144486137381 32.4
    endloop
  endfacet
  facet normal 0.06540312923016899 0.9978589232386017 0
    outer loop
      vertex -70.4 -63.400000000000006 20.4
      vertex -70.53052619222005 -63.39144486137381 32.4
      vertex -70.4 -63.400000000000006 32.4
    endloop
  endfacet
  facet normal -0.06540312923016899 0.9978589232386017 0
    outer loop
      vertex -70.26947380777996 -63.39144486137381 20.4
      vertex -70.4 -63.400000000000006 32.4
      vertex -70.26947380777996 -63.39144486137381 32.4
    endloop
  endfacet
  facet normal -0.19509032201610543 0.980785280403235 0
    outer loop
      vertex -70.14118095489748 -63.36592582628907 20.4
      vertex -70.26947380777996 -63.39144486137381 32.4
      vertex -70.14118095489748 -63.36592582628907 32.4
    endloop
  endfacet
  facet normal -0.32143946530317763 0.9469301294951002 0
    outer loop
      vertex -70.01731656763492 -63.32387953251129 20.4
      vertex -70.14118095489748 -63.36592582628907 32.4
      vertex -70.01731656763492 -63.32387953251129 32.4
    endloop
  endfacet
  facet normal -0.4422886902189658 0.8968727415327059 0
    outer loop
      vertex -69.9 -63.26602540378445 20.4
      vertex -70.01731656763492 -63.32387953251129 32.4
      vertex -69.9 -63.26602540378445 32.4
    endloop
  endfacet
  facet normal -0.5555702330196167 0.8314696123025355 0
    outer loop
      vertex -69.79123857099128 -63.19335334029124 20.4
      vertex -69.9 -63.26602540378445 32.4
      vertex -69.79123857099128 -63.19335334029124 32.4
    endloop
  endfacet
  facet normal -0.659345815100054 0.7518398074789906 0
    outer loop
      vertex -69.69289321881345 -63.10710678118655 20.4
      vertex -69.79123857099128 -63.19335334029124 32.4
      vertex -69.69289321881345 -63.10710678118655 32.4
    endloop
  endfacet
  facet normal 0.5555702330196167 -0.8314696123025355 0
    outer loop
      vertex -71.00876142900873 -61.60664665970877 20.4
      vertex -70.9 -61.533974596215565 32.4
      vertex -71.00876142900873 -61.60664665970877 32.4
    endloop
  endfacet
  facet normal 0.4422886902189658 -0.8968727415327059 0
    outer loop
      vertex -70.9 -61.533974596215565 20.4
      vertex -70.78268343236509 -61.47612046748872 32.4
      vertex -70.9 -61.533974596215565 32.4
    endloop
  endfacet
  facet normal 0.32143946530317763 -0.9469301294951002 0
    outer loop
      vertex -70.78268343236509 -61.47612046748872 20.4
      vertex -70.65881904510253 -61.43407417371094 32.4
      vertex -70.78268343236509 -61.47612046748872 32.4
    endloop
  endfacet
  facet normal 0.19509032201610543 -0.980785280403235 0
    outer loop
      vertex -70.65881904510253 -61.43407417371094 20.4
      vertex -70.53052619222005 -61.4085551386262 32.4
      vertex -70.65881904510253 -61.43407417371094 32.4
    endloop
  endfacet
  facet normal 0.06540312923016899 -0.9978589232386017 0
    outer loop
      vertex -70.53052619222005 -61.4085551386262 20.4
      vertex -70.4 -61.400000000000006 32.4
      vertex -70.53052619222005 -61.4085551386262 32.4
    endloop
  endfacet
  facet normal -0.06540312923016899 -0.9978589232386017 0
    outer loop
      vertex -70.4 -61.400000000000006 20.4
      vertex -70.26947380777996 -61.4085551386262 32.4
      vertex -70.4 -61.400000000000006 32.4
    endloop
  endfacet
  facet normal -0.659345815100054 -0.7518398074789906 0
    outer loop
      vertex -69.79123857099128 -61.60664665970877 20.4
      vertex -69.69289321881345 -61.69289321881346 32.4
      vertex -69.79123857099128 -61.60664665970877 32.4
    endloop
  endfacet
  facet normal -0.7518398074789938 -0.6593458151000502 0
    outer loop
      vertex -69.69289321881345 -61.69289321881346 20.4
      vertex -69.60664665970877 -61.79123857099128 32.4
      vertex -69.69289321881345 -61.69289321881346 32.4
    endloop
  endfacet
  facet normal -0.19509032201610543 -0.980785280403235 0
    outer loop
      vertex -70.26947380777996 -61.4085551386262 20.4
      vertex -70.14118095489748 -61.43407417371094 32.4
      vertex -70.26947380777996 -61.4085551386262 32.4
    endloop
  endfacet
  facet normal -0.32143946530317763 -0.9469301294951002 0
    outer loop
      vertex -70.14118095489748 -61.43407417371094 20.4
      vertex -70.01731656763492 -61.47612046748872 32.4
      vertex -70.14118095489748 -61.43407417371094 32.4
    endloop
  endfacet
  facet normal -0.4422886902189658 -0.8968727415327059 0
    outer loop
      vertex -70.01731656763492 -61.47612046748872 20.4
      vertex -69.9 -61.533974596215565 32.4
      vertex -70.01731656763492 -61.47612046748872 32.4
    endloop
  endfacet
  facet normal -0.5555702330196167 -0.8314696123025355 0
    outer loop
      vertex -69.9 -61.533974596215565 20.4
      vertex -69.79123857099128 -61.60664665970877 32.4
      vertex -69.9 -61.533974596215565 32.4
    endloop
  endfacet
  facet normal -0.7518398074789938 0.6593458151000502 0
    outer loop
      vertex -69.60664665970877 -63.00876142900873 20.4
      vertex -69.69289321881345 -63.10710678118655 32.4
      vertex -69.60664665970877 -63.00876142900873 32.4
    endloop
  endfacet
  facet normal -0.8314696123025607 0.5555702330195792 0
    outer loop
      vertex -69.53397459621557 -62.900000000000006 20.4
      vertex -69.60664665970877 -63.00876142900873 32.4
      vertex -69.53397459621557 -62.900000000000006 32.4
    endloop
  endfacet
  facet normal -0.8968727415326521 0.44228869021907463 0
    outer loop
      vertex -69.47612046748871 -62.7826834323651 20.4
      vertex -69.53397459621557 -62.900000000000006 32.4
      vertex -69.47612046748871 -62.7826834323651 32.4
    endloop
  endfacet
  facet normal -0.946930129495128 0.32143946530309586 0
    outer loop
      vertex -69.43407417371094 -62.658819045102526 20.4
      vertex -69.47612046748871 -62.7826834323651 32.4
      vertex -69.43407417371094 -62.658819045102526 32.4
    endloop
  endfacet
  facet normal -0.9807852804032309 0.19509032201612625 0
    outer loop
      vertex -69.4085551386262 -62.53052619222006 20.4
      vertex -69.43407417371094 -62.658819045102526 32.4
      vertex -69.4085551386262 -62.53052619222006 32.4
    endloop
  endfacet
  facet normal -0.9978589232386021 0.06540312923016546 0
    outer loop
      vertex -69.4 -62.400000000000006 20.4
      vertex -69.4085551386262 -62.53052619222006 32.4
      vertex -69.4 -62.400000000000006 32.4
    endloop
  endfacet
  facet normal -0.9978589232386021 -0.06540312923016546 0
    outer loop
      vertex -69.4085551386262 -62.26947380777995 20.4
      vertex -69.4 -62.400000000000006 32.4
      vertex -69.4085551386262 -62.26947380777995 32.4
    endloop
  endfacet
  facet normal -0.9807852804032309 -0.19509032201612625 0
    outer loop
      vertex -69.43407417371094 -62.141180954897486 20.4
      vertex -69.4085551386262 -62.26947380777995 32.4
      vertex -69.43407417371094 -62.141180954897486 32.4
    endloop
  endfacet
  facet normal -0.8968727415326521 -0.44228869021907463 0
    outer loop
      vertex -69.53397459621557 -61.900000000000006 20.4
      vertex -69.47612046748871 -62.017316567634914 32.4
      vertex -69.53397459621557 -61.900000000000006 32.4
    endloop
  endfacet
  facet normal -0.946930129495128 -0.32143946530309586 0
    outer loop
      vertex -69.47612046748871 -62.017316567634914 20.4
      vertex -69.43407417371094 -62.141180954897486 32.4
      vertex -69.47612046748871 -62.017316567634914 32.4
    endloop
  endfacet
  facet normal -0.8314696123025607 -0.5555702330195792 0
    outer loop
      vertex -69.60664665970877 -61.79123857099128 20.4
      vertex -69.53397459621557 -61.900000000000006 32.4
      vertex -69.60664665970877 -61.79123857099128 32.4
    endloop
  endfacet
  facet normal 0 0 1
    outer loop
      vertex -71.36592582628907 62.141180954897486 20.4
      vertex -71.36592582628907 62.658819045102526 20.4
      vertex -71.39144486137381 62.26947380777995 20.4
    endloop
  endfacet
  facet normal 0 0 1
    outer loop
      vertex -71.39144486137381 62.26947380777995 20.4
      vertex -71.39144486137381 62.53052619222006 20.4
      vertex -71.4 62.400000000000006 20.4
    endloop
  endfacet
  facet normal 0 0 1
    outer loop
      vertex -71.39144486137381 62.26947380777995 20.4
      vertex -71.36592582628907 62.658819045102526 20.4
      vertex -71.39144486137381 62.53052619222006 20.4
    endloop
  endfacet
  facet normal 0 0 1
    outer loop
      vertex -71.26602540378444 61.900000000000006 20.4
      vertex -71.19335334029124 61.79123857099128 20.4
      vertex -71.19335334029124 63.00876142900873 20.4
    endloop
  endfacet
  facet normal 0 0 1
    outer loop
      vertex -71.26602540378444 61.900000000000006 20.4
      vertex -71.26602540378444 62.900000000000006 20.4
      vertex -71.3238795325113 62.017316567634914 20.4
    endloop
  endfacet
  facet normal 0 0 1
    outer loop
      vertex -71.3238795325113 62.017316567634914 20.4
      vertex -71.3238795325113 62.7826834323651 20.4
      vertex -71.36592582628907 62.141180954897486 20.4
    endloop
  endfacet
  facet normal 0 0 1
    outer loop
      vertex -71.19335334029124 61.79123857099128 20.4
      vertex -71.10710678118656 61.69289321881346 20.4
      vertex -71.10710678118656 63.10710678118655 20.4
    endloop
  endfacet
  facet normal 0 0 1
    outer loop
      vertex -71.10710678118656 61.69289321881346 20.4
      vertex -71.00876142900873 61.60664665970877 20.4
      vertex -71.00876142900873 63.19335334029124 20.4
    endloop
  endfacet
  facet normal 0 0 1
    outer loop
      vertex -71.36592582628907 62.141180954897486 20.4
      vertex -71.3238795325113 62.7826834323651 20.4
      vertex -71.36592582628907 62.658819045102526 20.4
    endloop
  endfacet
  facet normal 0 0 1
    outer loop
      vertex -71.3238795325113 62.017316567634914 20.4
      vertex -71.26602540378444 62.900000000000006 20.4
      vertex -71.3238795325113 62.7826834323651 20.4
    endloop
  endfacet
  facet normal 0 0 1
    outer loop
      vertex -71.26602540378444 61.900000000000006 20.4
      vertex -71.19335334029124 63.00876142900873 20.4
      vertex -71.26602540378444 62.900000000000006 20.4
    endloop
  endfacet
  facet normal 0 0 1
    outer loop
      vertex -71.19335334029124 61.79123857099128 20.4
      vertex -71.10710678118656 63.10710678118655 20.4
      vertex -71.19335334029124 63.00876142900873 20.4
    endloop
  endfacet
  facet normal 0 0 1
    outer loop
      vertex -71.10710678118656 61.69289321881346 20.4
      vertex -71.00876142900873 63.19335334029124 20.4
      vertex -71.10710678118656 63.10710678118655 20.4
    endloop
  endfacet
  facet normal 0 0 1
    outer loop
      vertex -70.9 61.533974596215565 20.4
      vertex -70.78268343236509 61.47612046748872 20.4
      vertex -70.78268343236509 63.32387953251129 20.4
    endloop
  endfacet
  facet normal 0 0 1
    outer loop
      vertex -70.78268343236509 61.47612046748872 20.4
      vertex -70.65881904510253 61.43407417371094 20.4
      vertex -70.65881904510253 63.36592582628907 20.4
    endloop
  endfacet
  facet normal 0 0 1
    outer loop
      vertex -70.65881904510253 61.43407417371094 20.4
      vertex -70.53052619222005 61.4085551386262 20.4
      vertex -70.53052619222005 63.39144486137381 20.4
    endloop
  endfacet
  facet normal 0 0 1
    outer loop
      vertex -70.53052619222005 61.4085551386262 20.4
      vertex -70.4 61.400000000000006 20.4
      vertex -70.4 63.400000000000006 20.4
    endloop
  endfacet
  facet normal 0 0 1
    outer loop
      vertex -70.4 61.400000000000006 20.4
      vertex -70.26947380777996 61.4085551386262 20.4
      vertex -70.26947380777996 63.39144486137381 20.4
    endloop
  endfacet
  facet normal 0 0 1
    outer loop
      vertex -70.26947380777996 61.4085551386262 20.4
      vertex -70.14118095489748 61.43407417371094 20.4
      vertex -70.14118095489748 63.36592582628907 20.4
    endloop
  endfacet
  facet normal 0 0 1
    outer loop
      vertex -70.14118095489748 61.43407417371094 20.4
      vertex -70.01731656763492 61.47612046748872 20.4
      vertex -70.01731656763492 63.32387953251129 20.4
    endloop
  endfacet
  facet normal 0 0 1
    outer loop
      vertex -70.01731656763492 61.47612046748872 20.4
      vertex -69.9 61.533974596215565 20.4
      vertex -69.9 63.26602540378445 20.4
    endloop
  endfacet
  facet normal 0 0 1
    outer loop
      vertex -69.9 61.533974596215565 20.4
      vertex -69.79123857099128 61.60664665970877 20.4
      vertex -69.79123857099128 63.19335334029124 20.4
    endloop
  endfacet
  facet normal 0 0 1
    outer loop
      vertex -70.9 61.533974596215565 20.4
      vertex -70.9 63.26602540378445 20.4
      vertex -71.00876142900873 61.60664665970877 20.4
    endloop
  endfacet
  facet normal 0 0 1
    outer loop
      vertex -71.00876142900873 61.60664665970877 20.4
      vertex -70.9 63.26602540378445 20.4
      vertex -71.00876142900873 63.19335334029124 20.4
    endloop
  endfacet
  facet normal 0 0 1
    outer loop
      vertex -70.9 61.533974596215565 20.4
      vertex -70.78268343236509 63.32387953251129 20.4
      vertex -70.9 63.26602540378445 20.4
    endloop
  endfacet
  facet normal 0 0 1
    outer loop
      vertex -70.78268343236509 61.47612046748872 20.4
      vertex -70.65881904510253 63.36592582628907 20.4
      vertex -70.78268343236509 63.32387953251129 20.4
    endloop
  endfacet
  facet normal 0 0 1
    outer loop
      vertex -70.65881904510253 61.43407417371094 20.4
      vertex -70.53052619222005 63.39144486137381 20.4
      vertex -70.65881904510253 63.36592582628907 20.4
    endloop
  endfacet
  facet normal 0 0 1
    outer loop
      vertex -70.53052619222005 61.4085551386262 20.4
      vertex -70.4 63.400000000000006 20.4
      vertex -70.53052619222005 63.39144486137381 20.4
    endloop
  endfacet
  facet normal 0 0 1
    outer loop
      vertex -70.4 61.400000000000006 20.4
      vertex -70.26947380777996 63.39144486137381 20.4
      vertex -70.4 63.400000000000006 20.4
    endloop
  endfacet
  facet normal 0 0 1
    outer loop
      vertex -69.79123857099128 61.60664665970877 20.4
      vertex -69.69289321881345 61.69289321881346 20.4
      vertex -69.69289321881345 63.10710678118655 20.4
    endloop
  endfacet
  facet normal 0 0 1
    outer loop
      vertex -69.79123857099128 61.60664665970877 20.4
      vertex -69.69289321881345 63.10710678118655 20.4
      vertex -69.79123857099128 63.19335334029124 20.4
    endloop
  endfacet
  facet normal 0 0 1
    outer loop
      vertex -69.69289321881345 61.69289321881346 20.4
      vertex -69.60664665970877 63.00876142900873 20.4
      vertex -69.69289321881345 63.10710678118655 20.4
    endloop
  endfacet
  facet normal 0 0 1
    outer loop
      vertex -70.26947380777996 61.4085551386262 20.4
      vertex -70.14118095489748 63.36592582628907 20.4
      vertex -70.26947380777996 63.39144486137381 20.4
    endloop
  endfacet
  facet normal 0 0 1
    outer loop
      vertex -70.14118095489748 61.43407417371094 20.4
      vertex -70.01731656763492 63.32387953251129 20.4
      vertex -70.14118095489748 63.36592582628907 20.4
    endloop
  endfacet
  facet normal 0 0 1
    outer loop
      vertex -70.01731656763492 61.47612046748872 20.4
      vertex -69.9 63.26602540378445 20.4
      vertex -70.01731656763492 63.32387953251129 20.4
    endloop
  endfacet
  facet normal 0 0 1
    outer loop
      vertex -69.9 61.533974596215565 20.4
      vertex -69.79123857099128 63.19335334029124 20.4
      vertex -69.9 63.26602540378445 20.4
    endloop
  endfacet
  facet normal 0 0 1
    outer loop
      vertex -69.69289321881345 61.69289321881346 20.4
      vertex -69.60664665970877 61.79123857099128 20.4
      vertex -69.60664665970877 63.00876142900873 20.4
    endloop
  endfacet
  facet normal 0 0 1
    outer loop
      vertex -69.60664665970877 61.79123857099128 20.4
      vertex -69.53397459621557 61.900000000000006 20.4
      vertex -69.53397459621557 62.900000000000006 20.4
    endloop
  endfacet
  facet normal 0 0 1
    outer loop
      vertex -69.53397459621557 61.900000000000006 20.4
      vertex -69.47612046748871 62.017316567634914 20.4
      vertex -69.47612046748871 62.7826834323651 20.4
    endloop
  endfacet
  facet normal 0 0 1
    outer loop
      vertex -69.47612046748871 62.017316567634914 20.4
      vertex -69.43407417371094 62.141180954897486 20.4
      vertex -69.43407417371094 62.658819045102526 20.4
    endloop
  endfacet
  facet normal 0 0 1
    outer loop
      vertex -69.43407417371094 62.141180954897486 20.4
      vertex -69.4085551386262 62.26947380777995 20.4
      vertex -69.4085551386262 62.53052619222006 20.4
    endloop
  endfacet
  facet normal 0 0 1
    outer loop
      vertex -69.53397459621557 61.900000000000006 20.4
      vertex -69.47612046748871 62.7826834323651 20.4
      vertex -69.53397459621557 62.900000000000006 20.4
    endloop
  endfacet
  facet normal 0 0 1
    outer loop
      vertex -69.60664665970877 61.79123857099128 20.4
      vertex -69.53397459621557 62.900000000000006 20.4
      vertex -69.60664665970877 63.00876142900873 20.4
    endloop
  endfacet
  facet normal 0 0 1
    outer loop
      vertex -69.47612046748871 62.017316567634914 20.4
      vertex -69.43407417371094 62.658819045102526 20.4
      vertex -69.47612046748871 62.7826834323651 20.4
    endloop
  endfacet
  facet normal 0 0 1
    outer loop
      vertex -69.4085551386262 62.26947380777995 20.4
      vertex -69.4 62.400000000000006 20.4
      vertex -69.4085551386262 62.53052619222006 20.4
    endloop
  endfacet
  facet normal 0 0 1
    outer loop
      vertex -69.43407417371094 62.141180954897486 20.4
      vertex -69.4085551386262 62.53052619222006 20.4
      vertex -69.43407417371094 62.658819045102526 20.4
    endloop
  endfacet
  facet normal 0.8314696123025607 0.5555702330195792 0
    outer loop
      vertex -71.26602540378444 61.900000000000006 20.4
      vertex -71.26602540378444 61.900000000000006 32.4
      vertex -71.19335334029124 61.79123857099128 20.4
    endloop
  endfacet
  facet normal 0.659345815100054 0.7518398074789906 0
    outer loop
      vertex -71.10710678118656 61.69289321881346 20.4
      vertex -71.10710678118656 61.69289321881346 32.4
      vertex -71.00876142900873 61.60664665970877 20.4
    endloop
  endfacet
  facet normal 0.7518398074789938 0.6593458151000502 0
    outer loop
      vertex -71.19335334029124 61.79123857099128 20.4
      vertex -71.19335334029124 61.79123857099128 32.4
      vertex -71.10710678118656 61.69289321881346 20.4
    endloop
  endfacet
  facet normal 0.8968727415326521 0.44228869021907463 0
    outer loop
      vertex -71.26602540378444 61.900000000000006 20.4
      vertex -71.3238795325113 62.017316567634914 20.4
      vertex -71.3238795325113 62.017316567634914 32.4
    endloop
  endfacet
  facet normal 0.946930129495128 0.32143946530309586 0
    outer loop
      vertex -71.3238795325113 62.017316567634914 20.4
      vertex -71.36592582628907 62.141180954897486 20.4
      vertex -71.36592582628907 62.141180954897486 32.4
    endloop
  endfacet
  facet normal 0.9807852804032309 0.19509032201612625 0
    outer loop
      vertex -71.36592582628907 62.141180954897486 20.4
      vertex -71.39144486137381 62.26947380777995 20.4
      vertex -71.39144486137381 62.26947380777995 32.4
    endloop
  endfacet
  facet normal 0.9978589232386021 0.06540312923016546 0
    outer loop
      vertex -71.39144486137381 62.26947380777995 20.4
      vertex -71.4 62.400000000000006 20.4
      vertex -71.4 62.400000000000006 32.4
    endloop
  endfacet
  facet normal 0.9978589232386021 -0.06540312923016546 0
    outer loop
      vertex -71.4 62.400000000000006 20.4
      vertex -71.39144486137381 62.53052619222006 20.4
      vertex -71.39144486137381 62.53052619222006 32.4
    endloop
  endfacet
  facet normal 0.9807852804032309 -0.19509032201612625 0
    outer loop
      vertex -71.39144486137381 62.53052619222006 20.4
      vertex -71.36592582628907 62.658819045102526 20.4
      vertex -71.36592582628907 62.658819045102526 32.4
    endloop
  endfacet
  facet normal 0.946930129495128 -0.32143946530309586 0
    outer loop
      vertex -71.36592582628907 62.658819045102526 20.4
      vertex -71.3238795325113 62.7826834323651 20.4
      vertex -71.3238795325113 62.7826834323651 32.4
    endloop
  endfacet
  facet normal 0.8968727415326521 -0.44228869021907463 0
    outer loop
      vertex -71.3238795325113 62.7826834323651 20.4
      vertex -71.26602540378444 62.900000000000006 20.4
      vertex -71.26602540378444 62.900000000000006 32.4
    endloop
  endfacet
  facet normal 0.8314696123025607 -0.5555702330195792 0
    outer loop
      vertex -71.26602540378444 62.900000000000006 20.4
      vertex -71.19335334029124 63.00876142900873 20.4
      vertex -71.19335334029124 63.00876142900873 32.4
    endloop
  endfacet
  facet normal 0.7518398074789938 -0.6593458151000502 0
    outer loop
      vertex -71.19335334029124 63.00876142900873 20.4
      vertex -71.10710678118656 63.10710678118655 20.4
      vertex -71.10710678118656 63.10710678118655 32.4
    endloop
  endfacet
  facet normal 0.659345815100054 -0.7518398074789906 0
    outer loop
      vertex -71.10710678118656 63.10710678118655 20.4
      vertex -71.00876142900873 63.19335334029124 20.4
      vertex -71.00876142900873 63.19335334029124 32.4
    endloop
  endfacet
  facet normal 0.4422886902189658 0.8968727415327059 0
    outer loop
      vertex -70.9 61.533974596215565 20.4
      vertex -70.9 61.533974596215565 32.4
      vertex -70.78268343236509 61.47612046748872 20.4
    endloop
  endfacet
  facet normal 0.5555702330196167 0.8314696123025355 0
    outer loop
      vertex -70.9 61.533974596215565 20.4
      vertex -71.00876142900873 61.60664665970877 20.4
      vertex -71.00876142900873 61.60664665970877 32.4
    endloop
  endfacet
  facet normal 0.32143946530317763 0.9469301294951002 0
    outer loop
      vertex -70.78268343236509 61.47612046748872 20.4
      vertex -70.78268343236509 61.47612046748872 32.4
      vertex -70.65881904510253 61.43407417371094 20.4
    endloop
  endfacet
  facet normal 0.19509032201610543 0.980785280403235 0
    outer loop
      vertex -70.65881904510253 61.43407417371094 20.4
      vertex -70.65881904510253 61.43407417371094 32.4
      vertex -70.53052619222005 61.4085551386262 20.4
    endloop
  endfacet
  facet normal 0.06540312923016899 0.9978589232386017 0
    outer loop
      vertex -70.53052619222005 61.4085551386262 20.4
      vertex -70.53052619222005 61.4085551386262 32.4
      vertex -70.4 61.400000000000006 20.4
    endloop
  endfacet
  facet normal -0.06540312923016899 0.9978589232386017 0
    outer loop
      vertex -70.4 61.400000000000006 20.4
      vertex -70.4 61.400000000000006 32.4
      vertex -70.26947380777996 61.4085551386262 20.4
    endloop
  endfacet
  facet normal -0.19509032201610543 0.980785280403235 0
    outer loop
      vertex -70.26947380777996 61.4085551386262 20.4
      vertex -70.26947380777996 61.4085551386262 32.4
      vertex -70.14118095489748 61.43407417371094 20.4
    endloop
  endfacet
  facet normal -0.32143946530317763 0.9469301294951002 0
    outer loop
      vertex -70.14118095489748 61.43407417371094 20.4
      vertex -70.14118095489748 61.43407417371094 32.4
      vertex -70.01731656763492 61.47612046748872 20.4
    endloop
  endfacet
  facet normal -0.4422886902189658 0.8968727415327059 0
    outer loop
      vertex -70.01731656763492 61.47612046748872 20.4
      vertex -70.01731656763492 61.47612046748872 32.4
      vertex -69.9 61.533974596215565 20.4
    endloop
  endfacet
  facet normal -0.5555702330196167 0.8314696123025355 0
    outer loop
      vertex -69.9 61.533974596215565 20.4
      vertex -69.9 61.533974596215565 32.4
      vertex -69.79123857099128 61.60664665970877 20.4
    endloop
  endfacet
  facet normal -0.659345815100054 0.7518398074789906 0
    outer loop
      vertex -69.79123857099128 61.60664665970877 20.4
      vertex -69.79123857099128 61.60664665970877 32.4
      vertex -69.69289321881345 61.69289321881346 20.4
    endloop
  endfacet
  facet normal -0.7518398074789938 0.6593458151000502 0
    outer loop
      vertex -69.69289321881345 61.69289321881346 20.4
      vertex -69.69289321881345 61.69289321881346 32.4
      vertex -69.60664665970877 61.79123857099128 20.4
    endloop
  endfacet
  facet normal -0.659345815100054 -0.7518398074789906 0
    outer loop
      vertex -69.69289321881345 63.10710678118655 20.4
      vertex -69.69289321881345 63.10710678118655 32.4
      vertex -69.79123857099128 63.19335334029124 20.4
    endloop
  endfacet
  facet normal -0.8314696123025607 0.5555702330195792 0
    outer loop
      vertex -69.60664665970877 61.79123857099128 20.4
      vertex -69.60664665970877 61.79123857099128 32.4
      vertex -69.53397459621557 61.900000000000006 20.4
    endloop
  endfacet
  facet normal -0.8968727415326521 0.44228869021907463 0
    outer loop
      vertex -69.53397459621557 61.900000000000006 20.4
      vertex -69.53397459621557 61.900000000000006 32.4
      vertex -69.47612046748871 62.017316567634914 20.4
    endloop
  endfacet
  facet normal -0.946930129495128 0.32143946530309586 0
    outer loop
      vertex -69.47612046748871 62.017316567634914 20.4
      vertex -69.47612046748871 62.017316567634914 32.4
      vertex -69.43407417371094 62.141180954897486 20.4
    endloop
  endfacet
  facet normal -0.9807852804032309 0.19509032201612625 0
    outer loop
      vertex -69.43407417371094 62.141180954897486 20.4
      vertex -69.43407417371094 62.141180954897486 32.4
      vertex -69.4085551386262 62.26947380777995 20.4
    endloop
  endfacet
  facet normal -0.9978589232386021 0.06540312923016546 0
    outer loop
      vertex -69.4085551386262 62.26947380777995 20.4
      vertex -69.4085551386262 62.26947380777995 32.4
      vertex -69.4 62.400000000000006 20.4
    endloop
  endfacet
  facet normal -0.9978589232386021 -0.06540312923016546 0
    outer loop
      vertex -69.4 62.400000000000006 20.4
      vertex -69.4 62.400000000000006 32.4
      vertex -69.4085551386262 62.53052619222006 20.4
    endloop
  endfacet
  facet normal -0.9807852804032309 -0.19509032201612625 0
    outer loop
      vertex -69.4085551386262 62.53052619222006 20.4
      vertex -69.4085551386262 62.53052619222006 32.4
      vertex -69.43407417371094 62.658819045102526 20.4
    endloop
  endfacet
  facet normal -0.8968727415326521 -0.44228869021907463 0
    outer loop
      vertex -69.47612046748871 62.7826834323651 20.4
      vertex -69.47612046748871 62.7826834323651 32.4
      vertex -69.53397459621557 62.900000000000006 20.4
    endloop
  endfacet
  facet normal -0.946930129495128 -0.32143946530309586 0
    outer loop
      vertex -69.47612046748871 62.7826834323651 20.4
      vertex -69.43407417371094 62.658819045102526 20.4
      vertex -69.43407417371094 62.658819045102526 32.4
    endloop
  endfacet
  facet normal -0.7518398074789938 -0.6593458151000502 0
    outer loop
      vertex -69.60664665970877 63.00876142900873 20.4
      vertex -69.60664665970877 63.00876142900873 32.4
      vertex -69.69289321881345 63.10710678118655 20.4
    endloop
  endfacet
  facet normal -0.8314696123025607 -0.5555702330195792 0
    outer loop
      vertex -69.60664665970877 63.00876142900873 20.4
      vertex -69.53397459621557 62.900000000000006 20.4
      vertex -69.53397459621557 62.900000000000006 32.4
    endloop
  endfacet
  facet normal 0.5555702330196167 -0.8314696123025355 0
    outer loop
      vertex -71.00876142900873 63.19335334029124 20.4
      vertex -70.9 63.26602540378445 20.4
      vertex -70.9 63.26602540378445 32.4
    endloop
  endfacet
  facet normal 0.4422886902189658 -0.8968727415327059 0
    outer loop
      vertex -70.9 63.26602540378445 20.4
      vertex -70.78268343236509 63.32387953251129 20.4
      vertex -70.78268343236509 63.32387953251129 32.4
    endloop
  endfacet
  facet normal 0.32143946530317763 -0.9469301294951002 0
    outer loop
      vertex -70.78268343236509 63.32387953251129 20.4
      vertex -70.65881904510253 63.36592582628907 20.4
      vertex -70.65881904510253 63.36592582628907 32.4
    endloop
  endfacet
  facet normal 0.19509032201610543 -0.980785280403235 0
    outer loop
      vertex -70.65881904510253 63.36592582628907 20.4
      vertex -70.53052619222005 63.39144486137381 20.4
      vertex -70.53052619222005 63.39144486137381 32.4
    endloop
  endfacet
  facet normal 0.06540312923016899 -0.9978589232386017 0
    outer loop
      vertex -70.53052619222005 63.39144486137381 20.4
      vertex -70.4 63.400000000000006 20.4
      vertex -70.4 63.400000000000006 32.4
    endloop
  endfacet
  facet normal -0.06540312923016899 -0.9978589232386017 0
    outer loop
      vertex -70.4 63.400000000000006 20.4
      vertex -70.26947380777996 63.39144486137381 20.4
      vertex -70.26947380777996 63.39144486137381 32.4
    endloop
  endfacet
  facet normal -0.19509032201610543 -0.980785280403235 0
    outer loop
      vertex -70.26947380777996 63.39144486137381 20.4
      vertex -70.14118095489748 63.36592582628907 20.4
      vertex -70.14118095489748 63.36592582628907 32.4
    endloop
  endfacet
  facet normal -0.32143946530317763 -0.9469301294951002 0
    outer loop
      vertex -70.14118095489748 63.36592582628907 20.4
      vertex -70.01731656763492 63.32387953251129 20.4
      vertex -70.01731656763492 63.32387953251129 32.4
    endloop
  endfacet
  facet normal -0.4422886902189658 -0.8968727415327059 0
    outer loop
      vertex -70.01731656763492 63.32387953251129 20.4
      vertex -69.9 63.26602540378445 20.4
      vertex -69.9 63.26602540378445 32.4
    endloop
  endfacet
  facet normal -0.5555702330196167 -0.8314696123025355 0
    outer loop
      vertex -69.79123857099128 63.19335334029124 20.4
      vertex -69.79123857099128 63.19335334029124 32.4
      vertex -69.9 63.26602540378445 20.4
    endloop
  endfacet
  facet normal 0.8314696123025607 0.5555702330195792 0
    outer loop
      vertex -71.19335334029124 61.79123857099128 20.4
      vertex -71.26602540378444 61.900000000000006 32.4
      vertex -71.19335334029124 61.79123857099128 32.4
    endloop
  endfacet
  facet normal 0.659345815100054 0.7518398074789906 0
    outer loop
      vertex -71.00876142900873 61.60664665970877 20.4
      vertex -71.10710678118656 61.69289321881346 32.4
      vertex -71.00876142900873 61.60664665970877 32.4
    endloop
  endfacet
  facet normal 0.7518398074789938 0.6593458151000502 0
    outer loop
      vertex -71.10710678118656 61.69289321881346 20.4
      vertex -71.19335334029124 61.79123857099128 32.4
      vertex -71.10710678118656 61.69289321881346 32.4
    endloop
  endfacet
  facet normal 0.8968727415326521 0.44228869021907463 0
    outer loop
      vertex -71.26602540378444 61.900000000000006 20.4
      vertex -71.3238795325113 62.017316567634914 32.4
      vertex -71.26602540378444 61.900000000000006 32.4
    endloop
  endfacet
  facet normal 0.946930129495128 0.32143946530309586 0
    outer loop
      vertex -71.3238795325113 62.017316567634914 20.4
      vertex -71.36592582628907 62.141180954897486 32.4
      vertex -71.3238795325113 62.017316567634914 32.4
    endloop
  endfacet
  facet normal 0.9807852804032309 0.19509032201612625 0
    outer loop
      vertex -71.36592582628907 62.141180954897486 20.4
      vertex -71.39144486137381 62.26947380777995 32.4
      vertex -71.36592582628907 62.141180954897486 32.4
    endloop
  endfacet
  facet normal 0.9978589232386021 0.06540312923016546 0
    outer loop
      vertex -71.39144486137381 62.26947380777995 20.4
      vertex -71.4 62.400000000000006 32.4
      vertex -71.39144486137381 62.26947380777995 32.4
    endloop
  endfacet
  facet normal 0.9978589232386021 -0.06540312923016546 0
    outer loop
      vertex -71.4 62.400000000000006 20.4
      vertex -71.39144486137381 62.53052619222006 32.4
      vertex -71.4 62.400000000000006 32.4
    endloop
  endfacet
  facet normal 0.9807852804032309 -0.19509032201612625 0
    outer loop
      vertex -71.39144486137381 62.53052619222006 20.4
      vertex -71.36592582628907 62.658819045102526 32.4
      vertex -71.39144486137381 62.53052619222006 32.4
    endloop
  endfacet
  facet normal 0.946930129495128 -0.32143946530309586 0
    outer loop
      vertex -71.36592582628907 62.658819045102526 20.4
      vertex -71.3238795325113 62.7826834323651 32.4
      vertex -71.36592582628907 62.658819045102526 32.4
    endloop
  endfacet
  facet normal 0.8968727415326521 -0.44228869021907463 0
    outer loop
      vertex -71.3238795325113 62.7826834323651 20.4
      vertex -71.26602540378444 62.900000000000006 32.4
      vertex -71.3238795325113 62.7826834323651 32.4
    endloop
  endfacet
  facet normal 0.8314696123025607 -0.5555702330195792 0
    outer loop
      vertex -71.26602540378444 62.900000000000006 20.4
      vertex -71.19335334029124 63.00876142900873 32.4
      vertex -71.26602540378444 62.900000000000006 32.4
    endloop
  endfacet
  facet normal 0.7518398074789938 -0.6593458151000502 0
    outer loop
      vertex -71.19335334029124 63.00876142900873 20.4
      vertex -71.10710678118656 63.10710678118655 32.4
      vertex -71.19335334029124 63.00876142900873 32.4
    endloop
  endfacet
  facet normal 0.659345815100054 -0.7518398074789906 0
    outer loop
      vertex -71.10710678118656 63.10710678118655 20.4
      vertex -71.00876142900873 63.19335334029124 32.4
      vertex -71.10710678118656 63.10710678118655 32.4
    endloop
  endfacet
  facet normal 0.5555702330196167 0.8314696123025355 0
    outer loop
      vertex -70.9 61.533974596215565 20.4
      vertex -71.00876142900873 61.60664665970877 32.4
      vertex -70.9 61.533974596215565 32.4
    endloop
  endfacet
  facet normal 0.32143946530317763 0.9469301294951002 0
    outer loop
      vertex -70.65881904510253 61.43407417371094 20.4
      vertex -70.78268343236509 61.47612046748872 32.4
      vertex -70.65881904510253 61.43407417371094 32.4
    endloop
  endfacet
  facet normal 0.4422886902189658 0.8968727415327059 0
    outer loop
      vertex -70.78268343236509 61.47612046748872 20.4
      vertex -70.9 61.533974596215565 32.4
      vertex -70.78268343236509 61.47612046748872 32.4
    endloop
  endfacet
  facet normal 0.19509032201610543 0.980785280403235 0
    outer loop
      vertex -70.53052619222005 61.4085551386262 20.4
      vertex -70.65881904510253 61.43407417371094 32.4
      vertex -70.53052619222005 61.4085551386262 32.4
    endloop
  endfacet
  facet normal 0.06540312923016899 0.9978589232386017 0
    outer loop
      vertex -70.4 61.400000000000006 20.4
      vertex -70.53052619222005 61.4085551386262 32.4
      vertex -70.4 61.400000000000006 32.4
    endloop
  endfacet
  facet normal -0.06540312923016899 0.9978589232386017 0
    outer loop
      vertex -70.26947380777996 61.4085551386262 20.4
      vertex -70.4 61.400000000000006 32.4
      vertex -70.26947380777996 61.4085551386262 32.4
    endloop
  endfacet
  facet normal -0.19509032201610543 0.980785280403235 0
    outer loop
      vertex -70.14118095489748 61.43407417371094 20.4
      vertex -70.26947380777996 61.4085551386262 32.4
      vertex -70.14118095489748 61.43407417371094 32.4
    endloop
  endfacet
  facet normal -0.32143946530317763 0.9469301294951002 0
    outer loop
      vertex -70.01731656763492 61.47612046748872 20.4
      vertex -70.14118095489748 61.43407417371094 32.4
      vertex -70.01731656763492 61.47612046748872 32.4
    endloop
  endfacet
  facet normal -0.4422886902189658 0.8968727415327059 0
    outer loop
      vertex -69.9 61.533974596215565 20.4
      vertex -70.01731656763492 61.47612046748872 32.4
      vertex -69.9 61.533974596215565 32.4
    endloop
  endfacet
  facet normal -0.5555702330196167 0.8314696123025355 0
    outer loop
      vertex -69.79123857099128 61.60664665970877 20.4
      vertex -69.9 61.533974596215565 32.4
      vertex -69.79123857099128 61.60664665970877 32.4
    endloop
  endfacet
  facet normal -0.659345815100054 0.7518398074789906 0
    outer loop
      vertex -69.69289321881345 61.69289321881346 20.4
      vertex -69.79123857099128 61.60664665970877 32.4
      vertex -69.69289321881345 61.69289321881346 32.4
    endloop
  endfacet
  facet normal -0.659345815100054 -0.7518398074789906 0
    outer loop
      vertex -69.79123857099128 63.19335334029124 20.4
      vertex -69.69289321881345 63.10710678118655 32.4
      vertex -69.79123857099128 63.19335334029124 32.4
    endloop
  endfacet
  facet normal -0.7518398074789938 -0.6593458151000502 0
    outer loop
      vertex -69.69289321881345 63.10710678118655 20.4
      vertex -69.60664665970877 63.00876142900873 32.4
      vertex -69.69289321881345 63.10710678118655 32.4
    endloop
  endfacet
  facet normal -0.7518398074789938 0.6593458151000502 0
    outer loop
      vertex -69.60664665970877 61.79123857099128 20.4
      vertex -69.69289321881345 61.69289321881346 32.4
      vertex -69.60664665970877 61.79123857099128 32.4
    endloop
  endfacet
  facet normal -0.8314696123025607 0.5555702330195792 0
    outer loop
      vertex -69.53397459621557 61.900000000000006 20.4
      vertex -69.60664665970877 61.79123857099128 32.4
      vertex -69.53397459621557 61.900000000000006 32.4
    endloop
  endfacet
  facet normal -0.8968727415326521 0.44228869021907463 0
    outer loop
      vertex -69.47612046748871 62.017316567634914 20.4
      vertex -69.53397459621557 61.900000000000006 32.4
      vertex -69.47612046748871 62.017316567634914 32.4
    endloop
  endfacet
  facet normal -0.946930129495128 0.32143946530309586 0
    outer loop
      vertex -69.43407417371094 62.141180954897486 20.4
      vertex -69.47612046748871 62.017316567634914 32.4
      vertex -69.43407417371094 62.141180954897486 32.4
    endloop
  endfacet
  facet normal -0.9807852804032309 0.19509032201612625 0
    outer loop
      vertex -69.4085551386262 62.26947380777995 20.4
      vertex -69.43407417371094 62.141180954897486 32.4
      vertex -69.4085551386262 62.26947380777995 32.4
    endloop
  endfacet
  facet normal -0.9978589232386021 0.06540312923016546 0
    outer loop
      vertex -69.4 62.400000000000006 20.4
      vertex -69.4085551386262 62.26947380777995 32.4
      vertex -69.4 62.400000000000006 32.4
    endloop
  endfacet
  facet normal -0.9978589232386021 -0.06540312923016546 0
    outer loop
      vertex -69.4085551386262 62.53052619222006 20.4
      vertex -69.4 62.400000000000006 32.4
      vertex -69.4085551386262 62.53052619222006 32.4
    endloop
  endfacet
  facet normal -0.9807852804032309 -0.19509032201612625 0
    outer loop
      vertex -69.43407417371094 62.658819045102526 20.4
      vertex -69.4085551386262 62.53052619222006 32.4
      vertex -69.43407417371094 62.658819045102526 32.4
    endloop
  endfacet
  facet normal -0.8968727415326521 -0.44228869021907463 0
    outer loop
      vertex -69.53397459621557 62.900000000000006 20.4
      vertex -69.47612046748871 62.7826834323651 32.4
      vertex -69.53397459621557 62.900000000000006 32.4
    endloop
  endfacet
  facet normal -0.946930129495128 -0.32143946530309586 0
    outer loop
      vertex -69.47612046748871 62.7826834323651 20.4
      vertex -69.43407417371094 62.658819045102526 32.4
      vertex -69.47612046748871 62.7826834323651 32.4
    endloop
  endfacet
  facet normal -0.8314696123025607 -0.5555702330195792 0
    outer loop
      vertex -69.60664665970877 63.00876142900873 20.4
      vertex -69.53397459621557 62.900000000000006 32.4
      vertex -69.60664665970877 63.00876142900873 32.4
    endloop
  endfacet
  facet normal 0.5555702330196167 -0.8314696123025355 0
    outer loop
      vertex -71.00876142900873 63.19335334029124 20.4
      vertex -70.9 63.26602540378445 32.4
      vertex -71.00876142900873 63.19335334029124 32.4
    endloop
  endfacet
  facet normal 0.4422886902189658 -0.8968727415327059 0
    outer loop
      vertex -70.9 63.26602540378445 20.4
      vertex -70.78268343236509 63.32387953251129 32.4
      vertex -70.9 63.26602540378445 32.4
    endloop
  endfacet
  facet normal 0.32143946530317763 -0.9469301294951002 0
    outer loop
      vertex -70.78268343236509 63.32387953251129 20.4
      vertex -70.65881904510253 63.36592582628907 32.4
      vertex -70.78268343236509 63.32387953251129 32.4
    endloop
  endfacet
  facet normal 0.19509032201610543 -0.980785280403235 0
    outer loop
      vertex -70.65881904510253 63.36592582628907 20.4
      vertex -70.53052619222005 63.39144486137381 32.4
      vertex -70.65881904510253 63.36592582628907 32.4
    endloop
  endfacet
  facet normal 0.06540312923016899 -0.9978589232386017 0
    outer loop
      vertex -70.53052619222005 63.39144486137381 20.4
      vertex -70.4 63.400000000000006 32.4
      vertex -70.53052619222005 63.39144486137381 32.4
    endloop
  endfacet
  facet normal -0.06540312923016899 -0.9978589232386017 0
    outer loop
      vertex -70.4 63.400000000000006 20.4
      vertex -70.26947380777996 63.39144486137381 32.4
      vertex -70.4 63.400000000000006 32.4
    endloop
  endfacet
  facet normal -0.19509032201610543 -0.980785280403235 0
    outer loop
      vertex -70.26947380777996 63.39144486137381 20.4
      vertex -70.14118095489748 63.36592582628907 32.4
      vertex -70.26947380777996 63.39144486137381 32.4
    endloop
  endfacet
  facet normal -0.32143946530317763 -0.9469301294951002 0
    outer loop
      vertex -70.14118095489748 63.36592582628907 20.4
      vertex -70.01731656763492 63.32387953251129 32.4
      vertex -70.14118095489748 63.36592582628907 32.4
    endloop
  endfacet
  facet normal -0.4422886902189658 -0.8968727415327059 0
    outer loop
      vertex -70.01731656763492 63.32387953251129 20.4
      vertex -69.9 63.26602540378445 32.4
      vertex -70.01731656763492 63.32387953251129 32.4
    endloop
  endfacet
  facet normal -0.5555702330196167 -0.8314696123025355 0
    outer loop
      vertex -69.9 63.26602540378445 20.4
      vertex -69.79123857099128 63.19335334029124 32.4
      vertex -69.9 63.26602540378445 32.4
    endloop
  endfacet
  facet normal 0 0 1
    outer loop
      vertex 69.43407417371094 -62.658819045102526 20.4
      vertex 69.43407417371094 -62.141180954897486 20.4
      vertex 69.4085551386262 -62.53052619222006 20.4
    endloop
  endfacet
  facet normal 0 0 1
    outer loop
      vertex 69.4085551386262 -62.53052619222006 20.4
      vertex 69.4085551386262 -62.26947380777995 20.4
      vertex 69.4 -62.400000000000006 20.4
    endloop
  endfacet
  facet normal 0 0 1
    outer loop
      vertex 69.43407417371094 -62.658819045102526 20.4
      vertex 69.47612046748871 -62.7826834323651 20.4
      vertex 69.47612046748871 -62.017316567634914 20.4
    endloop
  endfacet
  facet normal 0 0 1
    outer loop
      vertex 69.53397459621557 -62.900000000000006 20.4
      vertex 69.60664665970877 -63.00876142900873 20.4
      vertex 69.60664665970877 -61.79123857099128 20.4
    endloop
  endfacet
  facet normal 0 0 1
    outer loop
      vertex 69.53397459621557 -62.900000000000006 20.4
      vertex 69.53397459621557 -61.900000000000006 20.4
      vertex 69.47612046748871 -62.7826834323651 20.4
    endloop
  endfacet
  facet normal 0 0 1
    outer loop
      vertex 69.4085551386262 -62.53052619222006 20.4
      vertex 69.43407417371094 -62.141180954897486 20.4
      vertex 69.4085551386262 -62.26947380777995 20.4
    endloop
  endfacet
  facet normal 0 0 1
    outer loop
      vertex 69.43407417371094 -62.658819045102526 20.4
      vertex 69.47612046748871 -62.017316567634914 20.4
      vertex 69.43407417371094 -62.141180954897486 20.4
    endloop
  endfacet
  facet normal 0 0 1
    outer loop
      vertex 69.47612046748871 -62.7826834323651 20.4
      vertex 69.53397459621557 -61.900000000000006 20.4
      vertex 69.47612046748871 -62.017316567634914 20.4
    endloop
  endfacet
  facet normal 0 0 1
    outer loop
      vertex 69.53397459621557 -62.900000000000006 20.4
      vertex 69.60664665970877 -61.79123857099128 20.4
      vertex 69.53397459621557 -61.900000000000006 20.4
    endloop
  endfacet
  facet normal 0 0 1
    outer loop
      vertex 69.60664665970877 -63.00876142900873 20.4
      vertex 69.69289321881345 -61.69289321881346 20.4
      vertex 69.60664665970877 -61.79123857099128 20.4
    endloop
  endfacet
  facet normal 0 0 1
    outer loop
      vertex 69.79123857099128 -63.19335334029124 20.4
      vertex 69.9 -63.26602540378445 20.4
      vertex 69.9 -61.533974596215565 20.4
    endloop
  endfacet
  facet normal 0 0 1
    outer loop
      vertex 69.9 -63.26602540378445 20.4
      vertex 70.01731656763492 -63.32387953251129 20.4
      vertex 70.01731656763492 -61.47612046748872 20.4
    endloop
  endfacet
  facet normal 0 0 1
    outer loop
      vertex 70.01731656763492 -63.32387953251129 20.4
      vertex 70.14118095489748 -63.36592582628907 20.4
      vertex 70.14118095489748 -61.43407417371094 20.4
    endloop
  endfacet
  facet normal 0 0 1
    outer loop
      vertex 70.14118095489748 -63.36592582628907 20.4
      vertex 70.26947380777996 -63.39144486137381 20.4
      vertex 70.26947380777996 -61.4085551386262 20.4
    endloop
  endfacet
  facet normal 0 0 1
    outer loop
      vertex 69.79123857099128 -63.19335334029124 20.4
      vertex 69.79123857099128 -61.60664665970877 20.4
      vertex 69.69289321881345 -63.10710678118655 20.4
    endloop
  endfacet
  facet normal 0 0 1
    outer loop
      vertex 69.69289321881345 -63.10710678118655 20.4
      vertex 69.69289321881345 -61.69289321881346 20.4
      vertex 69.60664665970877 -63.00876142900873 20.4
    endloop
  endfacet
  facet normal 0 0 1
    outer loop
      vertex 69.69289321881345 -63.10710678118655 20.4
      vertex 69.79123857099128 -61.60664665970877 20.4
      vertex 69.69289321881345 -61.69289321881346 20.4
    endloop
  endfacet
  facet normal 0 0 1
    outer loop
      vertex 70.26947380777996 -63.39144486137381 20.4
      vertex 70.4 -63.400000000000006 20.4
      vertex 70.4 -61.400000000000006 20.4
    endloop
  endfacet
  facet normal 0 0 1
    outer loop
      vertex 70.4 -63.400000000000006 20.4
      vertex 70.53052619222005 -63.39144486137381 20.4
      vertex 70.53052619222005 -61.4085551386262 20.4
    endloop
  endfacet
  facet normal 0 0 1
    outer loop
      vertex 70.53052619222005 -63.39144486137381 20.4
      vertex 70.65881904510253 -63.36592582628907 20.4
      vertex 70.65881904510253 -61.43407417371094 20.4
    endloop
  endfacet
  facet normal 0 0 1
    outer loop
      vertex 70.65881904510253 -63.36592582628907 20.4
      vertex 70.78268343236509 -63.32387953251129 20.4
      vertex 70.78268343236509 -61.47612046748872 20.4
    endloop
  endfacet
  facet normal 0 0 1
    outer loop
      vertex 70.78268343236509 -63.32387953251129 20.4
      vertex 70.9 -63.26602540378445 20.4
      vertex 70.9 -61.533974596215565 20.4
    endloop
  endfacet
  facet normal 0 0 1
    outer loop
      vertex 70.9 -63.26602540378445 20.4
      vertex 71.00876142900873 -63.19335334029124 20.4
      vertex 71.00876142900873 -61.60664665970877 20.4
    endloop
  endfacet
  facet normal 0 0 1
    outer loop
      vertex 70.9 -63.26602540378445 20.4
      vertex 71.00876142900873 -61.60664665970877 20.4
      vertex 70.9 -61.533974596215565 20.4
    endloop
  endfacet
  facet normal 0 0 1
    outer loop
      vertex 69.79123857099128 -63.19335334029124 20.4
      vertex 69.9 -61.533974596215565 20.4
      vertex 69.79123857099128 -61.60664665970877 20.4
    endloop
  endfacet
  facet normal 0 0 1
    outer loop
      vertex 69.9 -63.26602540378445 20.4
      vertex 70.01731656763492 -61.47612046748872 20.4
      vertex 69.9 -61.533974596215565 20.4
    endloop
  endfacet
  facet normal 0 0 1
    outer loop
      vertex 70.01731656763492 -63.32387953251129 20.4
      vertex 70.14118095489748 -61.43407417371094 20.4
      vertex 70.01731656763492 -61.47612046748872 20.4
    endloop
  endfacet
  facet normal 0 0 1
    outer loop
      vertex 70.14118095489748 -63.36592582628907 20.4
      vertex 70.26947380777996 -61.4085551386262 20.4
      vertex 70.14118095489748 -61.43407417371094 20.4
    endloop
  endfacet
  facet normal 0 0 1
    outer loop
      vertex 70.26947380777996 -63.39144486137381 20.4
      vertex 70.4 -61.400000000000006 20.4
      vertex 70.26947380777996 -61.4085551386262 20.4
    endloop
  endfacet
  facet normal 0 0 1
    outer loop
      vertex 70.4 -63.400000000000006 20.4
      vertex 70.53052619222005 -61.4085551386262 20.4
      vertex 70.4 -61.400000000000006 20.4
    endloop
  endfacet
  facet normal 0 0 1
    outer loop
      vertex 70.53052619222005 -63.39144486137381 20.4
      vertex 70.65881904510253 -61.43407417371094 20.4
      vertex 70.53052619222005 -61.4085551386262 20.4
    endloop
  endfacet
  facet normal 0 0 1
    outer loop
      vertex 70.65881904510253 -63.36592582628907 20.4
      vertex 70.78268343236509 -61.47612046748872 20.4
      vertex 70.65881904510253 -61.43407417371094 20.4
    endloop
  endfacet
  facet normal 0 0 1
    outer loop
      vertex 70.78268343236509 -63.32387953251129 20.4
      vertex 70.9 -61.533974596215565 20.4
      vertex 70.78268343236509 -61.47612046748872 20.4
    endloop
  endfacet
  facet normal 0 0 1
    outer loop
      vertex 71.00876142900873 -63.19335334029124 20.4
      vertex 71.10710678118656 -63.10710678118655 20.4
      vertex 71.10710678118656 -61.69289321881346 20.4
    endloop
  endfacet
  facet normal 0 0 1
    outer loop
      vertex 71.10710678118656 -63.10710678118655 20.4
      vertex 71.19335334029124 -63.00876142900873 20.4
      vertex 71.19335334029124 -61.79123857099128 20.4
    endloop
  endfacet
  facet normal 0 0 1
    outer loop
      vertex 71.19335334029124 -63.00876142900873 20.4
      vertex 71.26602540378444 -62.900000000000006 20.4
      vertex 71.26602540378444 -61.900000000000006 20.4
    endloop
  endfacet
  facet normal 0 0 1
    outer loop
      vertex 71.26602540378444 -62.900000000000006 20.4
      vertex 71.3238795325113 -62.7826834323651 20.4
      vertex 71.3238795325113 -62.017316567634914 20.4
    endloop
  endfacet
  facet normal 0 0 1
    outer loop
      vertex 71.3238795325113 -62.7826834323651 20.4
      vertex 71.36592582628907 -62.658819045102526 20.4
      vertex 71.36592582628907 -62.141180954897486 20.4
    endloop
  endfacet
  facet normal 0 0 1
    outer loop
      vertex 71.00876142900873 -63.19335334029124 20.4
      vertex 71.10710678118656 -61.69289321881346 20.4
      vertex 71.00876142900873 -61.60664665970877 20.4
    endloop
  endfacet
  facet normal 0 0 1
    outer loop
      vertex 71.10710678118656 -63.10710678118655 20.4
      vertex 71.19335334029124 -61.79123857099128 20.4
      vertex 71.10710678118656 -61.69289321881346 20.4
    endloop
  endfacet
  facet normal 0 0 1
    outer loop
      vertex 71.3238795325113 -62.7826834323651 20.4
      vertex 71.36592582628907 -62.141180954897486 20.4
      vertex 71.3238795325113 -62.017316567634914 20.4
    endloop
  endfacet
  facet normal 0 0 1
    outer loop
      vertex 71.26602540378444 -62.900000000000006 20.4
      vertex 71.3238795325113 -62.017316567634914 20.4
      vertex 71.26602540378444 -61.900000000000006 20.4
    endloop
  endfacet
  facet normal 0 0 1
    outer loop
      vertex 71.19335334029124 -63.00876142900873 20.4
      vertex 71.26602540378444 -61.900000000000006 20.4
      vertex 71.19335334029124 -61.79123857099128 20.4
    endloop
  endfacet
  facet normal 0 0 1
    outer loop
      vertex 71.36592582628907 -62.658819045102526 20.4
      vertex 71.39144486137381 -62.53052619222006 20.4
      vertex 71.39144486137381 -62.26947380777995 20.4
    endloop
  endfacet
  facet normal 0 0 1
    outer loop
      vertex 71.39144486137381 -62.53052619222006 20.4
      vertex 71.4 -62.400000000000006 20.4
      vertex 71.39144486137381 -62.26947380777995 20.4
    endloop
  endfacet
  facet normal 0 0 1
    outer loop
      vertex 71.36592582628907 -62.658819045102526 20.4
      vertex 71.39144486137381 -62.26947380777995 20.4
      vertex 71.36592582628907 -62.141180954897486 20.4
    endloop
  endfacet
  facet normal 0.5555702330196167 0.8314696123025355 0
    outer loop
      vertex 69.79123857099128 -63.19335334029124 20.4
      vertex 69.79123857099128 -63.19335334029124 32.4
      vertex 69.9 -63.26602540378445 20.4
    endloop
  endfacet
  facet normal 0.4422886902189658 0.8968727415327059 0
    outer loop
      vertex 69.9 -63.26602540378445 20.4
      vertex 69.9 -63.26602540378445 32.4
      vertex 70.01731656763492 -63.32387953251129 20.4
    endloop
  endfacet
  facet normal 0.32143946530317763 0.9469301294951002 0
    outer loop
      vertex 70.01731656763492 -63.32387953251129 20.4
      vertex 70.01731656763492 -63.32387953251129 32.4
      vertex 70.14118095489748 -63.36592582628907 20.4
    endloop
  endfacet
  facet normal 0.19509032201610543 0.980785280403235 0
    outer loop
      vertex 70.14118095489748 -63.36592582628907 20.4
      vertex 70.14118095489748 -63.36592582628907 32.4
      vertex 70.26947380777996 -63.39144486137381 20.4
    endloop
  endfacet
  facet normal 0.06540312923016899 0.9978589232386017 0
    outer loop
      vertex 70.26947380777996 -63.39144486137381 20.4
      vertex 70.26947380777996 -63.39144486137381 32.4
      vertex 70.4 -63.400000000000006 20.4
    endloop
  endfacet
  facet normal -0.06540312923016899 0.9978589232386017 0
    outer loop
      vertex 70.4 -63.400000000000006 20.4
      vertex 70.4 -63.400000000000006 32.4
      vertex 70.53052619222005 -63.39144486137381 20.4
    endloop
  endfacet
  facet normal -0.19509032201610543 0.980785280403235 0
    outer loop
      vertex 70.53052619222005 -63.39144486137381 20.4
      vertex 70.53052619222005 -63.39144486137381 32.4
      vertex 70.65881904510253 -63.36592582628907 20.4
    endloop
  endfacet
  facet normal -0.32143946530317763 0.9469301294951002 0
    outer loop
      vertex 70.65881904510253 -63.36592582628907 20.4
      vertex 70.65881904510253 -63.36592582628907 32.4
      vertex 70.78268343236509 -63.32387953251129 20.4
    endloop
  endfacet
  facet normal -0.4422886902189658 0.8968727415327059 0
    outer loop
      vertex 70.78268343236509 -63.32387953251129 20.4
      vertex 70.78268343236509 -63.32387953251129 32.4
      vertex 70.9 -63.26602540378445 20.4
    endloop
  endfacet
  facet normal -0.5555702330196167 0.8314696123025355 0
    outer loop
      vertex 70.9 -63.26602540378445 20.4
      vertex 70.9 -63.26602540378445 32.4
      vertex 71.00876142900873 -63.19335334029124 20.4
    endloop
  endfacet
  facet normal 0.8314696123025607 0.5555702330195792 0
    outer loop
      vertex 69.53397459621557 -62.900000000000006 20.4
      vertex 69.53397459621557 -62.900000000000006 32.4
      vertex 69.60664665970877 -63.00876142900873 20.4
    endloop
  endfacet
  facet normal 0.7518398074789938 0.6593458151000502 0
    outer loop
      vertex 69.69289321881345 -63.10710678118655 20.4
      vertex 69.60664665970877 -63.00876142900873 20.4
      vertex 69.60664665970877 -63.00876142900873 32.4
    endloop
  endfacet
  facet normal 0.946930129495128 0.32143946530309586 0
    outer loop
      vertex 69.43407417371094 -62.658819045102526 20.4
      vertex 69.43407417371094 -62.658819045102526 32.4
      vertex 69.47612046748871 -62.7826834323651 20.4
    endloop
  endfacet
  facet normal 0.8968727415326521 0.44228869021907463 0
    outer loop
      vertex 69.53397459621557 -62.900000000000006 20.4
      vertex 69.47612046748871 -62.7826834323651 20.4
      vertex 69.47612046748871 -62.7826834323651 32.4
    endloop
  endfacet
  facet normal 0.9807852804032309 0.19509032201612625 0
    outer loop
      vertex 69.43407417371094 -62.658819045102526 20.4
      vertex 69.4085551386262 -62.53052619222006 20.4
      vertex 69.4085551386262 -62.53052619222006 32.4
    endloop
  endfacet
  facet normal 0.9978589232386021 0.06540312923016546 0
    outer loop
      vertex 69.4085551386262 -62.53052619222006 20.4
      vertex 69.4 -62.400000000000006 20.4
      vertex 69.4 -62.400000000000006 32.4
    endloop
  endfacet
  facet normal 0.9978589232386021 -0.06540312923016546 0
    outer loop
      vertex 69.4 -62.400000000000006 20.4
      vertex 69.4085551386262 -62.26947380777995 20.4
      vertex 69.4085551386262 -62.26947380777995 32.4
    endloop
  endfacet
  facet normal 0.9807852804032309 -0.19509032201612625 0
    outer loop
      vertex 69.4085551386262 -62.26947380777995 20.4
      vertex 69.43407417371094 -62.141180954897486 20.4
      vertex 69.43407417371094 -62.141180954897486 32.4
    endloop
  endfacet
  facet normal 0.946930129495128 -0.32143946530309586 0
    outer loop
      vertex 69.43407417371094 -62.141180954897486 20.4
      vertex 69.47612046748871 -62.017316567634914 20.4
      vertex 69.47612046748871 -62.017316567634914 32.4
    endloop
  endfacet
  facet normal 0.8968727415326521 -0.44228869021907463 0
    outer loop
      vertex 69.47612046748871 -62.017316567634914 20.4
      vertex 69.53397459621557 -61.900000000000006 20.4
      vertex 69.53397459621557 -61.900000000000006 32.4
    endloop
  endfacet
  facet normal 0.8314696123025607 -0.5555702330195792 0
    outer loop
      vertex 69.53397459621557 -61.900000000000006 20.4
      vertex 69.60664665970877 -61.79123857099128 20.4
      vertex 69.60664665970877 -61.79123857099128 32.4
    endloop
  endfacet
  facet normal 0.659345815100054 0.7518398074789906 0
    outer loop
      vertex 69.79123857099128 -63.19335334029124 20.4
      vertex 69.69289321881345 -63.10710678118655 20.4
      vertex 69.69289321881345 -63.10710678118655 32.4
    endloop
  endfacet
  facet normal 0.7518398074789938 -0.6593458151000502 0
    outer loop
      vertex 69.60664665970877 -61.79123857099128 20.4
      vertex 69.69289321881345 -61.69289321881346 20.4
      vertex 69.69289321881345 -61.69289321881346 32.4
    endloop
  endfacet
  facet normal 0.659345815100054 -0.7518398074789906 0
    outer loop
      vertex 69.69289321881345 -61.69289321881346 20.4
      vertex 69.79123857099128 -61.60664665970877 20.4
      vertex 69.79123857099128 -61.60664665970877 32.4
    endloop
  endfacet
  facet normal 0.5555702330196167 -0.8314696123025355 0
    outer loop
      vertex 69.79123857099128 -61.60664665970877 20.4
      vertex 69.9 -61.533974596215565 20.4
      vertex 69.9 -61.533974596215565 32.4
    endloop
  endfacet
  facet normal 0.4422886902189658 -0.8968727415327059 0
    outer loop
      vertex 69.9 -61.533974596215565 20.4
      vertex 70.01731656763492 -61.47612046748872 20.4
      vertex 70.01731656763492 -61.47612046748872 32.4
    endloop
  endfacet
  facet normal 0.32143946530317763 -0.9469301294951002 0
    outer loop
      vertex 70.01731656763492 -61.47612046748872 20.4
      vertex 70.14118095489748 -61.43407417371094 20.4
      vertex 70.14118095489748 -61.43407417371094 32.4
    endloop
  endfacet
  facet normal 0.19509032201610543 -0.980785280403235 0
    outer loop
      vertex 70.14118095489748 -61.43407417371094 20.4
      vertex 70.26947380777996 -61.4085551386262 20.4
      vertex 70.26947380777996 -61.4085551386262 32.4
    endloop
  endfacet
  facet normal 0.06540312923016899 -0.9978589232386017 0
    outer loop
      vertex 70.26947380777996 -61.4085551386262 20.4
      vertex 70.4 -61.400000000000006 20.4
      vertex 70.4 -61.400000000000006 32.4
    endloop
  endfacet
  facet normal -0.06540312923016899 -0.9978589232386017 0
    outer loop
      vertex 70.4 -61.400000000000006 20.4
      vertex 70.53052619222005 -61.4085551386262 20.4
      vertex 70.53052619222005 -61.4085551386262 32.4
    endloop
  endfacet
  facet normal -0.19509032201610543 -0.980785280403235 0
    outer loop
      vertex 70.53052619222005 -61.4085551386262 20.4
      vertex 70.65881904510253 -61.43407417371094 20.4
      vertex 70.65881904510253 -61.43407417371094 32.4
    endloop
  endfacet
  facet normal -0.32143946530317763 -0.9469301294951002 0
    outer loop
      vertex 70.65881904510253 -61.43407417371094 20.4
      vertex 70.78268343236509 -61.47612046748872 20.4
      vertex 70.78268343236509 -61.47612046748872 32.4
    endloop
  endfacet
  facet normal -0.4422886902189658 -0.8968727415327059 0
    outer loop
      vertex 70.78268343236509 -61.47612046748872 20.4
      vertex 70.9 -61.533974596215565 20.4
      vertex 70.9 -61.533974596215565 32.4
    endloop
  endfacet
  facet normal -0.5555702330196167 -0.8314696123025355 0
    outer loop
      vertex 70.9 -61.533974596215565 20.4
      vertex 71.00876142900873 -61.60664665970877 20.4
      vertex 71.00876142900873 -61.60664665970877 32.4
    endloop
  endfacet
  facet normal -0.659345815100054 0.7518398074789906 0
    outer loop
      vertex 71.00876142900873 -63.19335334029124 20.4
      vertex 71.00876142900873 -63.19335334029124 32.4
      vertex 71.10710678118656 -63.10710678118655 20.4
    endloop
  endfacet
  facet normal -0.7518398074789938 0.6593458151000502 0
    outer loop
      vertex 71.10710678118656 -63.10710678118655 20.4
      vertex 71.10710678118656 -63.10710678118655 32.4
      vertex 71.19335334029124 -63.00876142900873 20.4
    endloop
  endfacet
  facet normal -0.8314696123025607 0.5555702330195792 0
    outer loop
      vertex 71.19335334029124 -63.00876142900873 20.4
      vertex 71.19335334029124 -63.00876142900873 32.4
      vertex 71.26602540378444 -62.900000000000006 20.4
    endloop
  endfacet
  facet normal -0.8968727415326521 0.44228869021907463 0
    outer loop
      vertex 71.26602540378444 -62.900000000000006 20.4
      vertex 71.26602540378444 -62.900000000000006 32.4
      vertex 71.3238795325113 -62.7826834323651 20.4
    endloop
  endfacet
  facet normal -0.946930129495128 0.32143946530309586 0
    outer loop
      vertex 71.3238795325113 -62.7826834323651 20.4
      vertex 71.3238795325113 -62.7826834323651 32.4
      vertex 71.36592582628907 -62.658819045102526 20.4
    endloop
  endfacet
  facet normal -0.9807852804032309 0.19509032201612625 0
    outer loop
      vertex 71.36592582628907 -62.658819045102526 20.4
      vertex 71.36592582628907 -62.658819045102526 32.4
      vertex 71.39144486137381 -62.53052619222006 20.4
    endloop
  endfacet
  facet normal -0.9978589232386021 0.06540312923016546 0
    outer loop
      vertex 71.39144486137381 -62.53052619222006 20.4
      vertex 71.39144486137381 -62.53052619222006 32.4
      vertex 71.4 -62.400000000000006 20.4
    endloop
  endfacet
  facet normal -0.9978589232386021 -0.06540312923016546 0
    outer loop
      vertex 71.4 -62.400000000000006 20.4
      vertex 71.4 -62.400000000000006 32.4
      vertex 71.39144486137381 -62.26947380777995 20.4
    endloop
  endfacet
  facet normal -0.9807852804032309 -0.19509032201612625 0
    outer loop
      vertex 71.39144486137381 -62.26947380777995 20.4
      vertex 71.39144486137381 -62.26947380777995 32.4
      vertex 71.36592582628907 -62.141180954897486 20.4
    endloop
  endfacet
  facet normal -0.946930129495128 -0.32143946530309586 0
    outer loop
      vertex 71.36592582628907 -62.141180954897486 20.4
      vertex 71.36592582628907 -62.141180954897486 32.4
      vertex 71.3238795325113 -62.017316567634914 20.4
    endloop
  endfacet
  facet normal -0.8968727415326521 -0.44228869021907463 0
    outer loop
      vertex 71.3238795325113 -62.017316567634914 20.4
      vertex 71.3238795325113 -62.017316567634914 32.4
      vertex 71.26602540378444 -61.900000000000006 20.4
    endloop
  endfacet
  facet normal -0.7518398074789938 -0.6593458151000502 0
    outer loop
      vertex 71.19335334029124 -61.79123857099128 20.4
      vertex 71.19335334029124 -61.79123857099128 32.4
      vertex 71.10710678118656 -61.69289321881346 20.4
    endloop
  endfacet
  facet normal -0.659345815100054 -0.7518398074789906 0
    outer loop
      vertex 71.00876142900873 -61.60664665970877 20.4
      vertex 71.10710678118656 -61.69289321881346 20.4
      vertex 71.10710678118656 -61.69289321881346 32.4
    endloop
  endfacet
  facet normal -0.8314696123025607 -0.5555702330195792 0
    outer loop
      vertex 71.19335334029124 -61.79123857099128 20.4
      vertex 71.26602540378444 -61.900000000000006 20.4
      vertex 71.26602540378444 -61.900000000000006 32.4
    endloop
  endfacet
  facet normal 0.5555702330196167 0.8314696123025355 0
    outer loop
      vertex 69.9 -63.26602540378445 20.4
      vertex 69.79123857099128 -63.19335334029124 32.4
      vertex 69.9 -63.26602540378445 32.4
    endloop
  endfacet
  facet normal 0.4422886902189658 0.8968727415327059 0
    outer loop
      vertex 70.01731656763492 -63.32387953251129 20.4
      vertex 69.9 -63.26602540378445 32.4
      vertex 70.01731656763492 -63.32387953251129 32.4
    endloop
  endfacet
  facet normal 0.32143946530317763 0.9469301294951002 0
    outer loop
      vertex 70.14118095489748 -63.36592582628907 20.4
      vertex 70.01731656763492 -63.32387953251129 32.4
      vertex 70.14118095489748 -63.36592582628907 32.4
    endloop
  endfacet
  facet normal 0.19509032201610543 0.980785280403235 0
    outer loop
      vertex 70.26947380777996 -63.39144486137381 20.4
      vertex 70.14118095489748 -63.36592582628907 32.4
      vertex 70.26947380777996 -63.39144486137381 32.4
    endloop
  endfacet
  facet normal 0.06540312923016899 0.9978589232386017 0
    outer loop
      vertex 70.4 -63.400000000000006 20.4
      vertex 70.26947380777996 -63.39144486137381 32.4
      vertex 70.4 -63.400000000000006 32.4
    endloop
  endfacet
  facet normal -0.06540312923016899 0.9978589232386017 0
    outer loop
      vertex 70.53052619222005 -63.39144486137381 20.4
      vertex 70.4 -63.400000000000006 32.4
      vertex 70.53052619222005 -63.39144486137381 32.4
    endloop
  endfacet
  facet normal -0.19509032201610543 0.980785280403235 0
    outer loop
      vertex 70.65881904510253 -63.36592582628907 20.4
      vertex 70.53052619222005 -63.39144486137381 32.4
      vertex 70.65881904510253 -63.36592582628907 32.4
    endloop
  endfacet
  facet normal -0.32143946530317763 0.9469301294951002 0
    outer loop
      vertex 70.78268343236509 -63.32387953251129 20.4
      vertex 70.65881904510253 -63.36592582628907 32.4
      vertex 70.78268343236509 -63.32387953251129 32.4
    endloop
  endfacet
  facet normal -0.4422886902189658 0.8968727415327059 0
    outer loop
      vertex 70.9 -63.26602540378445 20.4
      vertex 70.78268343236509 -63.32387953251129 32.4
      vertex 70.9 -63.26602540378445 32.4
    endloop
  endfacet
  facet normal -0.5555702330196167 0.8314696123025355 0
    outer loop
      vertex 71.00876142900873 -63.19335334029124 20.4
      vertex 70.9 -63.26602540378445 32.4
      vertex 71.00876142900873 -63.19335334029124 32.4
    endloop
  endfacet
  facet normal 0.8314696123025607 0.5555702330195792 0
    outer loop
      vertex 69.60664665970877 -63.00876142900873 20.4
      vertex 69.53397459621557 -62.900000000000006 32.4
      vertex 69.60664665970877 -63.00876142900873 32.4
    endloop
  endfacet
  facet normal 0.946930129495128 0.32143946530309586 0
    outer loop
      vertex 69.47612046748871 -62.7826834323651 20.4
      vertex 69.43407417371094 -62.658819045102526 32.4
      vertex 69.47612046748871 -62.7826834323651 32.4
    endloop
  endfacet
  facet normal 0.8968727415326521 0.44228869021907463 0
    outer loop
      vertex 69.53397459621557 -62.900000000000006 20.4
      vertex 69.47612046748871 -62.7826834323651 32.4
      vertex 69.53397459621557 -62.900000000000006 32.4
    endloop
  endfacet
  facet normal 0.9807852804032309 0.19509032201612625 0
    outer loop
      vertex 69.43407417371094 -62.658819045102526 20.4
      vertex 69.4085551386262 -62.53052619222006 32.4
      vertex 69.43407417371094 -62.658819045102526 32.4
    endloop
  endfacet
  facet normal 0.9978589232386021 0.06540312923016546 0
    outer loop
      vertex 69.4085551386262 -62.53052619222006 20.4
      vertex 69.4 -62.400000000000006 32.4
      vertex 69.4085551386262 -62.53052619222006 32.4
    endloop
  endfacet
  facet normal 0.9978589232386021 -0.06540312923016546 0
    outer loop
      vertex 69.4 -62.400000000000006 20.4
      vertex 69.4085551386262 -62.26947380777995 32.4
      vertex 69.4 -62.400000000000006 32.4
    endloop
  endfacet
  facet normal 0.9807852804032309 -0.19509032201612625 0
    outer loop
      vertex 69.4085551386262 -62.26947380777995 20.4
      vertex 69.43407417371094 -62.141180954897486 32.4
      vertex 69.4085551386262 -62.26947380777995 32.4
    endloop
  endfacet
  facet normal 0.946930129495128 -0.32143946530309586 0
    outer loop
      vertex 69.43407417371094 -62.141180954897486 20.4
      vertex 69.47612046748871 -62.017316567634914 32.4
      vertex 69.43407417371094 -62.141180954897486 32.4
    endloop
  endfacet
  facet normal 0.8968727415326521 -0.44228869021907463 0
    outer loop
      vertex 69.47612046748871 -62.017316567634914 20.4
      vertex 69.53397459621557 -61.900000000000006 32.4
      vertex 69.47612046748871 -62.017316567634914 32.4
    endloop
  endfacet
  facet normal 0.8314696123025607 -0.5555702330195792 0
    outer loop
      vertex 69.53397459621557 -61.900000000000006 20.4
      vertex 69.60664665970877 -61.79123857099128 32.4
      vertex 69.53397459621557 -61.900000000000006 32.4
    endloop
  endfacet
  facet normal 0.7518398074789938 -0.6593458151000502 0
    outer loop
      vertex 69.60664665970877 -61.79123857099128 20.4
      vertex 69.69289321881345 -61.69289321881346 32.4
      vertex 69.60664665970877 -61.79123857099128 32.4
    endloop
  endfacet
  facet normal 0.659345815100054 0.7518398074789906 0
    outer loop
      vertex 69.79123857099128 -63.19335334029124 20.4
      vertex 69.69289321881345 -63.10710678118655 32.4
      vertex 69.79123857099128 -63.19335334029124 32.4
    endloop
  endfacet
  facet normal 0.7518398074789938 0.6593458151000502 0
    outer loop
      vertex 69.69289321881345 -63.10710678118655 20.4
      vertex 69.60664665970877 -63.00876142900873 32.4
      vertex 69.69289321881345 -63.10710678118655 32.4
    endloop
  endfacet
  facet normal 0.659345815100054 -0.7518398074789906 0
    outer loop
      vertex 69.69289321881345 -61.69289321881346 20.4
      vertex 69.79123857099128 -61.60664665970877 32.4
      vertex 69.69289321881345 -61.69289321881346 32.4
    endloop
  endfacet
  facet normal 0.5555702330196167 -0.8314696123025355 0
    outer loop
      vertex 69.79123857099128 -61.60664665970877 20.4
      vertex 69.9 -61.533974596215565 32.4
      vertex 69.79123857099128 -61.60664665970877 32.4
    endloop
  endfacet
  facet normal 0.4422886902189658 -0.8968727415327059 0
    outer loop
      vertex 69.9 -61.533974596215565 20.4
      vertex 70.01731656763492 -61.47612046748872 32.4
      vertex 69.9 -61.533974596215565 32.4
    endloop
  endfacet
  facet normal 0.32143946530317763 -0.9469301294951002 0
    outer loop
      vertex 70.01731656763492 -61.47612046748872 20.4
      vertex 70.14118095489748 -61.43407417371094 32.4
      vertex 70.01731656763492 -61.47612046748872 32.4
    endloop
  endfacet
  facet normal 0.19509032201610543 -0.980785280403235 0
    outer loop
      vertex 70.14118095489748 -61.43407417371094 20.4
      vertex 70.26947380777996 -61.4085551386262 32.4
      vertex 70.14118095489748 -61.43407417371094 32.4
    endloop
  endfacet
  facet normal 0.06540312923016899 -0.9978589232386017 0
    outer loop
      vertex 70.26947380777996 -61.4085551386262 20.4
      vertex 70.4 -61.400000000000006 32.4
      vertex 70.26947380777996 -61.4085551386262 32.4
    endloop
  endfacet
  facet normal -0.06540312923016899 -0.9978589232386017 0
    outer loop
      vertex 70.4 -61.400000000000006 20.4
      vertex 70.53052619222005 -61.4085551386262 32.4
      vertex 70.4 -61.400000000000006 32.4
    endloop
  endfacet
  facet normal -0.19509032201610543 -0.980785280403235 0
    outer loop
      vertex 70.53052619222005 -61.4085551386262 20.4
      vertex 70.65881904510253 -61.43407417371094 32.4
      vertex 70.53052619222005 -61.4085551386262 32.4
    endloop
  endfacet
  facet normal -0.4422886902189658 -0.8968727415327059 0
    outer loop
      vertex 70.78268343236509 -61.47612046748872 20.4
      vertex 70.9 -61.533974596215565 32.4
      vertex 70.78268343236509 -61.47612046748872 32.4
    endloop
  endfacet
  facet normal -0.32143946530317763 -0.9469301294951002 0
    outer loop
      vertex 70.65881904510253 -61.43407417371094 20.4
      vertex 70.78268343236509 -61.47612046748872 32.4
      vertex 70.65881904510253 -61.43407417371094 32.4
    endloop
  endfacet
  facet normal -0.5555702330196167 -0.8314696123025355 0
    outer loop
      vertex 70.9 -61.533974596215565 20.4
      vertex 71.00876142900873 -61.60664665970877 32.4
      vertex 70.9 -61.533974596215565 32.4
    endloop
  endfacet
  facet normal -0.659345815100054 0.7518398074789906 0
    outer loop
      vertex 71.10710678118656 -63.10710678118655 20.4
      vertex 71.00876142900873 -63.19335334029124 32.4
      vertex 71.10710678118656 -63.10710678118655 32.4
    endloop
  endfacet
  facet normal -0.7518398074789938 0.6593458151000502 0
    outer loop
      vertex 71.19335334029124 -63.00876142900873 20.4
      vertex 71.10710678118656 -63.10710678118655 32.4
      vertex 71.19335334029124 -63.00876142900873 32.4
    endloop
  endfacet
  facet normal -0.8314696123025607 0.5555702330195792 0
    outer loop
      vertex 71.26602540378444 -62.900000000000006 20.4
      vertex 71.19335334029124 -63.00876142900873 32.4
      vertex 71.26602540378444 -62.900000000000006 32.4
    endloop
  endfacet
  facet normal -0.8968727415326521 0.44228869021907463 0
    outer loop
      vertex 71.3238795325113 -62.7826834323651 20.4
      vertex 71.26602540378444 -62.900000000000006 32.4
      vertex 71.3238795325113 -62.7826834323651 32.4
    endloop
  endfacet
  facet normal -0.946930129495128 0.32143946530309586 0
    outer loop
      vertex 71.36592582628907 -62.658819045102526 20.4
      vertex 71.3238795325113 -62.7826834323651 32.4
      vertex 71.36592582628907 -62.658819045102526 32.4
    endloop
  endfacet
  facet normal -0.9807852804032309 0.19509032201612625 0
    outer loop
      vertex 71.39144486137381 -62.53052619222006 20.4
      vertex 71.36592582628907 -62.658819045102526 32.4
      vertex 71.39144486137381 -62.53052619222006 32.4
    endloop
  endfacet
  facet normal -0.9978589232386021 0.06540312923016546 0
    outer loop
      vertex 71.4 -62.400000000000006 20.4
      vertex 71.39144486137381 -62.53052619222006 32.4
      vertex 71.4 -62.400000000000006 32.4
    endloop
  endfacet
  facet normal -0.9978589232386021 -0.06540312923016546 0
    outer loop
      vertex 71.39144486137381 -62.26947380777995 20.4
      vertex 71.4 -62.400000000000006 32.4
      vertex 71.39144486137381 -62.26947380777995 32.4
    endloop
  endfacet
  facet normal -0.9807852804032309 -0.19509032201612625 0
    outer loop
      vertex 71.36592582628907 -62.141180954897486 20.4
      vertex 71.39144486137381 -62.26947380777995 32.4
      vertex 71.36592582628907 -62.141180954897486 32.4
    endloop
  endfacet
  facet normal -0.946930129495128 -0.32143946530309586 0
    outer loop
      vertex 71.3238795325113 -62.017316567634914 20.4
      vertex 71.36592582628907 -62.141180954897486 32.4
      vertex 71.3238795325113 -62.017316567634914 32.4
    endloop
  endfacet
  facet normal -0.8968727415326521 -0.44228869021907463 0
    outer loop
      vertex 71.26602540378444 -61.900000000000006 20.4
      vertex 71.3238795325113 -62.017316567634914 32.4
      vertex 71.26602540378444 -61.900000000000006 32.4
    endloop
  endfacet
  facet normal -0.659345815100054 -0.7518398074789906 0
    outer loop
      vertex 71.00876142900873 -61.60664665970877 20.4
      vertex 71.10710678118656 -61.69289321881346 32.4
      vertex 71.00876142900873 -61.60664665970877 32.4
    endloop
  endfacet
  facet normal -0.7518398074789938 -0.6593458151000502 0
    outer loop
      vertex 71.10710678118656 -61.69289321881346 20.4
      vertex 71.19335334029124 -61.79123857099128 32.4
      vertex 71.10710678118656 -61.69289321881346 32.4
    endloop
  endfacet
  facet normal -0.8314696123025607 -0.5555702330195792 0
    outer loop
      vertex 71.19335334029124 -61.79123857099128 20.4
      vertex 71.26602540378444 -61.900000000000006 32.4
      vertex 71.19335334029124 -61.79123857099128 32.4
    endloop
  endfacet
  facet normal 0 0 1
    outer loop
      vertex 69.47612046748871 62.017316567634914 20.4
      vertex 69.47612046748871 62.7826834323651 20.4
      vertex 69.43407417371094 62.141180954897486 20.4
    endloop
  endfacet
  facet normal 0 0 1
    outer loop
      vertex 69.43407417371094 62.141180954897486 20.4
      vertex 69.43407417371094 62.658819045102526 20.4
      vertex 69.4085551386262 62.26947380777995 20.4
    endloop
  endfacet
  facet normal 0 0 1
    outer loop
      vertex 69.53397459621557 61.900000000000006 20.4
      vertex 69.60664665970877 61.79123857099128 20.4
      vertex 69.60664665970877 63.00876142900873 20.4
    endloop
  endfacet
  facet normal 0 0 1
    outer loop
      vertex 69.53397459621557 61.900000000000006 20.4
      vertex 69.53397459621557 62.900000000000006 20.4
      vertex 69.47612046748871 62.017316567634914 20.4
    endloop
  endfacet
  facet normal 0 0 1
    outer loop
      vertex 69.4085551386262 62.26947380777995 20.4
      vertex 69.4085551386262 62.53052619222006 20.4
      vertex 69.4 62.400000000000006 20.4
    endloop
  endfacet
  facet normal 0 0 1
    outer loop
      vertex 69.4085551386262 62.26947380777995 20.4
      vertex 69.43407417371094 62.658819045102526 20.4
      vertex 69.4085551386262 62.53052619222006 20.4
    endloop
  endfacet
  facet normal 0 0 1
    outer loop
      vertex 69.43407417371094 62.141180954897486 20.4
      vertex 69.47612046748871 62.7826834323651 20.4
      vertex 69.43407417371094 62.658819045102526 20.4
    endloop
  endfacet
  facet normal 0 0 1
    outer loop
      vertex 69.47612046748871 62.017316567634914 20.4
      vertex 69.53397459621557 62.900000000000006 20.4
      vertex 69.47612046748871 62.7826834323651 20.4
    endloop
  endfacet
  facet normal 0 0 1
    outer loop
      vertex 69.53397459621557 61.900000000000006 20.4
      vertex 69.60664665970877 63.00876142900873 20.4
      vertex 69.53397459621557 62.900000000000006 20.4
    endloop
  endfacet
  facet normal 0 0 1
    outer loop
      vertex 69.60664665970877 61.79123857099128 20.4
      vertex 69.69289321881345 63.10710678118655 20.4
      vertex 69.60664665970877 63.00876142900873 20.4
    endloop
  endfacet
  facet normal 0 0 1
    outer loop
      vertex 69.9 61.533974596215565 20.4
      vertex 70.01731656763492 61.47612046748872 20.4
      vertex 70.01731656763492 63.32387953251129 20.4
    endloop
  endfacet
  facet normal 0 0 1
    outer loop
      vertex 70.01731656763492 61.47612046748872 20.4
      vertex 70.14118095489748 61.43407417371094 20.4
      vertex 70.14118095489748 63.36592582628907 20.4
    endloop
  endfacet
  facet normal 0 0 1
    outer loop
      vertex 70.14118095489748 61.43407417371094 20.4
      vertex 70.26947380777996 61.4085551386262 20.4
      vertex 70.26947380777996 63.39144486137381 20.4
    endloop
  endfacet
  facet normal 0 0 1
    outer loop
      vertex 70.26947380777996 61.4085551386262 20.4
      vertex 70.4 61.400000000000006 20.4
      vertex 70.4 63.400000000000006 20.4
    endloop
  endfacet
  facet normal 0 0 1
    outer loop
      vertex 70.4 61.400000000000006 20.4
      vertex 70.53052619222005 61.4085551386262 20.4
      vertex 70.53052619222005 63.39144486137381 20.4
    endloop
  endfacet
  facet normal 0 0 1
    outer loop
      vertex 70.53052619222005 61.4085551386262 20.4
      vertex 70.65881904510253 61.43407417371094 20.4
      vertex 70.65881904510253 63.36592582628907 20.4
    endloop
  endfacet
  facet normal 0 0 1
    outer loop
      vertex 70.65881904510253 61.43407417371094 20.4
      vertex 70.78268343236509 61.47612046748872 20.4
      vertex 70.78268343236509 63.32387953251129 20.4
    endloop
  endfacet
  facet normal 0 0 1
    outer loop
      vertex 70.78268343236509 61.47612046748872 20.4
      vertex 70.9 61.533974596215565 20.4
      vertex 70.9 63.26602540378445 20.4
    endloop
  endfacet
  facet normal 0 0 1
    outer loop
      vertex 70.9 61.533974596215565 20.4
      vertex 71.00876142900873 61.60664665970877 20.4
      vertex 71.00876142900873 63.19335334029124 20.4
    endloop
  endfacet
  facet normal 0 0 1
    outer loop
      vertex 69.69289321881345 61.69289321881346 20.4
      vertex 69.69289321881345 63.10710678118655 20.4
      vertex 69.60664665970877 61.79123857099128 20.4
    endloop
  endfacet
  facet normal 0 0 1
    outer loop
      vertex 69.69289321881345 61.69289321881346 20.4
      vertex 69.79123857099128 61.60664665970877 20.4
      vertex 69.79123857099128 63.19335334029124 20.4
    endloop
  endfacet
  facet normal 0 0 1
    outer loop
      vertex 69.9 61.533974596215565 20.4
      vertex 69.9 63.26602540378445 20.4
      vertex 69.79123857099128 61.60664665970877 20.4
    endloop
  endfacet
  facet normal 0 0 1
    outer loop
      vertex 69.69289321881345 61.69289321881346 20.4
      vertex 69.79123857099128 63.19335334029124 20.4
      vertex 69.69289321881345 63.10710678118655 20.4
    endloop
  endfacet
  facet normal 0 0 1
    outer loop
      vertex 69.79123857099128 61.60664665970877 20.4
      vertex 69.9 63.26602540378445 20.4
      vertex 69.79123857099128 63.19335334029124 20.4
    endloop
  endfacet
  facet normal 0 0 1
    outer loop
      vertex 69.9 61.533974596215565 20.4
      vertex 70.01731656763492 63.32387953251129 20.4
      vertex 69.9 63.26602540378445 20.4
    endloop
  endfacet
  facet normal 0 0 1
    outer loop
      vertex 70.01731656763492 61.47612046748872 20.4
      vertex 70.14118095489748 63.36592582628907 20.4
      vertex 70.01731656763492 63.32387953251129 20.4
    endloop
  endfacet
  facet normal 0 0 1
    outer loop
      vertex 70.14118095489748 61.43407417371094 20.4
      vertex 70.26947380777996 63.39144486137381 20.4
      vertex 70.14118095489748 63.36592582628907 20.4
    endloop
  endfacet
  facet normal 0 0 1
    outer loop
      vertex 70.26947380777996 61.4085551386262 20.4
      vertex 70.4 63.400000000000006 20.4
      vertex 70.26947380777996 63.39144486137381 20.4
    endloop
  endfacet
  facet normal 0 0 1
    outer loop
      vertex 70.4 61.400000000000006 20.4
      vertex 70.53052619222005 63.39144486137381 20.4
      vertex 70.4 63.400000000000006 20.4
    endloop
  endfacet
  facet normal 0 0 1
    outer loop
      vertex 70.53052619222005 61.4085551386262 20.4
      vertex 70.65881904510253 63.36592582628907 20.4
      vertex 70.53052619222005 63.39144486137381 20.4
    endloop
  endfacet
  facet normal 0 0 1
    outer loop
      vertex 70.65881904510253 61.43407417371094 20.4
      vertex 70.78268343236509 63.32387953251129 20.4
      vertex 70.65881904510253 63.36592582628907 20.4
    endloop
  endfacet
  facet normal 0 0 1
    outer loop
      vertex 70.78268343236509 61.47612046748872 20.4
      vertex 70.9 63.26602540378445 20.4
      vertex 70.78268343236509 63.32387953251129 20.4
    endloop
  endfacet
  facet normal 0 0 1
    outer loop
      vertex 70.9 61.533974596215565 20.4
      vertex 71.00876142900873 63.19335334029124 20.4
      vertex 70.9 63.26602540378445 20.4
    endloop
  endfacet
  facet normal 0 0 1
    outer loop
      vertex 71.00876142900873 61.60664665970877 20.4
      vertex 71.10710678118656 61.69289321881346 20.4
      vertex 71.10710678118656 63.10710678118655 20.4
    endloop
  endfacet
  facet normal 0 0 1
    outer loop
      vertex 71.10710678118656 61.69289321881346 20.4
      vertex 71.19335334029124 61.79123857099128 20.4
      vertex 71.19335334029124 63.00876142900873 20.4
    endloop
  endfacet
  facet normal 0 0 1
    outer loop
      vertex 71.19335334029124 61.79123857099128 20.4
      vertex 71.26602540378444 61.900000000000006 20.4
      vertex 71.26602540378444 62.900000000000006 20.4
    endloop
  endfacet
  facet normal 0 0 1
    outer loop
      vertex 71.26602540378444 61.900000000000006 20.4
      vertex 71.3238795325113 62.017316567634914 20.4
      vertex 71.3238795325113 62.7826834323651 20.4
    endloop
  endfacet
  facet normal 0 0 1
    outer loop
      vertex 71.3238795325113 62.017316567634914 20.4
      vertex 71.36592582628907 62.141180954897486 20.4
      vertex 71.36592582628907 62.658819045102526 20.4
    endloop
  endfacet
  facet normal 0 0 1
    outer loop
      vertex 71.00876142900873 61.60664665970877 20.4
      vertex 71.10710678118656 63.10710678118655 20.4
      vertex 71.00876142900873 63.19335334029124 20.4
    endloop
  endfacet
  facet normal 0 0 1
    outer loop
      vertex 71.10710678118656 61.69289321881346 20.4
      vertex 71.19335334029124 63.00876142900873 20.4
      vertex 71.10710678118656 63.10710678118655 20.4
    endloop
  endfacet
  facet normal 0 0 1
    outer loop
      vertex 71.3238795325113 62.017316567634914 20.4
      vertex 71.36592582628907 62.658819045102526 20.4
      vertex 71.3238795325113 62.7826834323651 20.4
    endloop
  endfacet
  facet normal 0 0 1
    outer loop
      vertex 71.26602540378444 61.900000000000006 20.4
      vertex 71.3238795325113 62.7826834323651 20.4
      vertex 71.26602540378444 62.900000000000006 20.4
    endloop
  endfacet
  facet normal 0 0 1
    outer loop
      vertex 71.19335334029124 61.79123857099128 20.4
      vertex 71.26602540378444 62.900000000000006 20.4
      vertex 71.19335334029124 63.00876142900873 20.4
    endloop
  endfacet
  facet normal 0 0 1
    outer loop
      vertex 71.36592582628907 62.141180954897486 20.4
      vertex 71.39144486137381 62.26947380777995 20.4
      vertex 71.39144486137381 62.53052619222006 20.4
    endloop
  endfacet
  facet normal 0 0 1
    outer loop
      vertex 71.39144486137381 62.26947380777995 20.4
      vertex 71.4 62.400000000000006 20.4
      vertex 71.39144486137381 62.53052619222006 20.4
    endloop
  endfacet
  facet normal 0 0 1
    outer loop
      vertex 71.36592582628907 62.141180954897486 20.4
      vertex 71.39144486137381 62.53052619222006 20.4
      vertex 71.36592582628907 62.658819045102526 20.4
    endloop
  endfacet
  facet normal 0.8314696123025607 0.5555702330195792 0
    outer loop
      vertex 69.53397459621557 61.900000000000006 20.4
      vertex 69.53397459621557 61.900000000000006 32.4
      vertex 69.60664665970877 61.79123857099128 20.4
    endloop
  endfacet
  facet normal 0.7518398074789938 0.6593458151000502 0
    outer loop
      vertex 69.69289321881345 61.69289321881346 20.4
      vertex 69.60664665970877 61.79123857099128 20.4
      vertex 69.60664665970877 61.79123857099128 32.4
    endloop
  endfacet
  facet normal 0.946930129495128 0.32143946530309586 0
    outer loop
      vertex 69.47612046748871 62.017316567634914 20.4
      vertex 69.43407417371094 62.141180954897486 20.4
      vertex 69.43407417371094 62.141180954897486 32.4
    endloop
  endfacet
  facet normal 0.8968727415326521 0.44228869021907463 0
    outer loop
      vertex 69.53397459621557 61.900000000000006 20.4
      vertex 69.47612046748871 62.017316567634914 20.4
      vertex 69.47612046748871 62.017316567634914 32.4
    endloop
  endfacet
  facet normal 0.9807852804032309 0.19509032201612625 0
    outer loop
      vertex 69.43407417371094 62.141180954897486 20.4
      vertex 69.4085551386262 62.26947380777995 20.4
      vertex 69.4085551386262 62.26947380777995 32.4
    endloop
  endfacet
  facet normal 0.9978589232386021 0.06540312923016546 0
    outer loop
      vertex 69.4085551386262 62.26947380777995 20.4
      vertex 69.4 62.400000000000006 20.4
      vertex 69.4 62.400000000000006 32.4
    endloop
  endfacet
  facet normal 0.9978589232386021 -0.06540312923016546 0
    outer loop
      vertex 69.4 62.400000000000006 20.4
      vertex 69.4085551386262 62.53052619222006 20.4
      vertex 69.4085551386262 62.53052619222006 32.4
    endloop
  endfacet
  facet normal 0.9807852804032309 -0.19509032201612625 0
    outer loop
      vertex 69.4085551386262 62.53052619222006 20.4
      vertex 69.43407417371094 62.658819045102526 20.4
      vertex 69.43407417371094 62.658819045102526 32.4
    endloop
  endfacet
  facet normal 0.946930129495128 -0.32143946530309586 0
    outer loop
      vertex 69.43407417371094 62.658819045102526 20.4
      vertex 69.47612046748871 62.7826834323651 20.4
      vertex 69.47612046748871 62.7826834323651 32.4
    endloop
  endfacet
  facet normal 0.8968727415326521 -0.44228869021907463 0
    outer loop
      vertex 69.47612046748871 62.7826834323651 20.4
      vertex 69.53397459621557 62.900000000000006 20.4
      vertex 69.53397459621557 62.900000000000006 32.4
    endloop
  endfacet
  facet normal 0.8314696123025607 -0.5555702330195792 0
    outer loop
      vertex 69.53397459621557 62.900000000000006 20.4
      vertex 69.60664665970877 63.00876142900873 20.4
      vertex 69.60664665970877 63.00876142900873 32.4
    endloop
  endfacet
  facet normal 0.4422886902189658 0.8968727415327059 0
    outer loop
      vertex 69.9 61.533974596215565 20.4
      vertex 69.9 61.533974596215565 32.4
      vertex 70.01731656763492 61.47612046748872 20.4
    endloop
  endfacet
  facet normal 0.5555702330196167 0.8314696123025355 0
    outer loop
      vertex 69.9 61.533974596215565 20.4
      vertex 69.79123857099128 61.60664665970877 20.4
      vertex 69.79123857099128 61.60664665970877 32.4
    endloop
  endfacet
  facet normal 0.32143946530317763 0.9469301294951002 0
    outer loop
      vertex 70.01731656763492 61.47612046748872 20.4
      vertex 70.01731656763492 61.47612046748872 32.4
      vertex 70.14118095489748 61.43407417371094 20.4
    endloop
  endfacet
  facet normal 0.19509032201610543 0.980785280403235 0
    outer loop
      vertex 70.14118095489748 61.43407417371094 20.4
      vertex 70.14118095489748 61.43407417371094 32.4
      vertex 70.26947380777996 61.4085551386262 20.4
    endloop
  endfacet
  facet normal 0.06540312923016899 0.9978589232386017 0
    outer loop
      vertex 70.26947380777996 61.4085551386262 20.4
      vertex 70.26947380777996 61.4085551386262 32.4
      vertex 70.4 61.400000000000006 20.4
    endloop
  endfacet
  facet normal 0.659345815100054 0.7518398074789906 0
    outer loop
      vertex 69.69289321881345 61.69289321881346 20.4
      vertex 69.69289321881345 61.69289321881346 32.4
      vertex 69.79123857099128 61.60664665970877 20.4
    endloop
  endfacet
  facet normal -0.06540312923016899 0.9978589232386017 0
    outer loop
      vertex 70.4 61.400000000000006 20.4
      vertex 70.4 61.400000000000006 32.4
      vertex 70.53052619222005 61.4085551386262 20.4
    endloop
  endfacet
  facet normal -0.19509032201610543 0.980785280403235 0
    outer loop
      vertex 70.53052619222005 61.4085551386262 20.4
      vertex 70.53052619222005 61.4085551386262 32.4
      vertex 70.65881904510253 61.43407417371094 20.4
    endloop
  endfacet
  facet normal -0.32143946530317763 0.9469301294951002 0
    outer loop
      vertex 70.65881904510253 61.43407417371094 20.4
      vertex 70.65881904510253 61.43407417371094 32.4
      vertex 70.78268343236509 61.47612046748872 20.4
    endloop
  endfacet
  facet normal -0.4422886902189658 0.8968727415327059 0
    outer loop
      vertex 70.78268343236509 61.47612046748872 20.4
      vertex 70.78268343236509 61.47612046748872 32.4
      vertex 70.9 61.533974596215565 20.4
    endloop
  endfacet
  facet normal -0.5555702330196167 0.8314696123025355 0
    outer loop
      vertex 70.9 61.533974596215565 20.4
      vertex 70.9 61.533974596215565 32.4
      vertex 71.00876142900873 61.60664665970877 20.4
    endloop
  endfacet
  facet normal 0.7518398074789938 -0.6593458151000502 0
    outer loop
      vertex 69.60664665970877 63.00876142900873 20.4
      vertex 69.69289321881345 63.10710678118655 20.4
      vertex 69.69289321881345 63.10710678118655 32.4
    endloop
  endfacet
  facet normal 0.659345815100054 -0.7518398074789906 0
    outer loop
      vertex 69.69289321881345 63.10710678118655 20.4
      vertex 69.79123857099128 63.19335334029124 20.4
      vertex 69.79123857099128 63.19335334029124 32.4
    endloop
  endfacet
  facet normal 0.5555702330196167 -0.8314696123025355 0
    outer loop
      vertex 69.79123857099128 63.19335334029124 20.4
      vertex 69.9 63.26602540378445 20.4
      vertex 69.9 63.26602540378445 32.4
    endloop
  endfacet
  facet normal 0.4422886902189658 -0.8968727415327059 0
    outer loop
      vertex 69.9 63.26602540378445 20.4
      vertex 70.01731656763492 63.32387953251129 20.4
      vertex 70.01731656763492 63.32387953251129 32.4
    endloop
  endfacet
  facet normal 0.32143946530317763 -0.9469301294951002 0
    outer loop
      vertex 70.01731656763492 63.32387953251129 20.4
      vertex 70.14118095489748 63.36592582628907 20.4
      vertex 70.14118095489748 63.36592582628907 32.4
    endloop
  endfacet
  facet normal 0.19509032201610543 -0.980785280403235 0
    outer loop
      vertex 70.14118095489748 63.36592582628907 20.4
      vertex 70.26947380777996 63.39144486137381 20.4
      vertex 70.26947380777996 63.39144486137381 32.4
    endloop
  endfacet
  facet normal 0.06540312923016899 -0.9978589232386017 0
    outer loop
      vertex 70.26947380777996 63.39144486137381 20.4
      vertex 70.4 63.400000000000006 20.4
      vertex 70.4 63.400000000000006 32.4
    endloop
  endfacet
  facet normal -0.06540312923016899 -0.9978589232386017 0
    outer loop
      vertex 70.4 63.400000000000006 20.4
      vertex 70.53052619222005 63.39144486137381 20.4
      vertex 70.53052619222005 63.39144486137381 32.4
    endloop
  endfacet
  facet normal -0.19509032201610543 -0.980785280403235 0
    outer loop
      vertex 70.53052619222005 63.39144486137381 20.4
      vertex 70.65881904510253 63.36592582628907 20.4
      vertex 70.65881904510253 63.36592582628907 32.4
    endloop
  endfacet
  facet normal -0.32143946530317763 -0.9469301294951002 0
    outer loop
      vertex 70.65881904510253 63.36592582628907 20.4
      vertex 70.78268343236509 63.32387953251129 20.4
      vertex 70.78268343236509 63.32387953251129 32.4
    endloop
  endfacet
  facet normal -0.4422886902189658 -0.8968727415327059 0
    outer loop
      vertex 70.78268343236509 63.32387953251129 20.4
      vertex 70.9 63.26602540378445 20.4
      vertex 70.9 63.26602540378445 32.4
    endloop
  endfacet
  facet normal -0.5555702330196167 -0.8314696123025355 0
    outer loop
      vertex 70.9 63.26602540378445 20.4
      vertex 71.00876142900873 63.19335334029124 20.4
      vertex 71.00876142900873 63.19335334029124 32.4
    endloop
  endfacet
  facet normal -0.659345815100054 0.7518398074789906 0
    outer loop
      vertex 71.00876142900873 61.60664665970877 20.4
      vertex 71.00876142900873 61.60664665970877 32.4
      vertex 71.10710678118656 61.69289321881346 20.4
    endloop
  endfacet
  facet normal -0.7518398074789938 0.6593458151000502 0
    outer loop
      vertex 71.10710678118656 61.69289321881346 20.4
      vertex 71.10710678118656 61.69289321881346 32.4
      vertex 71.19335334029124 61.79123857099128 20.4
    endloop
  endfacet
  facet normal -0.8314696123025607 0.5555702330195792 0
    outer loop
      vertex 71.19335334029124 61.79123857099128 20.4
      vertex 71.19335334029124 61.79123857099128 32.4
      vertex 71.26602540378444 61.900000000000006 20.4
    endloop
  endfacet
  facet normal -0.8968727415326521 0.44228869021907463 0
    outer loop
      vertex 71.26602540378444 61.900000000000006 20.4
      vertex 71.26602540378444 61.900000000000006 32.4
      vertex 71.3238795325113 62.017316567634914 20.4
    endloop
  endfacet
  facet normal -0.946930129495128 0.32143946530309586 0
    outer loop
      vertex 71.3238795325113 62.017316567634914 20.4
      vertex 71.3238795325113 62.017316567634914 32.4
      vertex 71.36592582628907 62.141180954897486 20.4
    endloop
  endfacet
  facet normal -0.9807852804032309 0.19509032201612625 0
    outer loop
      vertex 71.36592582628907 62.141180954897486 20.4
      vertex 71.36592582628907 62.141180954897486 32.4
      vertex 71.39144486137381 62.26947380777995 20.4
    endloop
  endfacet
  facet normal -0.9978589232386021 0.06540312923016546 0
    outer loop
      vertex 71.39144486137381 62.26947380777995 20.4
      vertex 71.39144486137381 62.26947380777995 32.4
      vertex 71.4 62.400000000000006 20.4
    endloop
  endfacet
  facet normal -0.9978589232386021 -0.06540312923016546 0
    outer loop
      vertex 71.39144486137381 62.53052619222006 20.4
      vertex 71.4 62.400000000000006 20.4
      vertex 71.4 62.400000000000006 32.4
    endloop
  endfacet
  facet normal -0.9807852804032309 -0.19509032201612625 0
    outer loop
      vertex 71.39144486137381 62.53052619222006 20.4
      vertex 71.39144486137381 62.53052619222006 32.4
      vertex 71.36592582628907 62.658819045102526 20.4
    endloop
  endfacet
  facet normal -0.946930129495128 -0.32143946530309586 0
    outer loop
      vertex 71.36592582628907 62.658819045102526 20.4
      vertex 71.36592582628907 62.658819045102526 32.4
      vertex 71.3238795325113 62.7826834323651 20.4
    endloop
  endfacet
  facet normal -0.8968727415326521 -0.44228869021907463 0
    outer loop
      vertex 71.3238795325113 62.7826834323651 20.4
      vertex 71.3238795325113 62.7826834323651 32.4
      vertex 71.26602540378444 62.900000000000006 20.4
    endloop
  endfacet
  facet normal -0.7518398074789938 -0.6593458151000502 0
    outer loop
      vertex 71.10710678118656 63.10710678118655 20.4
      vertex 71.19335334029124 63.00876142900873 20.4
      vertex 71.19335334029124 63.00876142900873 32.4
    endloop
  endfacet
  facet normal -0.659345815100054 -0.7518398074789906 0
    outer loop
      vertex 71.10710678118656 63.10710678118655 20.4
      vertex 71.10710678118656 63.10710678118655 32.4
      vertex 71.00876142900873 63.19335334029124 20.4
    endloop
  endfacet
  facet normal -0.8314696123025607 -0.5555702330195792 0
    outer loop
      vertex 71.19335334029124 63.00876142900873 20.4
      vertex 71.26602540378444 62.900000000000006 20.4
      vertex 71.26602540378444 62.900000000000006 32.4
    endloop
  endfacet
  facet normal 0.8314696123025607 0.5555702330195792 0
    outer loop
      vertex 69.60664665970877 61.79123857099128 20.4
      vertex 69.53397459621557 61.900000000000006 32.4
      vertex 69.60664665970877 61.79123857099128 32.4
    endloop
  endfacet
  facet normal 0.946930129495128 0.32143946530309586 0
    outer loop
      vertex 69.47612046748871 62.017316567634914 20.4
      vertex 69.43407417371094 62.141180954897486 32.4
      vertex 69.47612046748871 62.017316567634914 32.4
    endloop
  endfacet
  facet normal 0.8968727415326521 0.44228869021907463 0
    outer loop
      vertex 69.53397459621557 61.900000000000006 20.4
      vertex 69.47612046748871 62.017316567634914 32.4
      vertex 69.53397459621557 61.900000000000006 32.4
    endloop
  endfacet
  facet normal 0.9807852804032309 0.19509032201612625 0
    outer loop
      vertex 69.43407417371094 62.141180954897486 20.4
      vertex 69.4085551386262 62.26947380777995 32.4
      vertex 69.43407417371094 62.141180954897486 32.4
    endloop
  endfacet
  facet normal 0.9978589232386021 0.06540312923016546 0
    outer loop
      vertex 69.4085551386262 62.26947380777995 20.4
      vertex 69.4 62.400000000000006 32.4
      vertex 69.4085551386262 62.26947380777995 32.4
    endloop
  endfacet
  facet normal 0.9978589232386021 -0.06540312923016546 0
    outer loop
      vertex 69.4 62.400000000000006 20.4
      vertex 69.4085551386262 62.53052619222006 32.4
      vertex 69.4 62.400000000000006 32.4
    endloop
  endfacet
  facet normal 0.9807852804032309 -0.19509032201612625 0
    outer loop
      vertex 69.4085551386262 62.53052619222006 20.4
      vertex 69.43407417371094 62.658819045102526 32.4
      vertex 69.4085551386262 62.53052619222006 32.4
    endloop
  endfacet
  facet normal 0.946930129495128 -0.32143946530309586 0
    outer loop
      vertex 69.43407417371094 62.658819045102526 20.4
      vertex 69.47612046748871 62.7826834323651 32.4
      vertex 69.43407417371094 62.658819045102526 32.4
    endloop
  endfacet
  facet normal 0.8968727415326521 -0.44228869021907463 0
    outer loop
      vertex 69.47612046748871 62.7826834323651 20.4
      vertex 69.53397459621557 62.900000000000006 32.4
      vertex 69.47612046748871 62.7826834323651 32.4
    endloop
  endfacet
  facet normal 0.8314696123025607 -0.5555702330195792 0
    outer loop
      vertex 69.53397459621557 62.900000000000006 20.4
      vertex 69.60664665970877 63.00876142900873 32.4
      vertex 69.53397459621557 62.900000000000006 32.4
    endloop
  endfacet
  facet normal 0.7518398074789938 -0.6593458151000502 0
    outer loop
      vertex 69.60664665970877 63.00876142900873 20.4
      vertex 69.69289321881345 63.10710678118655 32.4
      vertex 69.60664665970877 63.00876142900873 32.4
    endloop
  endfacet
  facet normal 0.4422886902189658 0.8968727415327059 0
    outer loop
      vertex 70.01731656763492 61.47612046748872 20.4
      vertex 69.9 61.533974596215565 32.4
      vertex 70.01731656763492 61.47612046748872 32.4
    endloop
  endfacet
  facet normal 0.5555702330196167 0.8314696123025355 0
    outer loop
      vertex 69.9 61.533974596215565 20.4
      vertex 69.79123857099128 61.60664665970877 32.4
      vertex 69.9 61.533974596215565 32.4
    endloop
  endfacet
  facet normal 0.32143946530317763 0.9469301294951002 0
    outer loop
      vertex 70.14118095489748 61.43407417371094 20.4
      vertex 70.01731656763492 61.47612046748872 32.4
      vertex 70.14118095489748 61.43407417371094 32.4
    endloop
  endfacet
  facet normal 0.19509032201610543 0.980785280403235 0
    outer loop
      vertex 70.26947380777996 61.4085551386262 20.4
      vertex 70.14118095489748 61.43407417371094 32.4
      vertex 70.26947380777996 61.4085551386262 32.4
    endloop
  endfacet
  facet normal 0.659345815100054 0.7518398074789906 0
    outer loop
      vertex 69.79123857099128 61.60664665970877 20.4
      vertex 69.69289321881345 61.69289321881346 32.4
      vertex 69.79123857099128 61.60664665970877 32.4
    endloop
  endfacet
  facet normal 0.7518398074789938 0.6593458151000502 0
    outer loop
      vertex 69.69289321881345 61.69289321881346 20.4
      vertex 69.60664665970877 61.79123857099128 32.4
      vertex 69.69289321881345 61.69289321881346 32.4
    endloop
  endfacet
  facet normal 0.06540312923016899 0.9978589232386017 0
    outer loop
      vertex 70.4 61.400000000000006 20.4
      vertex 70.26947380777996 61.4085551386262 32.4
      vertex 70.4 61.400000000000006 32.4
    endloop
  endfacet
  facet normal -0.06540312923016899 0.9978589232386017 0
    outer loop
      vertex 70.53052619222005 61.4085551386262 20.4
      vertex 70.4 61.400000000000006 32.4
      vertex 70.53052619222005 61.4085551386262 32.4
    endloop
  endfacet
  facet normal -0.19509032201610543 0.980785280403235 0
    outer loop
      vertex 70.65881904510253 61.43407417371094 20.4
      vertex 70.53052619222005 61.4085551386262 32.4
      vertex 70.65881904510253 61.43407417371094 32.4
    endloop
  endfacet
  facet normal -0.32143946530317763 0.9469301294951002 0
    outer loop
      vertex 70.78268343236509 61.47612046748872 20.4
      vertex 70.65881904510253 61.43407417371094 32.4
      vertex 70.78268343236509 61.47612046748872 32.4
    endloop
  endfacet
  facet normal -0.4422886902189658 0.8968727415327059 0
    outer loop
      vertex 70.9 61.533974596215565 20.4
      vertex 70.78268343236509 61.47612046748872 32.4
      vertex 70.9 61.533974596215565 32.4
    endloop
  endfacet
  facet normal -0.5555702330196167 0.8314696123025355 0
    outer loop
      vertex 71.00876142900873 61.60664665970877 20.4
      vertex 70.9 61.533974596215565 32.4
      vertex 71.00876142900873 61.60664665970877 32.4
    endloop
  endfacet
  facet normal 0.659345815100054 -0.7518398074789906 0
    outer loop
      vertex 69.69289321881345 63.10710678118655 20.4
      vertex 69.79123857099128 63.19335334029124 32.4
      vertex 69.69289321881345 63.10710678118655 32.4
    endloop
  endfacet
  facet normal 0.5555702330196167 -0.8314696123025355 0
    outer loop
      vertex 69.79123857099128 63.19335334029124 20.4
      vertex 69.9 63.26602540378445 32.4
      vertex 69.79123857099128 63.19335334029124 32.4
    endloop
  endfacet
  facet normal 0.4422886902189658 -0.8968727415327059 0
    outer loop
      vertex 69.9 63.26602540378445 20.4
      vertex 70.01731656763492 63.32387953251129 32.4
      vertex 69.9 63.26602540378445 32.4
    endloop
  endfacet
  facet normal 0.32143946530317763 -0.9469301294951002 0
    outer loop
      vertex 70.01731656763492 63.32387953251129 20.4
      vertex 70.14118095489748 63.36592582628907 32.4
      vertex 70.01731656763492 63.32387953251129 32.4
    endloop
  endfacet
  facet normal 0.19509032201610543 -0.980785280403235 0
    outer loop
      vertex 70.14118095489748 63.36592582628907 20.4
      vertex 70.26947380777996 63.39144486137381 32.4
      vertex 70.14118095489748 63.36592582628907 32.4
    endloop
  endfacet
  facet normal 0.06540312923016899 -0.9978589232386017 0
    outer loop
      vertex 70.26947380777996 63.39144486137381 20.4
      vertex 70.4 63.400000000000006 32.4
      vertex 70.26947380777996 63.39144486137381 32.4
    endloop
  endfacet
  facet normal -0.06540312923016899 -0.9978589232386017 0
    outer loop
      vertex 70.4 63.400000000000006 20.4
      vertex 70.53052619222005 63.39144486137381 32.4
      vertex 70.4 63.400000000000006 32.4
    endloop
  endfacet
  facet normal -0.19509032201610543 -0.980785280403235 0
    outer loop
      vertex 70.53052619222005 63.39144486137381 20.4
      vertex 70.65881904510253 63.36592582628907 32.4
      vertex 70.53052619222005 63.39144486137381 32.4
    endloop
  endfacet
  facet normal -0.4422886902189658 -0.8968727415327059 0
    outer loop
      vertex 70.78268343236509 63.32387953251129 20.4
      vertex 70.9 63.26602540378445 32.4
      vertex 70.78268343236509 63.32387953251129 32.4
    endloop
  endfacet
  facet normal -0.32143946530317763 -0.9469301294951002 0
    outer loop
      vertex 70.65881904510253 63.36592582628907 20.4
      vertex 70.78268343236509 63.32387953251129 32.4
      vertex 70.65881904510253 63.36592582628907 32.4
    endloop
  endfacet
  facet normal -0.5555702330196167 -0.8314696123025355 0
    outer loop
      vertex 70.9 63.26602540378445 20.4
      vertex 71.00876142900873 63.19335334029124 32.4
      vertex 70.9 63.26602540378445 32.4
    endloop
  endfacet
  facet normal -0.659345815100054 0.7518398074789906 0
    outer loop
      vertex 71.10710678118656 61.69289321881346 20.4
      vertex 71.00876142900873 61.60664665970877 32.4
      vertex 71.10710678118656 61.69289321881346 32.4
    endloop
  endfacet
  facet normal -0.7518398074789938 0.6593458151000502 0
    outer loop
      vertex 71.19335334029124 61.79123857099128 20.4
      vertex 71.10710678118656 61.69289321881346 32.4
      vertex 71.19335334029124 61.79123857099128 32.4
    endloop
  endfacet
  facet normal -0.8314696123025607 0.5555702330195792 0
    outer loop
      vertex 71.26602540378444 61.900000000000006 20.4
      vertex 71.19335334029124 61.79123857099128 32.4
      vertex 71.26602540378444 61.900000000000006 32.4
    endloop
  endfacet
  facet normal -0.8968727415326521 0.44228869021907463 0
    outer loop
      vertex 71.3238795325113 62.017316567634914 20.4
      vertex 71.26602540378444 61.900000000000006 32.4
      vertex 71.3238795325113 62.017316567634914 32.4
    endloop
  endfacet
  facet normal -0.946930129495128 0.32143946530309586 0
    outer loop
      vertex 71.36592582628907 62.141180954897486 20.4
      vertex 71.3238795325113 62.017316567634914 32.4
      vertex 71.36592582628907 62.141180954897486 32.4
    endloop
  endfacet
  facet normal -0.9807852804032309 0.19509032201612625 0
    outer loop
      vertex 71.39144486137381 62.26947380777995 20.4
      vertex 71.36592582628907 62.141180954897486 32.4
      vertex 71.39144486137381 62.26947380777995 32.4
    endloop
  endfacet
  facet normal -0.9978589232386021 0.06540312923016546 0
    outer loop
      vertex 71.4 62.400000000000006 20.4
      vertex 71.39144486137381 62.26947380777995 32.4
      vertex 71.4 62.400000000000006 32.4
    endloop
  endfacet
  facet normal -0.9978589232386021 -0.06540312923016546 0
    outer loop
      vertex 71.39144486137381 62.53052619222006 20.4
      vertex 71.4 62.400000000000006 32.4
      vertex 71.39144486137381 62.53052619222006 32.4
    endloop
  endfacet
  facet normal -0.9807852804032309 -0.19509032201612625 0
    outer loop
      vertex 71.36592582628907 62.658819045102526 20.4
      vertex 71.39144486137381 62.53052619222006 32.4
      vertex 71.36592582628907 62.658819045102526 32.4
    endloop
  endfacet
  facet normal -0.946930129495128 -0.32143946530309586 0
    outer loop
      vertex 71.3238795325113 62.7826834323651 20.4
      vertex 71.36592582628907 62.658819045102526 32.4
      vertex 71.3238795325113 62.7826834323651 32.4
    endloop
  endfacet
  facet normal -0.8968727415326521 -0.44228869021907463 0
    outer loop
      vertex 71.26602540378444 62.900000000000006 20.4
      vertex 71.3238795325113 62.7826834323651 32.4
      vertex 71.26602540378444 62.900000000000006 32.4
    endloop
  endfacet
  facet normal -0.659345815100054 -0.7518398074789906 0
    outer loop
      vertex 71.00876142900873 63.19335334029124 20.4
      vertex 71.10710678118656 63.10710678118655 32.4
      vertex 71.00876142900873 63.19335334029124 32.4
    endloop
  endfacet
  facet normal -0.7518398074789938 -0.6593458151000502 0
    outer loop
      vertex 71.10710678118656 63.10710678118655 20.4
      vertex 71.19335334029124 63.00876142900873 32.4
      vertex 71.10710678118656 63.10710678118655 32.4
    endloop
  endfacet
  facet normal -0.8314696123025607 -0.5555702330195792 0
    outer loop
      vertex 71.19335334029124 63.00876142900873 20.4
      vertex 71.26602540378444 62.900000000000006 32.4
      vertex 71.19335334029124 63.00876142900873 32.4
    endloop
  endfacet
  facet normal 0 1 0
    outer loop
      vertex -72.5 -9 2.4
      vertex -69.5 -9 0
      vertex -72.5 -9 0
    endloop
  endfacet
  facet normal 0 1 0
    outer loop
      vertex -72.5 -9 2.4
      vertex -69.5 -9 2.4
      vertex -69.5 -9 0
    endloop
  endfacet
  facet normal 1 0 0
    outer loop
      vertex -72.5 -4 2.4
      vertex -72.5 -9 0
      vertex -72.5 -4 0
    endloop
  endfacet
  facet normal 1 0 0
    outer loop
      vertex -72.5 -4 2.4
      vertex -72.5 -9 2.4
      vertex -72.5 -9 0
    endloop
  endfacet
  facet normal 0 -1 0
    outer loop
      vertex -69.5 -4 2.4
      vertex -72.5 -4 2.4
      vertex -72.5 -4 0
    endloop
  endfacet
  facet normal -1 0 0
    outer loop
      vertex -69.5 -9 0
      vertex -69.5 -9 2.4
      vertex -69.5 -4 0
    endloop
  endfacet
  facet normal -1 0 0
    outer loop
      vertex -69.5 -9 2.4
      vertex -69.5 -4 2.4
      vertex -69.5 -4 0
    endloop
  endfacet
  facet normal 0 -1 0
    outer loop
      vertex -69.5 -4 0
      vertex -69.5 -4 2.4
      vertex -72.5 -4 0
    endloop
  endfacet
  facet normal 0 1 0
    outer loop
      vertex -72.5 44 2.4
      vertex -69.5 44 0
      vertex -72.5 44 0
    endloop
  endfacet
  facet normal 1 0 0
    outer loop
      vertex -72.5 44 2.4
      vertex -72.5 44 0
      vertex -72.5 49 2.4
    endloop
  endfacet
  facet normal 1 0 0
    outer loop
      vertex -72.5 49 2.4
      vertex -72.5 44 0
      vertex -72.5 49 0
    endloop
  endfacet
  facet normal 0 -1 0
    outer loop
      vertex -69.5 49 2.4
      vertex -72.5 49 2.4
      vertex -72.5 49 0
    endloop
  endfacet
  facet normal -1 0 0
    outer loop
      vertex -69.5 44 0
      vertex -69.5 44 2.4
      vertex -69.5 49 0
    endloop
  endfacet
  facet normal 0 1 0
    outer loop
      vertex -72.5 44 2.4
      vertex -69.5 44 2.4
      vertex -69.5 44 0
    endloop
  endfacet
  facet normal 0 -1 0
    outer loop
      vertex -69.5 49 2.4
      vertex -72.5 49 0
      vertex -69.5 49 0
    endloop
  endfacet
  facet normal -1 0 0
    outer loop
      vertex -69.5 49 2.4
      vertex -69.5 49 0
      vertex -69.5 44 2.4
    endloop
  endfacet
  facet normal 0 1 0
    outer loop
      vertex -38.5 -9 2.4
      vertex -35.5 -9 0
      vertex -38.5 -9 0
    endloop
  endfacet
  facet normal 0 1 0
    outer loop
      vertex -38.5 -9 2.4
      vertex -35.5 -9 2.4
      vertex -35.5 -9 0
    endloop
  endfacet
  facet normal 1 0 0
    outer loop
      vertex -38.5 -9 0
      vertex -38.5 -4 0
      vertex -38.5 -4 2.4
    endloop
  endfacet
  facet normal 1 0 0
    outer loop
      vertex -38.5 -4 2.4
      vertex -38.5 -9 2.4
      vertex -38.5 -9 0
    endloop
  endfacet
  facet normal -1 0 0
    outer loop
      vertex -35.5 -4 0
      vertex -35.5 -9 0
      vertex -35.5 -9 2.4
    endloop
  endfacet
  facet normal -1 0 0
    outer loop
      vertex -35.5 -9 2.4
      vertex -35.5 -4 2.4
      vertex -35.5 -4 0
    endloop
  endfacet
  facet normal 0 -1 0
    outer loop
      vertex -35.5 -4 0
      vertex -35.5 -4 2.4
      vertex -38.5 -4 0
    endloop
  endfacet
  facet normal 0 -1 0
    outer loop
      vertex -35.5 -4 2.4
      vertex -38.5 -4 2.4
      vertex -38.5 -4 0
    endloop
  endfacet
  facet normal 1 0 0
    outer loop
      vertex -38.5 49 2.4
      vertex -38.5 44 2.4
      vertex -38.5 44 0
    endloop
  endfacet
  facet normal 1 0 0
    outer loop
      vertex -38.5 44 0
      vertex -38.5 49 0
      vertex -38.5 49 2.4
    endloop
  endfacet
  facet normal 0 1 0
    outer loop
      vertex -38.5 44 2.4
      vertex -35.5 44 0
      vertex -38.5 44 0
    endloop
  endfacet
  facet normal -1 0 0
    outer loop
      vertex -35.5 44 0
      vertex -35.5 44 2.4
      vertex -35.5 49 0
    endloop
  endfacet
  facet normal 0 1 0
    outer loop
      vertex -38.5 44 2.4
      vertex -35.5 44 2.4
      vertex -35.5 44 0
    endloop
  endfacet
  facet normal 0 -1 0
    outer loop
      vertex -38.5 49 0
      vertex -35.5 49 0
      vertex -35.5 49 2.4
    endloop
  endfacet
  facet normal 0 -1 0
    outer loop
      vertex -38.5 49 2.4
      vertex -38.5 49 0
      vertex -35.5 49 2.4
    endloop
  endfacet
  facet normal -1 0 0
    outer loop
      vertex -35.5 44 2.4
      vertex -35.5 49 2.4
      vertex -35.5 49 0
    endloop
  endfacet
  facet normal 0 1 0
    outer loop
      vertex -35.5 -1.5 2.4
      vertex -32.5 -1.5 0
      vertex -35.5 -1.5 0
    endloop
  endfacet
  facet normal 0 1 0
    outer loop
      vertex -35.5 -1.5 2.4
      vertex -32.5 -1.5 2.4
      vertex -32.5 -1.5 0
    endloop
  endfacet
  facet normal 1 0 0
    outer loop
      vertex -35.5 3.5 2.4
      vertex -35.5 -1.5 0
      vertex -35.5 3.5 0
    endloop
  endfacet
  facet normal 0 -1 0
    outer loop
      vertex -32.5 3.5 2.4
      vertex -35.5 3.5 0
      vertex -32.5 3.5 0
    endloop
  endfacet
  facet normal 1 0 0
    outer loop
      vertex -35.5 3.5 2.4
      vertex -35.5 -1.5 2.4
      vertex -35.5 -1.5 0
    endloop
  endfacet
  facet normal 0 -1 0
    outer loop
      vertex -32.5 3.5 2.4
      vertex -35.5 3.5 2.4
      vertex -35.5 3.5 0
    endloop
  endfacet
  facet normal -1 0 0
    outer loop
      vertex -32.5 -1.5 0
      vertex -32.5 -1.5 2.4
      vertex -32.5 3.5 0
    endloop
  endfacet
  facet normal -1 0 0
    outer loop
      vertex -32.5 -1.5 2.4
      vertex -32.5 3.5 2.4
      vertex -32.5 3.5 0
    endloop
  endfacet
  facet normal 0 1 0
    outer loop
      vertex -35.5 36.5 2.4
      vertex -32.5 36.5 0
      vertex -35.5 36.5 0
    endloop
  endfacet
  facet normal 0 1 0
    outer loop
      vertex -35.5 36.5 2.4
      vertex -32.5 36.5 2.4
      vertex -32.5 36.5 0
    endloop
  endfacet
  facet normal 1 0 0
    outer loop
      vertex -35.5 41.5 2.4
      vertex -35.5 36.5 0
      vertex -35.5 41.5 0
    endloop
  endfacet
  facet normal 0 -1 0
    outer loop
      vertex -35.5 41.5 0
      vertex -32.5 41.5 0
      vertex -32.5 41.5 2.4
    endloop
  endfacet
  facet normal 1 0 0
    outer loop
      vertex -35.5 41.5 2.4
      vertex -35.5 36.5 2.4
      vertex -35.5 36.5 0
    endloop
  endfacet
  facet normal 0 -1 0
    outer loop
      vertex -32.5 41.5 2.4
      vertex -35.5 41.5 2.4
      vertex -35.5 41.5 0
    endloop
  endfacet
  facet normal -1 0 0
    outer loop
      vertex -32.5 36.5 0
      vertex -32.5 36.5 2.4
      vertex -32.5 41.5 0
    endloop
  endfacet
  facet normal -1 0 0
    outer loop
      vertex -32.5 36.5 2.4
      vertex -32.5 41.5 2.4
      vertex -32.5 41.5 0
    endloop
  endfacet
  facet normal 0 1 0
    outer loop
      vertex 38.5 -1.5 0
      vertex 38.5 -1.5 2.4
      vertex 41.5 -1.5 0
    endloop
  endfacet
  facet normal 0 1 0
    outer loop
      vertex 38.5 -1.5 2.4
      vertex 41.5 -1.5 2.4
      vertex 41.5 -1.5 0
    endloop
  endfacet
  facet normal 0 -1 0
    outer loop
      vertex 38.5 3.5 0
      vertex 41.5 3.5 0
      vertex 41.5 3.5 2.4
    endloop
  endfacet
  facet normal -1 0 0
    outer loop
      vertex 41.5 -1.5 0
      vertex 41.5 -1.5 2.4
      vertex 41.5 3.5 0
    endloop
  endfacet
  facet normal 0 -1 0
    outer loop
      vertex 41.5 3.5 2.4
      vertex 38.5 3.5 2.4
      vertex 38.5 3.5 0
    endloop
  endfacet
  facet normal -1 0 0
    outer loop
      vertex 41.5 -1 2.4
      vertex 41.5 3.5 0
      vertex 41.5 -1.5 2.4
    endloop
  endfacet
  facet normal -1 0 0
    outer loop
      vertex 41.5 -1 2.4
      vertex 41.5 3 2.4
      vertex 41.5 3.5 0
    endloop
  endfacet
  facet normal -1 0 0
    outer loop
      vertex 41.5 3 2.4
      vertex 41.5 3.5 2.4
      vertex 41.5 3.5 0
    endloop
  endfacet
  facet normal 0 0 -1
    outer loop
      vertex 41.5 -1 2.45
      vertex 41 -1 2.45
      vertex 41.5 3 2.45
    endloop
  endfacet
  facet normal -1 0 0
    outer loop
      vertex 41.5 -1 2.4
      vertex 41.5 -1 2.45
      vertex 41.5 3 2.45
    endloop
  endfacet
  facet normal 0 0 -1
    outer loop
      vertex 41.5 3 2.45
      vertex 41 -1 2.45
      vertex 41 3 2.45
    endloop
  endfacet
  facet normal -1 0 0
    outer loop
      vertex 41.5 -1 2.4
      vertex 41.5 3 2.45
      vertex 41.5 3 2.4
    endloop
  endfacet
  facet normal 0 1 0
    outer loop
      vertex 38.5 36.5 0
      vertex 38.5 36.5 2.4
      vertex 41.5 36.5 0
    endloop
  endfacet
  facet normal 0 1 0
    outer loop
      vertex 38.5 36.5 2.4
      vertex 41.5 36.5 2.4
      vertex 41.5 36.5 0
    endloop
  endfacet
  facet normal 0 -1 0
    outer loop
      vertex 38.5 41.5 0
      vertex 41.5 41.5 0
      vertex 41.5 41.5 2.4
    endloop
  endfacet
  facet normal -1 0 0
    outer loop
      vertex 41.5 41.5 0
      vertex 41.5 36.5 0
      vertex 41.5 36.5 2.4
    endloop
  endfacet
  facet normal 0 -1 0
    outer loop
      vertex 38.5 41.5 0
      vertex 41.5 41.5 2.4
      vertex 38.5 41.5 2.4
    endloop
  endfacet
  facet normal -1 0 0
    outer loop
      vertex 41.5 37 2.4
      vertex 41.5 41.5 0
      vertex 41.5 36.5 2.4
    endloop
  endfacet
  facet normal -1 0 0
    outer loop
      vertex 41.5 41 2.4
      vertex 41.5 41.5 0
      vertex 41.5 37 2.4
    endloop
  endfacet
  facet normal -1 0 0
    outer loop
      vertex 41.5 41 2.4
      vertex 41.5 41.5 2.4
      vertex 41.5 41.5 0
    endloop
  endfacet
  facet normal 0 0 -1
    outer loop
      vertex 41.5 41 2.45
      vertex 41.5 37 2.45
      vertex 41 37 2.45
    endloop
  endfacet
  facet normal -1 0 0
    outer loop
      vertex 41.5 37 2.4
      vertex 41.5 37 2.45
      vertex 41.5 41 2.45
    endloop
  endfacet
  facet normal 0 0 -1
    outer loop
      vertex 41.5 41 2.45
      vertex 41 37 2.45
      vertex 41 41 2.45
    endloop
  endfacet
  facet normal -1 0 0
    outer loop
      vertex 41.5 41 2.4
      vertex 41.5 37 2.4
      vertex 41.5 41 2.45
    endloop
  endfacet
  facet normal 0 1 0
    outer loop
      vertex 38.5 -1.5 0
      vertex 37.5 -1.5 0
      vertex 37.5 -1.5 2.4
    endloop
  endfacet
  facet normal 1 0 0
    outer loop
      vertex 37.5 -1 2.4
      vertex 37.5 -1.5 2.4
      vertex 37.5 -1.5 0
    endloop
  endfacet
  facet normal 0 1 0
    outer loop
      vertex 38.5 -1.5 0
      vertex 37.5 -1.5 2.4
      vertex 38.5 -1.5 2.4
    endloop
  endfacet
  facet normal 1 0 0
    outer loop
      vertex 37.5 -1.5 0
      vertex 37.5 3.5 0
      vertex 37.5 3.5 2.4
    endloop
  endfacet
  facet normal 0 -1 0
    outer loop
      vertex 37.5 3.5 0
      vertex 38.5 3.5 0
      vertex 38.5 3.5 2.4
    endloop
  endfacet
  facet normal 1 0 0
    outer loop
      vertex 37.5 -1 2.4
      vertex 37.5 -1.5 0
      vertex 37.5 3 2.4
    endloop
  endfacet
  facet normal 1 0 0
    outer loop
      vertex 37.5 3 2.4
      vertex 37.5 -1.5 0
      vertex 37.5 3.5 2.4
    endloop
  endfacet
  facet normal 0 -1 0
    outer loop
      vertex 37.5 3.5 0
      vertex 38.5 3.5 2.4
      vertex 37.5 3.5 2.4
    endloop
  endfacet
  facet normal 1 0 0
    outer loop
      vertex 37.5 -1 2.4
      vertex 37.5 3 2.4
      vertex 37.5 -1 2.45
    endloop
  endfacet
  facet normal 0 0 -1
    outer loop
      vertex 37.5 -1 2.45
      vertex 38 3 2.45
      vertex 38 -1 2.45
    endloop
  endfacet
  facet normal 1 0 0
    outer loop
      vertex 37.5 3 2.4
      vertex 37.5 3 2.45
      vertex 37.5 -1 2.45
    endloop
  endfacet
  facet normal 0 0 -1
    outer loop
      vertex 37.5 -1 2.45
      vertex 37.5 3 2.45
      vertex 38 3 2.45
    endloop
  endfacet
  facet normal 0 1 0
    outer loop
      vertex 38.5 36.5 0
      vertex 37.5 36.5 0
      vertex 37.5 36.5 2.4
    endloop
  endfacet
  facet normal 1 0 0
    outer loop
      vertex 37.5 37 2.4
      vertex 37.5 36.5 2.4
      vertex 37.5 36.5 0
    endloop
  endfacet
  facet normal 0 1 0
    outer loop
      vertex 38.5 36.5 0
      vertex 37.5 36.5 2.4
      vertex 38.5 36.5 2.4
    endloop
  endfacet
  facet normal 1 0 0
    outer loop
      vertex 37.5 36.5 0
      vertex 37.5 41.5 0
      vertex 37.5 41.5 2.4
    endloop
  endfacet
  facet normal 0 -1 0
    outer loop
      vertex 37.5 41.5 0
      vertex 38.5 41.5 0
      vertex 38.5 41.5 2.4
    endloop
  endfacet
  facet normal 1 0 0
    outer loop
      vertex 37.5 41 2.4
      vertex 37.5 37 2.4
      vertex 37.5 36.5 0
    endloop
  endfacet
  facet normal 1 0 0
    outer loop
      vertex 37.5 41 2.4
      vertex 37.5 36.5 0
      vertex 37.5 41.5 2.4
    endloop
  endfacet
  facet normal 0 -1 0
    outer loop
      vertex 37.5 41.5 0
      vertex 38.5 41.5 2.4
      vertex 37.5 41.5 2.4
    endloop
  endfacet
  facet normal 1 0 0
    outer loop
      vertex 37.5 41 2.4
      vertex 37.5 37 2.45
      vertex 37.5 37 2.4
    endloop
  endfacet
  facet normal 0 0 -1
    outer loop
      vertex 37.5 37 2.45
      vertex 38 41 2.45
      vertex 38 37 2.45
    endloop
  endfacet
  facet normal 1 0 0
    outer loop
      vertex 37.5 41 2.4
      vertex 37.5 41 2.45
      vertex 37.5 37 2.45
    endloop
  endfacet
  facet normal 0 0 -1
    outer loop
      vertex 37.5 37 2.45
      vertex 37.5 41 2.45
      vertex 38 41 2.45
    endloop
  endfacet
  facet normal 0 1 0
    outer loop
      vertex 71.5 -1.5 0
      vertex 71.5 -1.5 2.4
      vertex 74.5 -1.5 0
    endloop
  endfacet
  facet normal 0 1 0
    outer loop
      vertex 71.5 -1.5 2.4
      vertex 73 -1.5 2.4
      vertex 74.5 -1.5 0
    endloop
  endfacet
  facet normal 0 1 0
    outer loop
      vertex 74.5 -1.5 2.45
      vertex 74.5 -1.5 0
      vertex 73 -1.5 2.4
    endloop
  endfacet
  facet normal 0 1 0
    outer loop
      vertex 74.5 -1.5 2.45
      vertex 73 -1.5 2.4
      vertex 73 -1.5 2.45
    endloop
  endfacet
  facet normal 1 0 0
    outer loop
      vertex 71.5 -1.5 0
      vertex 71.5 3.5 0
      vertex 71.5 3.5 2.4
    endloop
  endfacet
  facet normal 0 -1 0
    outer loop
      vertex 74.5 3.5 2.45
      vertex 71.5 3.5 0
      vertex 74.5 3.5 0
    endloop
  endfacet
  facet normal -1 0 0
    outer loop
      vertex 74.5 -1.5 2.45
      vertex 74.5 3.5 0
      vertex 74.5 -1.5 0
    endloop
  endfacet
  facet normal 1 0 0
    outer loop
      vertex 71.5 -1.5 0
      vertex 71.5 3.5 2.4
      vertex 71.5 -1.5 2.4
    endloop
  endfacet
  facet normal 0 -1 0
    outer loop
      vertex 73 3.5 2.4
      vertex 71.5 3.5 2.4
      vertex 71.5 3.5 0
    endloop
  endfacet
  facet normal 0 -1 0
    outer loop
      vertex 74.5 3.5 2.45
      vertex 73 3.5 2.4
      vertex 71.5 3.5 0
    endloop
  endfacet
  facet normal -1 0 0
    outer loop
      vertex 74.5 -1.5 2.45
      vertex 74.5 3.5 2.45
      vertex 74.5 3.5 0
    endloop
  endfacet
  facet normal 0 0 -1
    outer loop
      vertex 74.5 3.5 2.45
      vertex 73 -1.5 2.45
      vertex 73 3.5 2.45
    endloop
  endfacet
  facet normal 0 -1 0
    outer loop
      vertex 74.5 3.5 2.45
      vertex 73 3.5 2.45
      vertex 73 3.5 2.4
    endloop
  endfacet
  facet normal 0 0 -1
    outer loop
      vertex 74.5 -1.5 2.45
      vertex 73 -1.5 2.45
      vertex 74.5 3.5 2.45
    endloop
  endfacet
  facet normal 0 1 0
    outer loop
      vertex 74.5 36.5 0
      vertex 71.5 36.5 0
      vertex 71.5 36.5 2.4
    endloop
  endfacet
  facet normal 0 1 0
    outer loop
      vertex 71.5 36.5 2.4
      vertex 73 36.5 2.4
      vertex 74.5 36.5 0
    endloop
  endfacet
  facet normal 0 1 0
    outer loop
      vertex 74.5 36.5 2.45
      vertex 74.5 36.5 0
      vertex 73 36.5 2.4
    endloop
  endfacet
  facet normal 1 0 0
    outer loop
      vertex 71.5 36.5 0
      vertex 71.5 41.5 0
      vertex 71.5 41.5 2.4
    endloop
  endfacet
  facet normal 0 -1 0
    outer loop
      vertex 74.5 41.5 2.45
      vertex 71.5 41.5 0
      vertex 74.5 41.5 0
    endloop
  endfacet
  facet normal -1 0 0
    outer loop
      vertex 74.5 36.5 2.45
      vertex 74.5 41.5 0
      vertex 74.5 36.5 0
    endloop
  endfacet
  facet normal 1 0 0
    outer loop
      vertex 71.5 36.5 0
      vertex 71.5 41.5 2.4
      vertex 71.5 36.5 2.4
    endloop
  endfacet
  facet normal 0 -1 0
    outer loop
      vertex 73 41.5 2.4
      vertex 71.5 41.5 2.4
      vertex 71.5 41.5 0
    endloop
  endfacet
  facet normal 0 -1 0
    outer loop
      vertex 74.5 41.5 2.45
      vertex 73 41.5 2.4
      vertex 71.5 41.5 0
    endloop
  endfacet
  facet normal -1 0 0
    outer loop
      vertex 74.5 36.5 2.45
      vertex 74.5 41.5 2.45
      vertex 74.5 41.5 0
    endloop
  endfacet
  facet normal 0 1 0
    outer loop
      vertex 74.5 36.5 2.45
      vertex 73 36.5 2.4
      vertex 73 36.5 2.45
    endloop
  endfacet
  facet normal 0 0 -1
    outer loop
      vertex 74.5 41.5 2.45
      vertex 73 36.5 2.45
      vertex 73 41.5 2.45
    endloop
  endfacet
  facet normal 0 -1 0
    outer loop
      vertex 74.5 41.5 2.45
      vertex 73 41.5 2.45
      vertex 73 41.5 2.4
    endloop
  endfacet
  facet normal 0 0 -1
    outer loop
      vertex 74.5 36.5 2.45
      vertex 73 36.5 2.45
      vertex 74.5 41.5 2.45
    endloop
  endfacet
  facet normal 0 1 0
    outer loop
      vertex -68.5 -59.5 0
      vertex -68.5 -59.5 2.4
      vertex -65.5 -59.5 0
    endloop
  endfacet
  facet normal 0 1 0
    outer loop
      vertex -68.5 -59.5 2.4
      vertex -65.5 -59.5 2.4
      vertex -65.5 -59.5 0
    endloop
  endfacet
  facet normal 1 0 0
    outer loop
      vertex -68.5 -59.5 0
      vertex -68.5 -54.5 0
      vertex -68.5 -54.5 2.4
    endloop
  endfacet
  facet normal 1 0 0
    outer loop
      vertex -68.5 -54.5 2.4
      vertex -68.5 -59.5 2.4
      vertex -68.5 -59.5 0
    endloop
  endfacet
  facet normal 0 -1 0
    outer loop
      vertex -65.5 -54.5 0
      vertex -65.5 -54.5 2.4
      vertex -68.5 -54.5 0
    endloop
  endfacet
  facet normal 0 -1 0
    outer loop
      vertex -65.5 -54.5 2.4
      vertex -68.5 -54.5 2.4
      vertex -68.5 -54.5 0
    endloop
  endfacet
  facet normal -1 0 0
    outer loop
      vertex -65.5 -59.5 2.4
      vertex -65.5 -54.5 0
      vertex -65.5 -59.5 0
    endloop
  endfacet
  facet normal -1 0 0
    outer loop
      vertex -65.5 -59.5 2.4
      vertex -65.5 -54.5 2.4
      vertex -65.5 -54.5 0
    endloop
  endfacet
  facet normal 0 1 0
    outer loop
      vertex -68.5 -31.5 0
      vertex -68.5 -31.5 2.4
      vertex -65.5 -31.5 0
    endloop
  endfacet
  facet normal 1 0 0
    outer loop
      vertex -68.5 -31.5 2.4
      vertex -68.5 -31.5 0
      vertex -68.5 -26.5 2.4
    endloop
  endfacet
  facet normal 0 1 0
    outer loop
      vertex -68.5 -31.5 2.4
      vertex -65.5 -31.5 2.4
      vertex -65.5 -31.5 0
    endloop
  endfacet
  facet normal 1 0 0
    outer loop
      vertex -68.5 -31.5 0
      vertex -68.5 -26.5 0
      vertex -68.5 -26.5 2.4
    endloop
  endfacet
  facet normal 0 -1 0
    outer loop
      vertex -68.5 -26.5 0
      vertex -65.5 -26.5 0
      vertex -65.5 -26.5 2.4
    endloop
  endfacet
  facet normal 0 -1 0
    outer loop
      vertex -65.5 -26.5 2.4
      vertex -68.5 -26.5 2.4
      vertex -68.5 -26.5 0
    endloop
  endfacet
  facet normal -1 0 0
    outer loop
      vertex -65.5 -31.5 0
      vertex -65.5 -31.5 2.4
      vertex -65.5 -26.5 0
    endloop
  endfacet
  facet normal -1 0 0
    outer loop
      vertex -65.5 -31.5 2.4
      vertex -65.5 -26.5 2.4
      vertex -65.5 -26.5 0
    endloop
  endfacet
  facet normal 0 1 0
    outer loop
      vertex 15.5 -59.5 0
      vertex 15.5 -59.5 2.4
      vertex 18.5 -59.5 0
    endloop
  endfacet
  facet normal 0 1 0
    outer loop
      vertex 15.5 -59.5 2.4
      vertex 18.5 -59.5 2.4
      vertex 18.5 -59.5 0
    endloop
  endfacet
  facet normal 1 0 0
    outer loop
      vertex 15.5 -59.5 0
      vertex 15.5 -54.5 0
      vertex 15.5 -54.5 2.4
    endloop
  endfacet
  facet normal 1 0 0
    outer loop
      vertex 15.5 -54.5 2.4
      vertex 15.5 -59.5 2.4
      vertex 15.5 -59.5 0
    endloop
  endfacet
  facet normal -1 0 0
    outer loop
      vertex 18.5 -59.5 0
      vertex 18.5 -59.5 2.4
      vertex 18.5 -54.5 0
    endloop
  endfacet
  facet normal -1 0 0
    outer loop
      vertex 18.5 -59.5 2.4
      vertex 18.5 -54.5 2.4
      vertex 18.5 -54.5 0
    endloop
  endfacet
  facet normal 0 -1 0
    outer loop
      vertex 15.5 -54.5 0
      vertex 18.5 -54.5 0
      vertex 18.5 -54.5 2.4
    endloop
  endfacet
  facet normal 0 -1 0
    outer loop
      vertex 15.5 -54.5 0
      vertex 18.5 -54.5 2.4
      vertex 15.5 -54.5 2.4
    endloop
  endfacet
  facet normal 1 0 0
    outer loop
      vertex 15.5 -26.5 2.4
      vertex 15.5 -31.5 2.4
      vertex 15.5 -31.5 0
    endloop
  endfacet
  facet normal 1 0 0
    outer loop
      vertex 15.5 -26.5 2.4
      vertex 15.5 -31.5 0
      vertex 15.5 -26.5 0
    endloop
  endfacet
  facet normal 0 1 0
    outer loop
      vertex 15.5 -31.5 0
      vertex 15.5 -31.5 2.4
      vertex 18.5 -31.5 0
    endloop
  endfacet
  facet normal -1 0 0
    outer loop
      vertex 18.5 -31.5 0
      vertex 18.5 -31.5 2.4
      vertex 18.5 -26.5 0
    endloop
  endfacet
  facet normal 0 1 0
    outer loop
      vertex 15.5 -31.5 2.4
      vertex 18.5 -31.5 2.4
      vertex 18.5 -31.5 0
    endloop
  endfacet
  facet normal 0 -1 0
    outer loop
      vertex 18.5 -26.5 2.4
      vertex 15.5 -26.5 0
      vertex 18.5 -26.5 0
    endloop
  endfacet
  facet normal -1 0 0
    outer loop
      vertex 18.5 -31.5 2.4
      vertex 18.5 -26.5 2.4
      vertex 18.5 -26.5 0
    endloop
  endfacet
  facet normal 0 -1 0
    outer loop
      vertex 18.5 -26.5 2.4
      vertex 15.5 -26.5 2.4
      vertex 15.5 -26.5 0
    endloop
  endfacet
  facet normal 0.1950903220161077 0.9807852804032346 0
    outer loop
      vertex -81.98234285148068 -42.173333109150406 0
      vertex -81.98234285148068 -42.173333109150406 4
      vertex -81.69368393249512 -42.23075093809107 0
    endloop
  endfacet
  facet normal 0.06540312923015461 0.9978589232386027 0
    outer loop
      vertex -81.69368393249512 -42.23075093809107 0
      vertex -81.69368393249512 -42.23075093809107 4
      vertex -81.4 -42.25 0
    endloop
  endfacet
  facet normal -0.06540312923015461 0.9978589232386027 0
    outer loop
      vertex -81.4 -42.25 0
      vertex -81.4 -42.25 4
      vertex -81.10631606750489 -42.23075093809107 0
    endloop
  endfacet
  facet normal -0.1950903220161077 0.9807852804032346 0
    outer loop
      vertex -81.10631606750489 -42.23075093809107 0
      vertex -81.10631606750489 -42.23075093809107 4
      vertex -80.81765714851933 -42.173333109150406 0
    endloop
  endfacet
  facet normal -0.3214394653031827 0.9469301294950986 0
    outer loop
      vertex -80.81765714851933 -42.173333109150406 0
      vertex -80.81765714851933 -42.173333109150406 4
      vertex -80.53896227717856 -42.07872894815039 0
    endloop
  endfacet
  facet normal 0.3214394653031827 0.9469301294950986 0
    outer loop
      vertex -81.98234285148068 -42.173333109150406 0
      vertex -82.26103772282146 -42.07872894815039 4
      vertex -81.98234285148068 -42.173333109150406 4
    endloop
  endfacet
  facet normal 0.1950903220161077 0.9807852804032346 0
    outer loop
      vertex -81.69368393249512 -42.23075093809107 0
      vertex -81.98234285148068 -42.173333109150406 4
      vertex -81.69368393249512 -42.23075093809107 4
    endloop
  endfacet
  facet normal 0.06540312923015461 0.9978589232386027 0
    outer loop
      vertex -81.4 -42.25 0
      vertex -81.69368393249512 -42.23075093809107 4
      vertex -81.4 -42.25 4
    endloop
  endfacet
  facet normal -0.06540312923015461 0.9978589232386027 0
    outer loop
      vertex -81.10631606750489 -42.23075093809107 0
      vertex -81.4 -42.25 4
      vertex -81.10631606750489 -42.23075093809107 4
    endloop
  endfacet
  facet normal -0.1950903220161077 0.9807852804032346 0
    outer loop
      vertex -80.81765714851933 -42.173333109150406 0
      vertex -81.10631606750489 -42.23075093809107 4
      vertex -80.81765714851933 -42.173333109150406 4
    endloop
  endfacet
  facet normal 0.8968727415326844 0.4422886902190092 0
    outer loop
      vertex -83.34855715851499 -41.125 0
      vertex -83.4787289481504 -40.86103772282145 0
      vertex -83.4787289481504 -40.86103772282145 4
    endloop
  endfacet
  facet normal 0.9469301294951059 0.32143946530316103 0
    outer loop
      vertex -83.4787289481504 -40.86103772282145 0
      vertex -83.57333310915041 -40.582342851480675 0
      vertex -83.57333310915041 -40.582342851480675 4
    endloop
  endfacet
  facet normal 0.98078528040323 0.1950903220161309 0
    outer loop
      vertex -83.63075093809108 -40.293683932495114 4
      vertex -83.57333310915041 -40.582342851480675 0
      vertex -83.63075093809108 -40.293683932495114 0
    endloop
  endfacet
  facet normal 0.9978589232386043 0.06540312923013057 0
    outer loop
      vertex -83.65 -40 4
      vertex -83.63075093809108 -40.293683932495114 0
      vertex -83.65 -40 0
    endloop
  endfacet
  facet normal 0.6593458151000812 0.7518398074789664 0
    outer loop
      vertex -82.99099025766974 -41.59099025766973 4
      vertex -82.76971321526963 -41.78504501565528 0
      vertex -82.99099025766974 -41.59099025766973 0
    endloop
  endfacet
  facet normal 0.555570233019596 0.8314696123025496 0
    outer loop
      vertex -82.76971321526963 -41.78504501565528 4
      vertex -82.525 -41.94855715851499 0
      vertex -82.76971321526963 -41.78504501565528 0
    endloop
  endfacet
  facet normal 0.7518398074789651 0.6593458151000829 0
    outer loop
      vertex -82.99099025766974 -41.59099025766973 0
      vertex -83.18504501565529 -41.36971321526962 0
      vertex -83.18504501565529 -41.36971321526962 4
    endloop
  endfacet
  facet normal 0.8314696123025532 0.5555702330195903 0
    outer loop
      vertex -83.18504501565529 -41.36971321526962 0
      vertex -83.34855715851499 -41.125 0
      vertex -83.34855715851499 -41.125 4
    endloop
  endfacet
  facet normal 0.4422886902189898 0.896872741532694 0
    outer loop
      vertex -82.525 -41.94855715851499 0
      vertex -82.525 -41.94855715851499 4
      vertex -82.26103772282146 -42.07872894815039 0
    endloop
  endfacet
  facet normal 0.3214394653031827 0.9469301294950986 0
    outer loop
      vertex -82.26103772282146 -42.07872894815039 0
      vertex -82.26103772282146 -42.07872894815039 4
      vertex -81.98234285148068 -42.173333109150406 0
    endloop
  endfacet
  facet normal 0.9978589232386043 -0.06540312923013057 0
    outer loop
      vertex -83.63075093809108 -39.706316067504886 4
      vertex -83.65 -40 0
      vertex -83.63075093809108 -39.706316067504886 0
    endloop
  endfacet
  facet normal 0.98078528040323 -0.1950903220161309 0
    outer loop
      vertex -83.57333310915041 -39.417657148519325 4
      vertex -83.63075093809108 -39.706316067504886 0
      vertex -83.57333310915041 -39.417657148519325 0
    endloop
  endfacet
  facet normal 0.9469301294951059 -0.32143946530316103 0
    outer loop
      vertex -83.57333310915041 -39.417657148519325 0
      vertex -83.4787289481504 -39.13896227717855 0
      vertex -83.4787289481504 -39.13896227717855 4
    endloop
  endfacet
  facet normal 0.8968727415326844 -0.4422886902190092 0
    outer loop
      vertex -83.4787289481504 -39.13896227717855 0
      vertex -83.34855715851499 -38.875 0
      vertex -83.34855715851499 -38.875 4
    endloop
  endfacet
  facet normal 0.8314696123025532 -0.5555702330195903 0
    outer loop
      vertex -83.34855715851499 -38.875 0
      vertex -83.18504501565529 -38.63028678473038 0
      vertex -83.18504501565529 -38.63028678473038 4
    endloop
  endfacet
  facet normal 0.7518398074789651 -0.6593458151000829 0
    outer loop
      vertex -83.18504501565529 -38.63028678473038 0
      vertex -82.99099025766974 -38.40900974233027 0
      vertex -82.99099025766974 -38.40900974233027 4
    endloop
  endfacet
  facet normal 0.6593458151000812 -0.7518398074789664 0
    outer loop
      vertex -82.99099025766974 -38.40900974233027 0
      vertex -82.76971321526963 -38.21495498434472 0
      vertex -82.76971321526963 -38.21495498434472 4
    endloop
  endfacet
  facet normal 0.555570233019596 -0.8314696123025496 0
    outer loop
      vertex -82.525 -38.05144284148501 0
      vertex -82.525 -38.05144284148501 4
      vertex -82.76971321526963 -38.21495498434472 0
    endloop
  endfacet
  facet normal 0.4422886902189898 -0.896872741532694 0
    outer loop
      vertex -82.26103772282146 -37.92127105184961 0
      vertex -82.26103772282146 -37.92127105184961 4
      vertex -82.525 -38.05144284148501 0
    endloop
  endfacet
  facet normal 0.3214394653031827 -0.9469301294950986 0
    outer loop
      vertex -81.98234285148068 -37.826666890849594 0
      vertex -81.98234285148068 -37.826666890849594 4
      vertex -82.26103772282146 -37.92127105184961 0
    endloop
  endfacet
  facet normal -0.4422886902189898 0.896872741532694 0
    outer loop
      vertex -80.53896227717856 -42.07872894815039 0
      vertex -80.53896227717856 -42.07872894815039 4
      vertex -80.275 -41.94855715851499 0
    endloop
  endfacet
  facet normal -0.555570233019596 0.8314696123025496 0
    outer loop
      vertex -80.275 -41.94855715851499 0
      vertex -80.275 -41.94855715851499 4
      vertex -80.03028678473038 -41.78504501565528 0
    endloop
  endfacet
  facet normal -0.6593458151000812 0.7518398074789664 0
    outer loop
      vertex -80.03028678473038 -41.78504501565528 0
      vertex -80.03028678473038 -41.78504501565528 4
      vertex -79.80900974233028 -41.59099025766973 0
    endloop
  endfacet
  facet normal -0.7518398074789651 0.6593458151000829 0
    outer loop
      vertex -79.80900974233028 -41.59099025766973 0
      vertex -79.80900974233028 -41.59099025766973 4
      vertex -79.61495498434472 -41.36971321526962 0
    endloop
  endfacet
  facet normal -0.8314696123025532 0.5555702330195903 0
    outer loop
      vertex -79.45144284148502 -41.125 0
      vertex -79.61495498434472 -41.36971321526962 0
      vertex -79.61495498434472 -41.36971321526962 4
    endloop
  endfacet
  facet normal -0.8968727415326844 0.4422886902190092 0
    outer loop
      vertex -79.3212710518496 -40.86103772282145 0
      vertex -79.45144284148502 -41.125 0
      vertex -79.45144284148502 -41.125 4
    endloop
  endfacet
  facet normal -0.9469301294951059 0.32143946530316103 0
    outer loop
      vertex -79.2266668908496 -40.582342851480675 0
      vertex -79.3212710518496 -40.86103772282145 0
      vertex -79.3212710518496 -40.86103772282145 4
    endloop
  endfacet
  facet normal -0.98078528040323 0.1950903220161309 0
    outer loop
      vertex -79.16924906190893 -40.293683932495114 0
      vertex -79.2266668908496 -40.582342851480675 0
      vertex -79.2266668908496 -40.582342851480675 4
    endloop
  endfacet
  facet normal -0.9469301294951059 -0.32143946530316103 0
    outer loop
      vertex -79.3212710518496 -39.13896227717855 0
      vertex -79.2266668908496 -39.417657148519325 0
      vertex -79.2266668908496 -39.417657148519325 4
    endloop
  endfacet
  facet normal -0.8968727415326844 -0.4422886902190092 0
    outer loop
      vertex -79.45144284148502 -38.875 0
      vertex -79.3212710518496 -39.13896227717855 0
      vertex -79.3212710518496 -39.13896227717855 4
    endloop
  endfacet
  facet normal -0.4422886902189898 -0.896872741532694 0
    outer loop
      vertex -80.275 -38.05144284148501 0
      vertex -80.275 -38.05144284148501 4
      vertex -80.53896227717856 -37.92127105184961 0
    endloop
  endfacet
  facet normal -0.555570233019596 -0.8314696123025496 0
    outer loop
      vertex -80.03028678473038 -38.21495498434472 0
      vertex -80.03028678473038 -38.21495498434472 4
      vertex -80.275 -38.05144284148501 0
    endloop
  endfacet
  facet normal -0.7518398074789651 -0.6593458151000829 0
    outer loop
      vertex -79.80900974233028 -38.40900974233027 0
      vertex -79.61495498434472 -38.63028678473038 0
      vertex -79.61495498434472 -38.63028678473038 4
    endloop
  endfacet
  facet normal -0.8314696123025532 -0.5555702330195903 0
    outer loop
      vertex -79.61495498434472 -38.63028678473038 0
      vertex -79.45144284148502 -38.875 0
      vertex -79.45144284148502 -38.875 4
    endloop
  endfacet
  facet normal -0.6593458151000812 -0.7518398074789664 0
    outer loop
      vertex -79.80900974233028 -38.40900974233027 0
      vertex -79.80900974233028 -38.40900974233027 4
      vertex -80.03028678473038 -38.21495498434472 0
    endloop
  endfacet
  facet normal -0.9978589232386043 0.06540312923013057 0
    outer loop
      vertex -79.15 -40 0
      vertex -79.16924906190893 -40.293683932495114 0
      vertex -79.16924906190893 -40.293683932495114 4
    endloop
  endfacet
  facet normal -0.9978589232386043 -0.06540312923013057 0
    outer loop
      vertex -79.16924906190893 -39.706316067504886 0
      vertex -79.15 -40 0
      vertex -79.15 -40 4
    endloop
  endfacet
  facet normal -0.98078528040323 -0.1950903220161309 0
    outer loop
      vertex -79.2266668908496 -39.417657148519325 0
      vertex -79.16924906190893 -39.706316067504886 0
      vertex -79.16924906190893 -39.706316067504886 4
    endloop
  endfacet
  facet normal 0.1950903220161077 -0.9807852804032346 0
    outer loop
      vertex -81.69368393249512 -37.76924906190893 0
      vertex -81.69368393249512 -37.76924906190893 4
      vertex -81.98234285148068 -37.826666890849594 0
    endloop
  endfacet
  facet normal 0.06540312923015461 -0.9978589232386027 0
    outer loop
      vertex -81.4 -37.75 0
      vertex -81.4 -37.75 4
      vertex -81.69368393249512 -37.76924906190893 0
    endloop
  endfacet
  facet normal -0.06540312923015461 -0.9978589232386027 0
    outer loop
      vertex -81.10631606750489 -37.76924906190893 0
      vertex -81.10631606750489 -37.76924906190893 4
      vertex -81.4 -37.75 0
    endloop
  endfacet
  facet normal -0.1950903220161077 -0.9807852804032346 0
    outer loop
      vertex -80.81765714851933 -37.826666890849594 0
      vertex -80.81765714851933 -37.826666890849594 4
      vertex -81.10631606750489 -37.76924906190893 0
    endloop
  endfacet
  facet normal -0.3214394653031827 -0.9469301294950986 0
    outer loop
      vertex -80.53896227717856 -37.92127105184961 0
      vertex -80.53896227717856 -37.92127105184961 4
      vertex -80.81765714851933 -37.826666890849594 0
    endloop
  endfacet
  facet normal 0.8968727415326844 0.4422886902190092 0
    outer loop
      vertex -83.4787289481504 -40.86103772282145 4
      vertex -83.34855715851499 -41.125 4
      vertex -83.34855715851499 -41.125 0
    endloop
  endfacet
  facet normal 0.9469301294951059 0.32143946530316103 0
    outer loop
      vertex -83.57333310915041 -40.582342851480675 4
      vertex -83.4787289481504 -40.86103772282145 4
      vertex -83.4787289481504 -40.86103772282145 0
    endloop
  endfacet
  facet normal 0.98078528040323 0.1950903220161309 0
    outer loop
      vertex -83.63075093809108 -40.293683932495114 4
      vertex -83.57333310915041 -40.582342851480675 4
      vertex -83.57333310915041 -40.582342851480675 0
    endloop
  endfacet
  facet normal 0.9978589232386043 0.06540312923013057 0
    outer loop
      vertex -83.65 -40 4
      vertex -83.63075093809108 -40.293683932495114 4
      vertex -83.63075093809108 -40.293683932495114 0
    endloop
  endfacet
  facet normal 0.6593458151000812 0.7518398074789664 0
    outer loop
      vertex -82.76971321526963 -41.78504501565528 4
      vertex -82.76971321526963 -41.78504501565528 0
      vertex -82.99099025766974 -41.59099025766973 4
    endloop
  endfacet
  facet normal 0.7518398074789651 0.6593458151000829 0
    outer loop
      vertex -83.18504501565529 -41.36971321526962 4
      vertex -82.99099025766974 -41.59099025766973 4
      vertex -82.99099025766974 -41.59099025766973 0
    endloop
  endfacet
  facet normal 0.8314696123025532 0.5555702330195903 0
    outer loop
      vertex -83.34855715851499 -41.125 4
      vertex -83.18504501565529 -41.36971321526962 4
      vertex -83.18504501565529 -41.36971321526962 0
    endloop
  endfacet
  facet normal 0.555570233019596 0.8314696123025496 0
    outer loop
      vertex -82.525 -41.94855715851499 0
      vertex -82.76971321526963 -41.78504501565528 4
      vertex -82.525 -41.94855715851499 4
    endloop
  endfacet
  facet normal 0.4422886902189898 0.896872741532694 0
    outer loop
      vertex -82.26103772282146 -42.07872894815039 0
      vertex -82.525 -41.94855715851499 4
      vertex -82.26103772282146 -42.07872894815039 4
    endloop
  endfacet
  facet normal 0.9978589232386043 -0.06540312923013057 0
    outer loop
      vertex -83.63075093809108 -39.706316067504886 4
      vertex -83.65 -40 4
      vertex -83.65 -40 0
    endloop
  endfacet
  facet normal 0.98078528040323 -0.1950903220161309 0
    outer loop
      vertex -83.57333310915041 -39.417657148519325 4
      vertex -83.63075093809108 -39.706316067504886 4
      vertex -83.63075093809108 -39.706316067504886 0
    endloop
  endfacet
  facet normal 0.9469301294951059 -0.32143946530316103 0
    outer loop
      vertex -83.4787289481504 -39.13896227717855 4
      vertex -83.57333310915041 -39.417657148519325 4
      vertex -83.57333310915041 -39.417657148519325 0
    endloop
  endfacet
  facet normal 0.8968727415326844 -0.4422886902190092 0
    outer loop
      vertex -83.34855715851499 -38.875 4
      vertex -83.4787289481504 -39.13896227717855 4
      vertex -83.4787289481504 -39.13896227717855 0
    endloop
  endfacet
  facet normal 0.8314696123025532 -0.5555702330195903 0
    outer loop
      vertex -83.18504501565529 -38.63028678473038 4
      vertex -83.34855715851499 -38.875 4
      vertex -83.34855715851499 -38.875 0
    endloop
  endfacet
  facet normal 0.7518398074789651 -0.6593458151000829 0
    outer loop
      vertex -82.99099025766974 -38.40900974233027 4
      vertex -83.18504501565529 -38.63028678473038 4
      vertex -83.18504501565529 -38.63028678473038 0
    endloop
  endfacet
  facet normal 0.6593458151000812 -0.7518398074789664 0
    outer loop
      vertex -82.99099025766974 -38.40900974233027 0
      vertex -82.76971321526963 -38.21495498434472 4
      vertex -82.99099025766974 -38.40900974233027 4
    endloop
  endfacet
  facet normal 0.555570233019596 -0.8314696123025496 0
    outer loop
      vertex -82.76971321526963 -38.21495498434472 0
      vertex -82.525 -38.05144284148501 4
      vertex -82.76971321526963 -38.21495498434472 4
    endloop
  endfacet
  facet normal 0.4422886902189898 -0.896872741532694 0
    outer loop
      vertex -82.525 -38.05144284148501 0
      vertex -82.26103772282146 -37.92127105184961 4
      vertex -82.525 -38.05144284148501 4
    endloop
  endfacet
  facet normal 0.3214394653031827 -0.9469301294950986 0
    outer loop
      vertex -82.26103772282146 -37.92127105184961 0
      vertex -81.98234285148068 -37.826666890849594 4
      vertex -82.26103772282146 -37.92127105184961 4
    endloop
  endfacet
  facet normal -0.3214394653031827 0.9469301294950986 0
    outer loop
      vertex -80.53896227717856 -42.07872894815039 0
      vertex -80.81765714851933 -42.173333109150406 4
      vertex -80.53896227717856 -42.07872894815039 4
    endloop
  endfacet
  facet normal -0.4422886902189898 0.896872741532694 0
    outer loop
      vertex -80.275 -41.94855715851499 0
      vertex -80.53896227717856 -42.07872894815039 4
      vertex -80.275 -41.94855715851499 4
    endloop
  endfacet
  facet normal -0.555570233019596 0.8314696123025496 0
    outer loop
      vertex -80.03028678473038 -41.78504501565528 0
      vertex -80.275 -41.94855715851499 4
      vertex -80.03028678473038 -41.78504501565528 4
    endloop
  endfacet
  facet normal -0.6593458151000812 0.7518398074789664 0
    outer loop
      vertex -79.80900974233028 -41.59099025766973 0
      vertex -80.03028678473038 -41.78504501565528 4
      vertex -79.80900974233028 -41.59099025766973 4
    endloop
  endfacet
  facet normal -0.7518398074789651 0.6593458151000829 0
    outer loop
      vertex -79.80900974233028 -41.59099025766973 4
      vertex -79.61495498434472 -41.36971321526962 4
      vertex -79.61495498434472 -41.36971321526962 0
    endloop
  endfacet
  facet normal -0.8314696123025532 0.5555702330195903 0
    outer loop
      vertex -79.45144284148502 -41.125 0
      vertex -79.61495498434472 -41.36971321526962 4
      vertex -79.45144284148502 -41.125 4
    endloop
  endfacet
  facet normal -0.8968727415326844 0.4422886902190092 0
    outer loop
      vertex -79.3212710518496 -40.86103772282145 0
      vertex -79.45144284148502 -41.125 4
      vertex -79.3212710518496 -40.86103772282145 4
    endloop
  endfacet
  facet normal -0.9469301294951059 0.32143946530316103 0
    outer loop
      vertex -79.2266668908496 -40.582342851480675 0
      vertex -79.3212710518496 -40.86103772282145 4
      vertex -79.2266668908496 -40.582342851480675 4
    endloop
  endfacet
  facet normal -0.98078528040323 -0.1950903220161309 0
    outer loop
      vertex -79.2266668908496 -39.417657148519325 0
      vertex -79.16924906190893 -39.706316067504886 4
      vertex -79.2266668908496 -39.417657148519325 4
    endloop
  endfacet
  facet normal -0.9469301294951059 -0.32143946530316103 0
    outer loop
      vertex -79.3212710518496 -39.13896227717855 0
      vertex -79.2266668908496 -39.417657148519325 4
      vertex -79.3212710518496 -39.13896227717855 4
    endloop
  endfacet
  facet normal -0.4422886902189898 -0.896872741532694 0
    outer loop
      vertex -80.53896227717856 -37.92127105184961 0
      vertex -80.275 -38.05144284148501 4
      vertex -80.53896227717856 -37.92127105184961 4
    endloop
  endfacet
  facet normal -0.6593458151000812 -0.7518398074789664 0
    outer loop
      vertex -80.03028678473038 -38.21495498434472 0
      vertex -79.80900974233028 -38.40900974233027 4
      vertex -80.03028678473038 -38.21495498434472 4
    endloop
  endfacet
  facet normal -0.555570233019596 -0.8314696123025496 0
    outer loop
      vertex -80.275 -38.05144284148501 0
      vertex -80.03028678473038 -38.21495498434472 4
      vertex -80.275 -38.05144284148501 4
    endloop
  endfacet
  facet normal -0.8314696123025532 -0.5555702330195903 0
    outer loop
      vertex -79.61495498434472 -38.63028678473038 0
      vertex -79.45144284148502 -38.875 4
      vertex -79.61495498434472 -38.63028678473038 4
    endloop
  endfacet
  facet normal -0.7518398074789651 -0.6593458151000829 0
    outer loop
      vertex -79.80900974233028 -38.40900974233027 0
      vertex -79.61495498434472 -38.63028678473038 4
      vertex -79.80900974233028 -38.40900974233027 4
    endloop
  endfacet
  facet normal -0.8968727415326844 -0.4422886902190092 0
    outer loop
      vertex -79.45144284148502 -38.875 0
      vertex -79.3212710518496 -39.13896227717855 4
      vertex -79.45144284148502 -38.875 4
    endloop
  endfacet
  facet normal -0.98078528040323 0.1950903220161309 0
    outer loop
      vertex -79.16924906190893 -40.293683932495114 0
      vertex -79.2266668908496 -40.582342851480675 4
      vertex -79.16924906190893 -40.293683932495114 4
    endloop
  endfacet
  facet normal -0.9978589232386043 0.06540312923013057 0
    outer loop
      vertex -79.15 -40 0
      vertex -79.16924906190893 -40.293683932495114 4
      vertex -79.15 -40 4
    endloop
  endfacet
  facet normal -0.9978589232386043 -0.06540312923013057 0
    outer loop
      vertex -79.16924906190893 -39.706316067504886 0
      vertex -79.15 -40 4
      vertex -79.16924906190893 -39.706316067504886 4
    endloop
  endfacet
  facet normal 0.1950903220161077 -0.9807852804032346 0
    outer loop
      vertex -81.98234285148068 -37.826666890849594 0
      vertex -81.69368393249512 -37.76924906190893 4
      vertex -81.98234285148068 -37.826666890849594 4
    endloop
  endfacet
  facet normal 0.06540312923015461 -0.9978589232386027 0
    outer loop
      vertex -81.69368393249512 -37.76924906190893 0
      vertex -81.4 -37.75 4
      vertex -81.69368393249512 -37.76924906190893 4
    endloop
  endfacet
  facet normal -0.06540312923015461 -0.9978589232386027 0
    outer loop
      vertex -81.4 -37.75 0
      vertex -81.10631606750489 -37.76924906190893 4
      vertex -81.4 -37.75 4
    endloop
  endfacet
  facet normal -0.1950903220161077 -0.9807852804032346 0
    outer loop
      vertex -81.10631606750489 -37.76924906190893 0
      vertex -80.81765714851933 -37.826666890849594 4
      vertex -81.10631606750489 -37.76924906190893 4
    endloop
  endfacet
  facet normal -0.3214394653031827 -0.9469301294950986 0
    outer loop
      vertex -80.81765714851933 -37.826666890849594 0
      vertex -80.53896227717856 -37.92127105184961 4
      vertex -80.81765714851933 -37.826666890849594 4
    endloop
  endfacet
  facet normal 0.1950903220161077 0.9807852804032346 0
    outer loop
      vertex 80.81765714851933 -42.173333109150406 0
      vertex 80.81765714851933 -42.173333109150406 4
      vertex 81.10631606750489 -42.23075093809107 0
    endloop
  endfacet
  facet normal 0.06540312923015461 0.9978589232386027 0
    outer loop
      vertex 81.10631606750489 -42.23075093809107 0
      vertex 81.10631606750489 -42.23075093809107 4
      vertex 81.4 -42.25 0
    endloop
  endfacet
  facet normal -0.06540312923015461 0.9978589232386027 0
    outer loop
      vertex 81.4 -42.25 0
      vertex 81.4 -42.25 4
      vertex 81.69368393249512 -42.23075093809107 0
    endloop
  endfacet
  facet normal -0.1950903220161077 0.9807852804032346 0
    outer loop
      vertex 81.69368393249512 -42.23075093809107 0
      vertex 81.69368393249512 -42.23075093809107 4
      vertex 81.98234285148068 -42.173333109150406 0
    endloop
  endfacet
  facet normal -0.3214394653031827 0.9469301294950986 0
    outer loop
      vertex 81.98234285148068 -42.173333109150406 0
      vertex 81.98234285148068 -42.173333109150406 4
      vertex 82.26103772282146 -42.07872894815039 0
    endloop
  endfacet
  facet normal 0.3214394653031827 0.9469301294950986 0
    outer loop
      vertex 80.81765714851933 -42.173333109150406 0
      vertex 80.53896227717856 -42.07872894815039 4
      vertex 80.81765714851933 -42.173333109150406 4
    endloop
  endfacet
  facet normal 0.1950903220161077 0.9807852804032346 0
    outer loop
      vertex 81.10631606750489 -42.23075093809107 0
      vertex 80.81765714851933 -42.173333109150406 4
      vertex 81.10631606750489 -42.23075093809107 4
    endloop
  endfacet
  facet normal 0.06540312923015461 0.9978589232386027 0
    outer loop
      vertex 81.4 -42.25 0
      vertex 81.10631606750489 -42.23075093809107 4
      vertex 81.4 -42.25 4
    endloop
  endfacet
  facet normal -0.06540312923015461 0.9978589232386027 0
    outer loop
      vertex 81.69368393249512 -42.23075093809107 0
      vertex 81.4 -42.25 4
      vertex 81.69368393249512 -42.23075093809107 4
    endloop
  endfacet
  facet normal -0.1950903220161077 0.9807852804032346 0
    outer loop
      vertex 81.98234285148068 -42.173333109150406 0
      vertex 81.69368393249512 -42.23075093809107 4
      vertex 81.98234285148068 -42.173333109150406 4
    endloop
  endfacet
  facet normal 0.98078528040323 0.1950903220161309 0
    outer loop
      vertex 79.16924906190893 -40.293683932495114 4
      vertex 79.2266668908496 -40.582342851480675 0
      vertex 79.16924906190893 -40.293683932495114 0
    endloop
  endfacet
  facet normal 0.9978589232386043 0.06540312923013057 0
    outer loop
      vertex 79.15 -40 4
      vertex 79.16924906190893 -40.293683932495114 0
      vertex 79.15 -40 0
    endloop
  endfacet
  facet normal 0.9978589232386043 -0.06540312923013057 0
    outer loop
      vertex 79.16924906190893 -39.706316067504886 4
      vertex 79.15 -40 0
      vertex 79.16924906190893 -39.706316067504886 0
    endloop
  endfacet
  facet normal 0.6593458151000812 0.7518398074789664 0
    outer loop
      vertex 80.03028678473038 -41.78504501565528 0
      vertex 79.80900974233028 -41.59099025766973 0
      vertex 79.80900974233028 -41.59099025766973 4
    endloop
  endfacet
  facet normal 0.8314696123025532 0.5555702330195903 0
    outer loop
      vertex 79.61495498434472 -41.36971321526962 0
      vertex 79.45144284148502 -41.125 0
      vertex 79.45144284148502 -41.125 4
    endloop
  endfacet
  facet normal 0.7518398074789651 0.6593458151000829 0
    outer loop
      vertex 79.80900974233028 -41.59099025766973 0
      vertex 79.61495498434472 -41.36971321526962 0
      vertex 79.61495498434472 -41.36971321526962 4
    endloop
  endfacet
  facet normal 0.555570233019596 0.8314696123025496 0
    outer loop
      vertex 80.03028678473038 -41.78504501565528 4
      vertex 80.275 -41.94855715851499 0
      vertex 80.03028678473038 -41.78504501565528 0
    endloop
  endfacet
  facet normal 0.4422886902189898 0.896872741532694 0
    outer loop
      vertex 80.275 -41.94855715851499 4
      vertex 80.53896227717856 -42.07872894815039 0
      vertex 80.275 -41.94855715851499 0
    endloop
  endfacet
  facet normal 0.8968727415326844 0.4422886902190092 0
    outer loop
      vertex 79.45144284148502 -41.125 0
      vertex 79.3212710518496 -40.86103772282145 0
      vertex 79.3212710518496 -40.86103772282145 4
    endloop
  endfacet
  facet normal 0.9469301294951059 0.32143946530316103 0
    outer loop
      vertex 79.2266668908496 -40.582342851480675 4
      vertex 79.3212710518496 -40.86103772282145 0
      vertex 79.2266668908496 -40.582342851480675 0
    endloop
  endfacet
  facet normal 0.3214394653031827 0.9469301294950986 0
    outer loop
      vertex 80.53896227717856 -42.07872894815039 4
      vertex 80.81765714851933 -42.173333109150406 0
      vertex 80.53896227717856 -42.07872894815039 0
    endloop
  endfacet
  facet normal 0.98078528040323 -0.1950903220161309 0
    outer loop
      vertex 79.2266668908496 -39.417657148519325 4
      vertex 79.16924906190893 -39.706316067504886 0
      vertex 79.2266668908496 -39.417657148519325 0
    endloop
  endfacet
  facet normal 0.9469301294951059 -0.32143946530316103 0
    outer loop
      vertex 79.3212710518496 -39.13896227717855 4
      vertex 79.2266668908496 -39.417657148519325 0
      vertex 79.3212710518496 -39.13896227717855 0
    endloop
  endfacet
  facet normal 0.8968727415326844 -0.4422886902190092 0
    outer loop
      vertex 79.45144284148502 -38.875 4
      vertex 79.3212710518496 -39.13896227717855 0
      vertex 79.45144284148502 -38.875 0
    endloop
  endfacet
  facet normal 0.8314696123025532 -0.5555702330195903 0
    outer loop
      vertex 79.61495498434472 -38.63028678473038 4
      vertex 79.45144284148502 -38.875 0
      vertex 79.61495498434472 -38.63028678473038 0
    endloop
  endfacet
  facet normal 0.7518398074789651 -0.6593458151000829 0
    outer loop
      vertex 79.80900974233028 -38.40900974233027 4
      vertex 79.61495498434472 -38.63028678473038 0
      vertex 79.80900974233028 -38.40900974233027 0
    endloop
  endfacet
  facet normal 0.6593458151000812 -0.7518398074789664 0
    outer loop
      vertex 79.80900974233028 -38.40900974233027 0
      vertex 80.03028678473038 -38.21495498434472 0
      vertex 80.03028678473038 -38.21495498434472 4
    endloop
  endfacet
  facet normal 0.555570233019596 -0.8314696123025496 0
    outer loop
      vertex 80.275 -38.05144284148501 0
      vertex 80.275 -38.05144284148501 4
      vertex 80.03028678473038 -38.21495498434472 0
    endloop
  endfacet
  facet normal 0.4422886902189898 -0.896872741532694 0
    outer loop
      vertex 80.53896227717856 -37.92127105184961 0
      vertex 80.53896227717856 -37.92127105184961 4
      vertex 80.275 -38.05144284148501 0
    endloop
  endfacet
  facet normal 0.3214394653031827 -0.9469301294950986 0
    outer loop
      vertex 80.81765714851933 -37.826666890849594 0
      vertex 80.81765714851933 -37.826666890849594 4
      vertex 80.53896227717856 -37.92127105184961 0
    endloop
  endfacet
  facet normal 0.1950903220161077 -0.9807852804032346 0
    outer loop
      vertex 81.10631606750489 -37.76924906190893 0
      vertex 81.10631606750489 -37.76924906190893 4
      vertex 80.81765714851933 -37.826666890849594 0
    endloop
  endfacet
  facet normal 0.06540312923015461 -0.9978589232386027 0
    outer loop
      vertex 81.4 -37.75 0
      vertex 81.4 -37.75 4
      vertex 81.10631606750489 -37.76924906190893 0
    endloop
  endfacet
  facet normal -0.06540312923015461 -0.9978589232386027 0
    outer loop
      vertex 81.69368393249512 -37.76924906190893 0
      vertex 81.69368393249512 -37.76924906190893 4
      vertex 81.4 -37.75 0
    endloop
  endfacet
  facet normal -0.1950903220161077 -0.9807852804032346 0
    outer loop
      vertex 81.98234285148068 -37.826666890849594 0
      vertex 81.98234285148068 -37.826666890849594 4
      vertex 81.69368393249512 -37.76924906190893 0
    endloop
  endfacet
  facet normal -0.4422886902189898 0.896872741532694 0
    outer loop
      vertex 82.26103772282146 -42.07872894815039 0
      vertex 82.26103772282146 -42.07872894815039 4
      vertex 82.525 -41.94855715851499 0
    endloop
  endfacet
  facet normal -0.555570233019596 0.8314696123025496 0
    outer loop
      vertex 82.525 -41.94855715851499 0
      vertex 82.525 -41.94855715851499 4
      vertex 82.76971321526963 -41.78504501565528 0
    endloop
  endfacet
  facet normal -0.6593458151000812 0.7518398074789664 0
    outer loop
      vertex 82.76971321526963 -41.78504501565528 0
      vertex 82.76971321526963 -41.78504501565528 4
      vertex 82.99099025766974 -41.59099025766973 0
    endloop
  endfacet
  facet normal -0.7518398074789651 0.6593458151000829 0
    outer loop
      vertex 82.99099025766974 -41.59099025766973 0
      vertex 82.99099025766974 -41.59099025766973 4
      vertex 83.18504501565529 -41.36971321526962 0
    endloop
  endfacet
  facet normal -0.8314696123025532 0.5555702330195903 0
    outer loop
      vertex 83.34855715851499 -41.125 0
      vertex 83.18504501565529 -41.36971321526962 0
      vertex 83.18504501565529 -41.36971321526962 4
    endloop
  endfacet
  facet normal -0.8968727415326844 0.4422886902190092 0
    outer loop
      vertex 83.4787289481504 -40.86103772282145 0
      vertex 83.34855715851499 -41.125 0
      vertex 83.34855715851499 -41.125 4
    endloop
  endfacet
  facet normal -0.9469301294951059 0.32143946530316103 0
    outer loop
      vertex 83.57333310915041 -40.582342851480675 0
      vertex 83.4787289481504 -40.86103772282145 0
      vertex 83.4787289481504 -40.86103772282145 4
    endloop
  endfacet
  facet normal -0.98078528040323 0.1950903220161309 0
    outer loop
      vertex 83.63075093809108 -40.293683932495114 0
      vertex 83.57333310915041 -40.582342851480675 0
      vertex 83.57333310915041 -40.582342851480675 4
    endloop
  endfacet
  facet normal -0.9978589232386043 0.06540312923013057 0
    outer loop
      vertex 83.65 -40 0
      vertex 83.63075093809108 -40.293683932495114 0
      vertex 83.63075093809108 -40.293683932495114 4
    endloop
  endfacet
  facet normal -0.4422886902189898 -0.896872741532694 0
    outer loop
      vertex 82.525 -38.05144284148501 0
      vertex 82.525 -38.05144284148501 4
      vertex 82.26103772282146 -37.92127105184961 0
    endloop
  endfacet
  facet normal -0.8314696123025532 -0.5555702330195903 0
    outer loop
      vertex 83.18504501565529 -38.63028678473038 0
      vertex 83.34855715851499 -38.875 0
      vertex 83.34855715851499 -38.875 4
    endloop
  endfacet
  facet normal -0.7518398074789651 -0.6593458151000829 0
    outer loop
      vertex 82.99099025766974 -38.40900974233027 0
      vertex 83.18504501565529 -38.63028678473038 0
      vertex 83.18504501565529 -38.63028678473038 4
    endloop
  endfacet
  facet normal -0.6593458151000812 -0.7518398074789664 0
    outer loop
      vertex 82.76971321526963 -38.21495498434472 0
      vertex 82.99099025766974 -38.40900974233027 0
      vertex 82.99099025766974 -38.40900974233027 4
    endloop
  endfacet
  facet normal -0.555570233019596 -0.8314696123025496 0
    outer loop
      vertex 82.76971321526963 -38.21495498434472 0
      vertex 82.76971321526963 -38.21495498434472 4
      vertex 82.525 -38.05144284148501 0
    endloop
  endfacet
  facet normal -0.9978589232386043 -0.06540312923013057 0
    outer loop
      vertex 83.63075093809108 -39.706316067504886 0
      vertex 83.65 -40 0
      vertex 83.65 -40 4
    endloop
  endfacet
  facet normal -0.98078528040323 -0.1950903220161309 0
    outer loop
      vertex 83.57333310915041 -39.417657148519325 0
      vertex 83.63075093809108 -39.706316067504886 0
      vertex 83.63075093809108 -39.706316067504886 4
    endloop
  endfacet
  facet normal -0.9469301294951059 -0.32143946530316103 0
    outer loop
      vertex 83.4787289481504 -39.13896227717855 0
      vertex 83.57333310915041 -39.417657148519325 0
      vertex 83.57333310915041 -39.417657148519325 4
    endloop
  endfacet
  facet normal -0.8968727415326844 -0.4422886902190092 0
    outer loop
      vertex 83.34855715851499 -38.875 0
      vertex 83.4787289481504 -39.13896227717855 0
      vertex 83.4787289481504 -39.13896227717855 4
    endloop
  endfacet
  facet normal -0.3214394653031827 -0.9469301294950986 0
    outer loop
      vertex 82.26103772282146 -37.92127105184961 0
      vertex 82.26103772282146 -37.92127105184961 4
      vertex 81.98234285148068 -37.826666890849594 0
    endloop
  endfacet
  facet normal 0.9978589232386043 0.06540312923013057 0
    outer loop
      vertex 79.15 -40 4
      vertex 79.16924906190893 -40.293683932495114 4
      vertex 79.16924906190893 -40.293683932495114 0
    endloop
  endfacet
  facet normal 0.9978589232386043 -0.06540312923013057 0
    outer loop
      vertex 79.16924906190893 -39.706316067504886 4
      vertex 79.15 -40 4
      vertex 79.15 -40 0
    endloop
  endfacet
  facet normal 0.98078528040323 -0.1950903220161309 0
    outer loop
      vertex 79.2266668908496 -39.417657148519325 4
      vertex 79.16924906190893 -39.706316067504886 4
      vertex 79.16924906190893 -39.706316067504886 0
    endloop
  endfacet
  facet normal 0.7518398074789651 0.6593458151000829 0
    outer loop
      vertex 79.61495498434472 -41.36971321526962 4
      vertex 79.80900974233028 -41.59099025766973 4
      vertex 79.80900974233028 -41.59099025766973 0
    endloop
  endfacet
  facet normal 0.8314696123025532 0.5555702330195903 0
    outer loop
      vertex 79.45144284148502 -41.125 4
      vertex 79.61495498434472 -41.36971321526962 4
      vertex 79.61495498434472 -41.36971321526962 0
    endloop
  endfacet
  facet normal 0.555570233019596 0.8314696123025496 0
    outer loop
      vertex 80.275 -41.94855715851499 4
      vertex 80.275 -41.94855715851499 0
      vertex 80.03028678473038 -41.78504501565528 4
    endloop
  endfacet
  facet normal 0.6593458151000812 0.7518398074789664 0
    outer loop
      vertex 80.03028678473038 -41.78504501565528 4
      vertex 80.03028678473038 -41.78504501565528 0
      vertex 79.80900974233028 -41.59099025766973 4
    endloop
  endfacet
  facet normal 0.4422886902189898 0.896872741532694 0
    outer loop
      vertex 80.53896227717856 -42.07872894815039 4
      vertex 80.53896227717856 -42.07872894815039 0
      vertex 80.275 -41.94855715851499 4
    endloop
  endfacet
  facet normal 0.8968727415326844 0.4422886902190092 0
    outer loop
      vertex 79.3212710518496 -40.86103772282145 4
      vertex 79.45144284148502 -41.125 4
      vertex 79.45144284148502 -41.125 0
    endloop
  endfacet
  facet normal 0.9469301294951059 0.32143946530316103 0
    outer loop
      vertex 79.2266668908496 -40.582342851480675 4
      vertex 79.3212710518496 -40.86103772282145 4
      vertex 79.3212710518496 -40.86103772282145 0
    endloop
  endfacet
  facet normal 0.98078528040323 0.1950903220161309 0
    outer loop
      vertex 79.16924906190893 -40.293683932495114 4
      vertex 79.2266668908496 -40.582342851480675 4
      vertex 79.2266668908496 -40.582342851480675 0
    endloop
  endfacet
  facet normal 0.9469301294951059 -0.32143946530316103 0
    outer loop
      vertex 79.3212710518496 -39.13896227717855 4
      vertex 79.2266668908496 -39.417657148519325 4
      vertex 79.2266668908496 -39.417657148519325 0
    endloop
  endfacet
  facet normal 0.8968727415326844 -0.4422886902190092 0
    outer loop
      vertex 79.45144284148502 -38.875 4
      vertex 79.3212710518496 -39.13896227717855 4
      vertex 79.3212710518496 -39.13896227717855 0
    endloop
  endfacet
  facet normal 0.8314696123025532 -0.5555702330195903 0
    outer loop
      vertex 79.61495498434472 -38.63028678473038 4
      vertex 79.45144284148502 -38.875 4
      vertex 79.45144284148502 -38.875 0
    endloop
  endfacet
  facet normal 0.7518398074789651 -0.6593458151000829 0
    outer loop
      vertex 79.80900974233028 -38.40900974233027 4
      vertex 79.61495498434472 -38.63028678473038 4
      vertex 79.61495498434472 -38.63028678473038 0
    endloop
  endfacet
  facet normal 0.6593458151000812 -0.7518398074789664 0
    outer loop
      vertex 79.80900974233028 -38.40900974233027 4
      vertex 79.80900974233028 -38.40900974233027 0
      vertex 80.03028678473038 -38.21495498434472 4
    endloop
  endfacet
  facet normal 0.555570233019596 -0.8314696123025496 0
    outer loop
      vertex 80.03028678473038 -38.21495498434472 0
      vertex 80.275 -38.05144284148501 4
      vertex 80.03028678473038 -38.21495498434472 4
    endloop
  endfacet
  facet normal 0.4422886902189898 -0.896872741532694 0
    outer loop
      vertex 80.275 -38.05144284148501 0
      vertex 80.53896227717856 -37.92127105184961 4
      vertex 80.275 -38.05144284148501 4
    endloop
  endfacet
  facet normal 0.3214394653031827 -0.9469301294950986 0
    outer loop
      vertex 80.53896227717856 -37.92127105184961 0
      vertex 80.81765714851933 -37.826666890849594 4
      vertex 80.53896227717856 -37.92127105184961 4
    endloop
  endfacet
  facet normal 0.1950903220161077 -0.9807852804032346 0
    outer loop
      vertex 80.81765714851933 -37.826666890849594 0
      vertex 81.10631606750489 -37.76924906190893 4
      vertex 80.81765714851933 -37.826666890849594 4
    endloop
  endfacet
  facet normal 0.06540312923015461 -0.9978589232386027 0
    outer loop
      vertex 81.10631606750489 -37.76924906190893 0
      vertex 81.4 -37.75 4
      vertex 81.10631606750489 -37.76924906190893 4
    endloop
  endfacet
  facet normal -0.06540312923015461 -0.9978589232386027 0
    outer loop
      vertex 81.4 -37.75 0
      vertex 81.69368393249512 -37.76924906190893 4
      vertex 81.4 -37.75 4
    endloop
  endfacet
  facet normal -0.1950903220161077 -0.9807852804032346 0
    outer loop
      vertex 81.69368393249512 -37.76924906190893 0
      vertex 81.98234285148068 -37.826666890849594 4
      vertex 81.69368393249512 -37.76924906190893 4
    endloop
  endfacet
  facet normal -0.3214394653031827 0.9469301294950986 0
    outer loop
      vertex 82.26103772282146 -42.07872894815039 0
      vertex 81.98234285148068 -42.173333109150406 4
      vertex 82.26103772282146 -42.07872894815039 4
    endloop
  endfacet
  facet normal -0.4422886902189898 0.896872741532694 0
    outer loop
      vertex 82.525 -41.94855715851499 0
      vertex 82.26103772282146 -42.07872894815039 4
      vertex 82.525 -41.94855715851499 4
    endloop
  endfacet
  facet normal -0.555570233019596 0.8314696123025496 0
    outer loop
      vertex 82.76971321526963 -41.78504501565528 0
      vertex 82.525 -41.94855715851499 4
      vertex 82.76971321526963 -41.78504501565528 4
    endloop
  endfacet
  facet normal -0.6593458151000812 0.7518398074789664 0
    outer loop
      vertex 82.99099025766974 -41.59099025766973 0
      vertex 82.76971321526963 -41.78504501565528 4
      vertex 82.99099025766974 -41.59099025766973 4
    endloop
  endfacet
  facet normal -0.7518398074789651 0.6593458151000829 0
    outer loop
      vertex 82.99099025766974 -41.59099025766973 4
      vertex 83.18504501565529 -41.36971321526962 4
      vertex 83.18504501565529 -41.36971321526962 0
    endloop
  endfacet
  facet normal -0.8314696123025532 0.5555702330195903 0
    outer loop
      vertex 83.18504501565529 -41.36971321526962 4
      vertex 83.34855715851499 -41.125 4
      vertex 83.34855715851499 -41.125 0
    endloop
  endfacet
  facet normal -0.8968727415326844 0.4422886902190092 0
    outer loop
      vertex 83.34855715851499 -41.125 4
      vertex 83.4787289481504 -40.86103772282145 4
      vertex 83.4787289481504 -40.86103772282145 0
    endloop
  endfacet
  facet normal -0.9469301294951059 0.32143946530316103 0
    outer loop
      vertex 83.4787289481504 -40.86103772282145 4
      vertex 83.57333310915041 -40.582342851480675 4
      vertex 83.57333310915041 -40.582342851480675 0
    endloop
  endfacet
  facet normal -0.98078528040323 0.1950903220161309 0
    outer loop
      vertex 83.63075093809108 -40.293683932495114 0
      vertex 83.57333310915041 -40.582342851480675 4
      vertex 83.63075093809108 -40.293683932495114 4
    endloop
  endfacet
  facet normal -0.9978589232386043 0.06540312923013057 0
    outer loop
      vertex 83.65 -40 0
      vertex 83.63075093809108 -40.293683932495114 4
      vertex 83.65 -40 4
    endloop
  endfacet
  facet normal -0.4422886902189898 -0.896872741532694 0
    outer loop
      vertex 82.26103772282146 -37.92127105184961 0
      vertex 82.525 -38.05144284148501 4
      vertex 82.26103772282146 -37.92127105184961 4
    endloop
  endfacet
  facet normal -0.555570233019596 -0.8314696123025496 0
    outer loop
      vertex 82.525 -38.05144284148501 0
      vertex 82.76971321526963 -38.21495498434472 4
      vertex 82.525 -38.05144284148501 4
    endloop
  endfacet
  facet normal -0.8314696123025532 -0.5555702330195903 0
    outer loop
      vertex 83.18504501565529 -38.63028678473038 0
      vertex 83.34855715851499 -38.875 4
      vertex 83.18504501565529 -38.63028678473038 4
    endloop
  endfacet
  facet normal -0.7518398074789651 -0.6593458151000829 0
    outer loop
      vertex 82.99099025766974 -38.40900974233027 0
      vertex 83.18504501565529 -38.63028678473038 4
      vertex 82.99099025766974 -38.40900974233027 4
    endloop
  endfacet
  facet normal -0.6593458151000812 -0.7518398074789664 0
    outer loop
      vertex 82.76971321526963 -38.21495498434472 0
      vertex 82.99099025766974 -38.40900974233027 4
      vertex 82.76971321526963 -38.21495498434472 4
    endloop
  endfacet
  facet normal -0.9978589232386043 -0.06540312923013057 0
    outer loop
      vertex 83.63075093809108 -39.706316067504886 0
      vertex 83.65 -40 4
      vertex 83.63075093809108 -39.706316067504886 4
    endloop
  endfacet
  facet normal -0.98078528040323 -0.1950903220161309 0
    outer loop
      vertex 83.57333310915041 -39.417657148519325 0
      vertex 83.63075093809108 -39.706316067504886 4
      vertex 83.57333310915041 -39.417657148519325 4
    endloop
  endfacet
  facet normal -0.9469301294951059 -0.32143946530316103 0
    outer loop
      vertex 83.4787289481504 -39.13896227717855 0
      vertex 83.57333310915041 -39.417657148519325 4
      vertex 83.4787289481504 -39.13896227717855 4
    endloop
  endfacet
  facet normal -0.8968727415326844 -0.4422886902190092 0
    outer loop
      vertex 83.34855715851499 -38.875 0
      vertex 83.4787289481504 -39.13896227717855 4
      vertex 83.34855715851499 -38.875 4
    endloop
  endfacet
  facet normal -0.3214394653031827 -0.9469301294950986 0
    outer loop
      vertex 81.98234285148068 -37.826666890849594 0
      vertex 82.26103772282146 -37.92127105184961 4
      vertex 81.98234285148068 -37.826666890849594 4
    endloop
  endfacet
  facet normal 0 0 1
    outer loop
      vertex -66 67.39999999850988 9.399999999999999
      vertex -66 65 9.399999999999999
      vertex -42 67.39999999850988 9.399999999999999
    endloop
  endfacet
  facet normal 0 0 1
    outer loop
      vertex -66 65 9.399999999999999
      vertex -42 65 9.399999999999999
      vertex -42 67.39999999850988 9.399999999999999
    endloop
  endfacet
  facet normal 1 0 0
    outer loop
      vertex -66 65 9.399999999999999
      vertex -66 67.39999999850988 9.399999999999999
      vertex -66 65 32.4
    endloop
  endfacet
  facet normal 1 0 0
    outer loop
      vertex -66 67.39999999850988 32.4
      vertex -66 65 32.4
      vertex -66 67.39999999850988 9.399999999999999
    endloop
  endfacet
  facet normal -1 0 0
    outer loop
      vertex -42 65 9.399999999999999
      vertex -42 67.39999999850988 32.4
      vertex -42 67.39999999850988 9.399999999999999
    endloop
  endfacet
  facet normal -1 0 0
    outer loop
      vertex -42 65 32.4
      vertex -42 67.39999999850988 32.4
      vertex -42 65 9.399999999999999
    endloop
  endfacet
endsolid OpenSCAD_Model
