solid OpenSCAD_Model
  facet normal 0.6593458151000645 0.7518398074789812 0
    outer loop
      vertex -71.31923881554252 -63.31923881554252 0
      vertex -71.31923881554252 -63.31923881554252 2.4
      vertex -71.19138985771134 -63.43135934237861 0
    endloop
  endfacet
  facet normal 0.7518398074789812 0.6593458151000645 0
    outer loop
      vertex -71.31923881554252 -63.31923881554252 0
      vertex -71.43135934237861 -63.19138985771134 0
      vertex -71.43135934237861 -63.19138985771134 2.4
    endloop
  endfacet
  facet normal 0.5555702330196138 0.8314696123025375 0
    outer loop
      vertex -71.19138985771134 -63.43135934237861 0
      vertex -71.19138985771134 -63.43135934237861 2.4
      vertex -71.05000000000001 -63.52583302491978 0
    endloop
  endfacet
  facet normal 0.4422886902189759 0.8968727415327009 0
    outer loop
      vertex -71.05000000000001 -63.52583302491978 0
      vertex -71.05000000000001 -63.52583302491978 2.4
      vertex -70.89748846207462 -63.60104339226468 0
    endloop
  endfacet
  facet normal 0.3214394653031862 0.9469301294950974 0
    outer loop
      vertex -70.89748846207462 -63.60104339226468 0
      vertex -70.89748846207462 -63.60104339226468 2.4
      vertex -70.73646475863329 -63.655703574175796 0
    endloop
  endfacet
  facet normal 0.896872741532676 0.442288690219026 0
    outer loop
      vertex -71.52583302491978 -63.050000000000004 0
      vertex -71.60104339226469 -62.89748846207462 0
      vertex -71.60104339226469 -62.89748846207462 2.4
    endloop
  endfacet
  facet normal 0.9469301294951271 0.3214394653030985 0
    outer loop
      vertex -71.60104339226469 -62.89748846207462 0
      vertex -71.65570357417579 -62.73646475863328 0
      vertex -71.65570357417579 -62.73646475863328 2.4
    endloop
  endfacet
  facet normal 0.8314696123025503 0.5555702330195946 0
    outer loop
      vertex -71.43135934237861 -63.19138985771134 0
      vertex -71.52583302491978 -63.050000000000004 0
      vertex -71.52583302491978 -63.050000000000004 2.4
    endloop
  endfacet
  facet normal 0.980785280403227 0.1950903220161455 0
    outer loop
      vertex -71.65570357417579 -62.73646475863328 0
      vertex -71.68887831978596 -62.56968404988607 0
      vertex -71.68887831978596 -62.56968404988607 2.4
    endloop
  endfacet
  facet normal 0.9978589232386036 0.06540312923014184 0
    outer loop
      vertex -71.68887831978596 -62.56968404988607 0
      vertex -71.7 -62.400000000000006 0
      vertex -71.7 -62.400000000000006 2.4
    endloop
  endfacet
  facet normal 0.9978589232386036 -0.06540312923014184 0
    outer loop
      vertex -71.7 -62.400000000000006 0
      vertex -71.68887831978596 -62.23031595011394 0
      vertex -71.68887831978596 -62.23031595011394 2.4
    endloop
  endfacet
  facet normal 0.980785280403227 -0.1950903220161455 0
    outer loop
      vertex -71.68887831978596 -62.23031595011394 0
      vertex -71.65570357417579 -62.06353524136673 0
      vertex -71.65570357417579 -62.06353524136673 2.4
    endloop
  endfacet
  facet normal 0.9469301294951271 -0.3214394653030985 0
    outer loop
      vertex -71.65570357417579 -62.06353524136673 0
      vertex -71.60104339226469 -61.90251153792539 0
      vertex -71.60104339226469 -61.90251153792539 2.4
    endloop
  endfacet
  facet normal 0.896872741532676 -0.442288690219026 0
    outer loop
      vertex -71.60104339226469 -61.90251153792539 0
      vertex -71.52583302491978 -61.75000000000001 0
      vertex -71.52583302491978 -61.75000000000001 2.4
    endloop
  endfacet
  facet normal 0.8314696123025503 -0.5555702330195946 0
    outer loop
      vertex -71.52583302491978 -61.75000000000001 0
      vertex -71.43135934237861 -61.60861014228867 0
      vertex -71.43135934237861 -61.60861014228867 2.4
    endloop
  endfacet
  facet normal 0.7518398074789812 -0.6593458151000645 0
    outer loop
      vertex -71.43135934237861 -61.60861014228867 0
      vertex -71.31923881554252 -61.48076118445749 0
      vertex -71.31923881554252 -61.48076118445749 2.4
    endloop
  endfacet
  facet normal 0.6593458151000645 -0.7518398074789812 0
    outer loop
      vertex -71.19138985771134 -61.3686406576214 0
      vertex -71.19138985771134 -61.3686406576214 2.4
      vertex -71.31923881554252 -61.48076118445749 0
    endloop
  endfacet
  facet normal 0.5555702330196138 -0.8314696123025375 0
    outer loop
      vertex -71.05000000000001 -61.274166975080234 0
      vertex -71.05000000000001 -61.274166975080234 2.4
      vertex -71.19138985771134 -61.3686406576214 0
    endloop
  endfacet
  facet normal 0.4422886902189759 -0.8968727415327009 0
    outer loop
      vertex -70.89748846207462 -61.19895660773533 0
      vertex -70.89748846207462 -61.19895660773533 2.4
      vertex -71.05000000000001 -61.274166975080234 0
    endloop
  endfacet
  facet normal 0.3214394653031862 -0.9469301294950974 0
    outer loop
      vertex -70.73646475863329 -61.144296425824216 0
      vertex -70.73646475863329 -61.144296425824216 2.4
      vertex -70.89748846207462 -61.19895660773533 0
    endloop
  endfacet
  facet normal 0.19509032201610535 0.980785280403235 0
    outer loop
      vertex -70.73646475863329 -63.655703574175796 0
      vertex -70.73646475863329 -63.655703574175796 2.4
      vertex -70.56968404988608 -63.68887831978596 0
    endloop
  endfacet
  facet normal 0.06540312923013912 0.9978589232386037 0
    outer loop
      vertex -70.56968404988608 -63.68887831978596 0
      vertex -70.56968404988608 -63.68887831978596 2.4
      vertex -70.4 -63.7 0
    endloop
  endfacet
  facet normal -0.06540312923013912 0.9978589232386037 0
    outer loop
      vertex -70.4 -63.7 0
      vertex -70.4 -63.7 2.4
      vertex -70.23031595011393 -63.68887831978596 0
    endloop
  endfacet
  facet normal -0.19509032201610535 0.980785280403235 0
    outer loop
      vertex -70.23031595011393 -63.68887831978596 0
      vertex -70.23031595011393 -63.68887831978596 2.4
      vertex -70.06353524136672 -63.655703574175796 0
    endloop
  endfacet
  facet normal -0.3214394653031862 0.9469301294950974 0
    outer loop
      vertex -70.06353524136672 -63.655703574175796 0
      vertex -70.06353524136672 -63.655703574175796 2.4
      vertex -69.90251153792539 -63.60104339226468 0
    endloop
  endfacet
  facet normal -0.4422886902189759 0.8968727415327009 0
    outer loop
      vertex -69.90251153792539 -63.60104339226468 0
      vertex -69.90251153792539 -63.60104339226468 2.4
      vertex -69.75 -63.52583302491978 0
    endloop
  endfacet
  facet normal -0.5555702330196138 0.8314696123025375 0
    outer loop
      vertex -69.75 -63.52583302491978 0
      vertex -69.75 -63.52583302491978 2.4
      vertex -69.60861014228867 -63.43135934237861 0
    endloop
  endfacet
  facet normal -0.6593458151000645 0.7518398074789812 0
    outer loop
      vertex -69.60861014228867 -63.43135934237861 0
      vertex -69.60861014228867 -63.43135934237861 2.4
      vertex -69.48076118445749 -63.31923881554252 0
    endloop
  endfacet
  facet normal -0.7518398074789812 0.6593458151000645 0
    outer loop
      vertex -69.48076118445749 -63.31923881554252 0
      vertex -69.48076118445749 -63.31923881554252 2.4
      vertex -69.3686406576214 -63.19138985771134 0
    endloop
  endfacet
  facet normal 0.19509032201610535 -0.980785280403235 0
    outer loop
      vertex -70.73646475863329 -61.144296425824216 0
      vertex -70.56968404988608 -61.111121680214055 0
      vertex -70.56968404988608 -61.111121680214055 2.4
    endloop
  endfacet
  facet normal 0.06540312923013912 -0.9978589232386037 0
    outer loop
      vertex -70.4 -61.10000000000001 0
      vertex -70.4 -61.10000000000001 2.4
      vertex -70.56968404988608 -61.111121680214055 0
    endloop
  endfacet
  facet normal -0.06540312923013912 -0.9978589232386037 0
    outer loop
      vertex -70.23031595011393 -61.111121680214055 0
      vertex -70.23031595011393 -61.111121680214055 2.4
      vertex -70.4 -61.10000000000001 0
    endloop
  endfacet
  facet normal -0.19509032201610535 -0.980785280403235 0
    outer loop
      vertex -70.06353524136672 -61.144296425824216 0
      vertex -70.06353524136672 -61.144296425824216 2.4
      vertex -70.23031595011393 -61.111121680214055 0
    endloop
  endfacet
  facet normal -0.3214394653031862 -0.9469301294950974 0
    outer loop
      vertex -69.90251153792539 -61.19895660773533 0
      vertex -69.90251153792539 -61.19895660773533 2.4
      vertex -70.06353524136672 -61.144296425824216 0
    endloop
  endfacet
  facet normal -0.6593458151000645 -0.7518398074789812 0
    outer loop
      vertex -69.60861014228867 -61.3686406576214 0
      vertex -69.48076118445749 -61.48076118445749 0
      vertex -69.48076118445749 -61.48076118445749 2.4
    endloop
  endfacet
  facet normal -0.4422886902189759 -0.8968727415327009 0
    outer loop
      vertex -69.75 -61.274166975080234 0
      vertex -69.75 -61.274166975080234 2.4
      vertex -69.90251153792539 -61.19895660773533 0
    endloop
  endfacet
  facet normal -0.5555702330196138 -0.8314696123025375 0
    outer loop
      vertex -69.60861014228867 -61.3686406576214 0
      vertex -69.60861014228867 -61.3686406576214 2.4
      vertex -69.75 -61.274166975080234 0
    endloop
  endfacet
  facet normal -0.8314696123025503 0.5555702330195946 0
    outer loop
      vertex -69.27416697508023 -63.050000000000004 0
      vertex -69.3686406576214 -63.19138985771134 0
      vertex -69.3686406576214 -63.19138985771134 2.4
    endloop
  endfacet
  facet normal -0.896872741532676 0.442288690219026 0
    outer loop
      vertex -69.19895660773533 -62.89748846207462 0
      vertex -69.27416697508023 -63.050000000000004 0
      vertex -69.27416697508023 -63.050000000000004 2.4
    endloop
  endfacet
  facet normal -0.9469301294951271 0.3214394653030985 0
    outer loop
      vertex -69.14429642582422 -62.73646475863328 0
      vertex -69.19895660773533 -62.89748846207462 0
      vertex -69.19895660773533 -62.89748846207462 2.4
    endloop
  endfacet
  facet normal -0.980785280403227 0.1950903220161455 0
    outer loop
      vertex -69.11112168021405 -62.56968404988607 0
      vertex -69.14429642582422 -62.73646475863328 0
      vertex -69.14429642582422 -62.73646475863328 2.4
    endloop
  endfacet
  facet normal -0.9978589232386036 0.06540312923014184 0
    outer loop
      vertex -69.10000000000001 -62.400000000000006 0
      vertex -69.11112168021405 -62.56968404988607 0
      vertex -69.11112168021405 -62.56968404988607 2.4
    endloop
  endfacet
  facet normal -0.9978589232386036 -0.06540312923014184 0
    outer loop
      vertex -69.11112168021405 -62.23031595011394 0
      vertex -69.10000000000001 -62.400000000000006 0
      vertex -69.10000000000001 -62.400000000000006 2.4
    endloop
  endfacet
  facet normal -0.980785280403227 -0.1950903220161455 0
    outer loop
      vertex -69.14429642582422 -62.06353524136673 0
      vertex -69.11112168021405 -62.23031595011394 0
      vertex -69.11112168021405 -62.23031595011394 2.4
    endloop
  endfacet
  facet normal -0.896872741532676 -0.442288690219026 0
    outer loop
      vertex -69.27416697508023 -61.75000000000001 0
      vertex -69.19895660773533 -61.90251153792539 0
      vertex -69.19895660773533 -61.90251153792539 2.4
    endloop
  endfacet
  facet normal -0.8314696123025503 -0.5555702330195946 0
    outer loop
      vertex -69.3686406576214 -61.60861014228867 0
      vertex -69.27416697508023 -61.75000000000001 0
      vertex -69.27416697508023 -61.75000000000001 2.4
    endloop
  endfacet
  facet normal -0.9469301294951271 -0.3214394653030985 0
    outer loop
      vertex -69.19895660773533 -61.90251153792539 0
      vertex -69.14429642582422 -62.06353524136673 0
      vertex -69.14429642582422 -62.06353524136673 2.4
    endloop
  endfacet
  facet normal -0.7518398074789812 -0.6593458151000645 0
    outer loop
      vertex -69.48076118445749 -61.48076118445749 0
      vertex -69.3686406576214 -61.60861014228867 0
      vertex -69.3686406576214 -61.60861014228867 2.4
    endloop
  endfacet
  facet normal 0.7518398074789812 0.6593458151000645 0
    outer loop
      vertex -71.31923881554252 -63.31923881554252 0
      vertex -71.43135934237861 -63.19138985771134 2.4
      vertex -71.31923881554252 -63.31923881554252 2.4
    endloop
  endfacet
  facet normal 0.5555702330196138 0.8314696123025375 0
    outer loop
      vertex -71.05000000000001 -63.52583302491978 0
      vertex -71.19138985771134 -63.43135934237861 2.4
      vertex -71.05000000000001 -63.52583302491978 2.4
    endloop
  endfacet
  facet normal 0.6593458151000645 0.7518398074789812 0
    outer loop
      vertex -71.19138985771134 -63.43135934237861 0
      vertex -71.31923881554252 -63.31923881554252 2.4
      vertex -71.19138985771134 -63.43135934237861 2.4
    endloop
  endfacet
  facet normal 0.4422886902189759 0.8968727415327009 0
    outer loop
      vertex -70.89748846207462 -63.60104339226468 0
      vertex -71.05000000000001 -63.52583302491978 2.4
      vertex -70.89748846207462 -63.60104339226468 2.4
    endloop
  endfacet
  facet normal 0.3214394653031862 0.9469301294950974 0
    outer loop
      vertex -70.73646475863329 -63.655703574175796 0
      vertex -70.89748846207462 -63.60104339226468 2.4
      vertex -70.73646475863329 -63.655703574175796 2.4
    endloop
  endfacet
  facet normal 0.9469301294951271 0.3214394653030985 0
    outer loop
      vertex -71.60104339226469 -62.89748846207462 0
      vertex -71.65570357417579 -62.73646475863328 2.4
      vertex -71.60104339226469 -62.89748846207462 2.4
    endloop
  endfacet
  facet normal 0.980785280403227 0.1950903220161455 0
    outer loop
      vertex -71.65570357417579 -62.73646475863328 0
      vertex -71.68887831978596 -62.56968404988607 2.4
      vertex -71.65570357417579 -62.73646475863328 2.4
    endloop
  endfacet
  facet normal 0.8314696123025503 0.5555702330195946 0
    outer loop
      vertex -71.43135934237861 -63.19138985771134 0
      vertex -71.52583302491978 -63.050000000000004 2.4
      vertex -71.43135934237861 -63.19138985771134 2.4
    endloop
  endfacet
  facet normal 0.896872741532676 0.442288690219026 0
    outer loop
      vertex -71.52583302491978 -63.050000000000004 0
      vertex -71.60104339226469 -62.89748846207462 2.4
      vertex -71.52583302491978 -63.050000000000004 2.4
    endloop
  endfacet
  facet normal 0.9978589232386036 0.06540312923014184 0
    outer loop
      vertex -71.68887831978596 -62.56968404988607 0
      vertex -71.7 -62.400000000000006 2.4
      vertex -71.68887831978596 -62.56968404988607 2.4
    endloop
  endfacet
  facet normal 0.9978589232386036 -0.06540312923014184 0
    outer loop
      vertex -71.7 -62.400000000000006 0
      vertex -71.68887831978596 -62.23031595011394 2.4
      vertex -71.7 -62.400000000000006 2.4
    endloop
  endfacet
  facet normal 0.980785280403227 -0.1950903220161455 0
    outer loop
      vertex -71.68887831978596 -62.23031595011394 0
      vertex -71.65570357417579 -62.06353524136673 2.4
      vertex -71.68887831978596 -62.23031595011394 2.4
    endloop
  endfacet
  facet normal 0.9469301294951271 -0.3214394653030985 0
    outer loop
      vertex -71.60104339226469 -61.90251153792539 2.4
      vertex -71.65570357417579 -62.06353524136673 2.4
      vertex -71.65570357417579 -62.06353524136673 0
    endloop
  endfacet
  facet normal 0.896872741532676 -0.442288690219026 0
    outer loop
      vertex -71.60104339226469 -61.90251153792539 0
      vertex -71.52583302491978 -61.75000000000001 2.4
      vertex -71.60104339226469 -61.90251153792539 2.4
    endloop
  endfacet
  facet normal 0.8314696123025503 -0.5555702330195946 0
    outer loop
      vertex -71.52583302491978 -61.75000000000001 0
      vertex -71.43135934237861 -61.60861014228867 2.4
      vertex -71.52583302491978 -61.75000000000001 2.4
    endloop
  endfacet
  facet normal 0.7518398074789812 -0.6593458151000645 0
    outer loop
      vertex -71.43135934237861 -61.60861014228867 0
      vertex -71.31923881554252 -61.48076118445749 2.4
      vertex -71.43135934237861 -61.60861014228867 2.4
    endloop
  endfacet
  facet normal 0.6593458151000645 -0.7518398074789812 0
    outer loop
      vertex -71.31923881554252 -61.48076118445749 0
      vertex -71.19138985771134 -61.3686406576214 2.4
      vertex -71.31923881554252 -61.48076118445749 2.4
    endloop
  endfacet
  facet normal 0.5555702330196138 -0.8314696123025375 0
    outer loop
      vertex -71.19138985771134 -61.3686406576214 0
      vertex -71.05000000000001 -61.274166975080234 2.4
      vertex -71.19138985771134 -61.3686406576214 2.4
    endloop
  endfacet
  facet normal 0.4422886902189759 -0.8968727415327009 0
    outer loop
      vertex -71.05000000000001 -61.274166975080234 0
      vertex -70.89748846207462 -61.19895660773533 2.4
      vertex -71.05000000000001 -61.274166975080234 2.4
    endloop
  endfacet
  facet normal 0.3214394653031862 -0.9469301294950974 0
    outer loop
      vertex -70.89748846207462 -61.19895660773533 0
      vertex -70.73646475863329 -61.144296425824216 2.4
      vertex -70.89748846207462 -61.19895660773533 2.4
    endloop
  endfacet
  facet normal 0.19509032201610535 0.980785280403235 0
    outer loop
      vertex -70.56968404988608 -63.68887831978596 0
      vertex -70.73646475863329 -63.655703574175796 2.4
      vertex -70.56968404988608 -63.68887831978596 2.4
    endloop
  endfacet
  facet normal 0.06540312923013912 0.9978589232386037 0
    outer loop
      vertex -70.4 -63.7 0
      vertex -70.56968404988608 -63.68887831978596 2.4
      vertex -70.4 -63.7 2.4
    endloop
  endfacet
  facet normal -0.06540312923013912 0.9978589232386037 0
    outer loop
      vertex -70.23031595011393 -63.68887831978596 0
      vertex -70.4 -63.7 2.4
      vertex -70.23031595011393 -63.68887831978596 2.4
    endloop
  endfacet
  facet normal -0.19509032201610535 0.980785280403235 0
    outer loop
      vertex -70.06353524136672 -63.655703574175796 0
      vertex -70.23031595011393 -63.68887831978596 2.4
      vertex -70.06353524136672 -63.655703574175796 2.4
    endloop
  endfacet
  facet normal -0.3214394653031862 0.9469301294950974 0
    outer loop
      vertex -69.90251153792539 -63.60104339226468 0
      vertex -70.06353524136672 -63.655703574175796 2.4
      vertex -69.90251153792539 -63.60104339226468 2.4
    endloop
  endfacet
  facet normal -0.4422886902189759 0.8968727415327009 0
    outer loop
      vertex -69.75 -63.52583302491978 0
      vertex -69.90251153792539 -63.60104339226468 2.4
      vertex -69.75 -63.52583302491978 2.4
    endloop
  endfacet
  facet normal -0.5555702330196138 0.8314696123025375 0
    outer loop
      vertex -69.60861014228867 -63.43135934237861 0
      vertex -69.75 -63.52583302491978 2.4
      vertex -69.60861014228867 -63.43135934237861 2.4
    endloop
  endfacet
  facet normal -0.6593458151000645 0.7518398074789812 0
    outer loop
      vertex -69.48076118445749 -63.31923881554252 0
      vertex -69.60861014228867 -63.43135934237861 2.4
      vertex -69.48076118445749 -63.31923881554252 2.4
    endloop
  endfacet
  facet normal -0.7518398074789812 0.6593458151000645 0
    outer loop
      vertex -69.3686406576214 -63.19138985771134 0
      vertex -69.48076118445749 -63.31923881554252 2.4
      vertex -69.3686406576214 -63.19138985771134 2.4
    endloop
  endfacet
  facet normal 0.19509032201610535 -0.980785280403235 0
    outer loop
      vertex -70.73646475863329 -61.144296425824216 0
      vertex -70.56968404988608 -61.111121680214055 2.4
      vertex -70.73646475863329 -61.144296425824216 2.4
    endloop
  endfacet
  facet normal 0.06540312923013912 -0.9978589232386037 0
    outer loop
      vertex -70.56968404988608 -61.111121680214055 0
      vertex -70.4 -61.10000000000001 2.4
      vertex -70.56968404988608 -61.111121680214055 2.4
    endloop
  endfacet
  facet normal -0.06540312923013912 -0.9978589232386037 0
    outer loop
      vertex -70.4 -61.10000000000001 0
      vertex -70.23031595011393 -61.111121680214055 2.4
      vertex -70.4 -61.10000000000001 2.4
    endloop
  endfacet
  facet normal -0.19509032201610535 -0.980785280403235 0
    outer loop
      vertex -70.23031595011393 -61.111121680214055 0
      vertex -70.06353524136672 -61.144296425824216 2.4
      vertex -70.23031595011393 -61.111121680214055 2.4
    endloop
  endfacet
  facet normal -0.3214394653031862 -0.9469301294950974 0
    outer loop
      vertex -70.06353524136672 -61.144296425824216 0
      vertex -69.90251153792539 -61.19895660773533 2.4
      vertex -70.06353524136672 -61.144296425824216 2.4
    endloop
  endfacet
  facet normal -0.4422886902189759 -0.8968727415327009 0
    outer loop
      vertex -69.90251153792539 -61.19895660773533 0
      vertex -69.75 -61.274166975080234 2.4
      vertex -69.90251153792539 -61.19895660773533 2.4
    endloop
  endfacet
  facet normal -0.6593458151000645 -0.7518398074789812 0
    outer loop
      vertex -69.60861014228867 -61.3686406576214 0
      vertex -69.48076118445749 -61.48076118445749 2.4
      vertex -69.60861014228867 -61.3686406576214 2.4
    endloop
  endfacet
  facet normal -0.5555702330196138 -0.8314696123025375 0
    outer loop
      vertex -69.75 -61.274166975080234 0
      vertex -69.60861014228867 -61.3686406576214 2.4
      vertex -69.75 -61.274166975080234 2.4
    endloop
  endfacet
  facet normal -0.8314696123025503 0.5555702330195946 0
    outer loop
      vertex -69.27416697508023 -63.050000000000004 0
      vertex -69.3686406576214 -63.19138985771134 2.4
      vertex -69.27416697508023 -63.050000000000004 2.4
    endloop
  endfacet
  facet normal -0.896872741532676 0.442288690219026 0
    outer loop
      vertex -69.19895660773533 -62.89748846207462 0
      vertex -69.27416697508023 -63.050000000000004 2.4
      vertex -69.19895660773533 -62.89748846207462 2.4
    endloop
  endfacet
  facet normal -0.9469301294951271 0.3214394653030985 0
    outer loop
      vertex -69.14429642582422 -62.73646475863328 0
      vertex -69.19895660773533 -62.89748846207462 2.4
      vertex -69.14429642582422 -62.73646475863328 2.4
    endloop
  endfacet
  facet normal -0.980785280403227 0.1950903220161455 0
    outer loop
      vertex -69.11112168021405 -62.56968404988607 0
      vertex -69.14429642582422 -62.73646475863328 2.4
      vertex -69.11112168021405 -62.56968404988607 2.4
    endloop
  endfacet
  facet normal -0.9978589232386036 0.06540312923014184 0
    outer loop
      vertex -69.10000000000001 -62.400000000000006 0
      vertex -69.11112168021405 -62.56968404988607 2.4
      vertex -69.10000000000001 -62.400000000000006 2.4
    endloop
  endfacet
  facet normal -0.9978589232386036 -0.06540312923014184 0
    outer loop
      vertex -69.11112168021405 -62.23031595011394 0
      vertex -69.10000000000001 -62.400000000000006 2.4
      vertex -69.11112168021405 -62.23031595011394 2.4
    endloop
  endfacet
  facet normal -0.896872741532676 -0.442288690219026 0
    outer loop
      vertex -69.27416697508023 -61.75000000000001 0
      vertex -69.19895660773533 -61.90251153792539 2.4
      vertex -69.27416697508023 -61.75000000000001 2.4
    endloop
  endfacet
  facet normal -0.8314696123025503 -0.5555702330195946 0
    outer loop
      vertex -69.3686406576214 -61.60861014228867 0
      vertex -69.27416697508023 -61.75000000000001 2.4
      vertex -69.3686406576214 -61.60861014228867 2.4
    endloop
  endfacet
  facet normal -0.980785280403227 -0.1950903220161455 0
    outer loop
      vertex -69.14429642582422 -62.06353524136673 0
      vertex -69.11112168021405 -62.23031595011394 2.4
      vertex -69.14429642582422 -62.06353524136673 2.4
    endloop
  endfacet
  facet normal -0.9469301294951271 -0.3214394653030985 0
    outer loop
      vertex -69.19895660773533 -61.90251153792539 0
      vertex -69.14429642582422 -62.06353524136673 2.4
      vertex -69.19895660773533 -61.90251153792539 2.4
    endloop
  endfacet
  facet normal -0.7518398074789812 -0.6593458151000645 0
    outer loop
      vertex -69.48076118445749 -61.48076118445749 0
      vertex -69.3686406576214 -61.60861014228867 2.4
      vertex -69.48076118445749 -61.48076118445749 2.4
    endloop
  endfacet
  facet normal 0.6593458151000645 0.7518398074789812 0
    outer loop
      vertex -71.19138985771134 61.3686406576214 0
      vertex -71.31923881554252 61.48076118445749 0
      vertex -71.31923881554252 61.48076118445749 2.4
    endloop
  endfacet
  facet normal 0.7518398074789812 0.6593458151000645 0
    outer loop
      vertex -71.31923881554252 61.48076118445749 0
      vertex -71.43135934237861 61.60861014228867 0
      vertex -71.43135934237861 61.60861014228867 2.4
    endloop
  endfacet
  facet normal 0.896872741532676 0.442288690219026 0
    outer loop
      vertex -71.52583302491978 61.75000000000001 0
      vertex -71.60104339226469 61.90251153792539 0
      vertex -71.60104339226469 61.90251153792539 2.4
    endloop
  endfacet
  facet normal 0.9469301294951271 0.3214394653030985 0
    outer loop
      vertex -71.60104339226469 61.90251153792539 0
      vertex -71.65570357417579 62.06353524136673 0
      vertex -71.65570357417579 62.06353524136673 2.4
    endloop
  endfacet
  facet normal 0.8314696123025503 0.5555702330195946 0
    outer loop
      vertex -71.43135934237861 61.60861014228867 0
      vertex -71.52583302491978 61.75000000000001 0
      vertex -71.52583302491978 61.75000000000001 2.4
    endloop
  endfacet
  facet normal 0.5555702330196138 0.8314696123025375 0
    outer loop
      vertex -71.19138985771134 61.3686406576214 0
      vertex -71.19138985771134 61.3686406576214 2.4
      vertex -71.05000000000001 61.274166975080234 0
    endloop
  endfacet
  facet normal 0.4422886902189759 0.8968727415327009 0
    outer loop
      vertex -71.05000000000001 61.274166975080234 0
      vertex -71.05000000000001 61.274166975080234 2.4
      vertex -70.89748846207462 61.19895660773533 0
    endloop
  endfacet
  facet normal 0.3214394653031862 0.9469301294950974 0
    outer loop
      vertex -70.89748846207462 61.19895660773533 0
      vertex -70.89748846207462 61.19895660773533 2.4
      vertex -70.73646475863329 61.144296425824216 0
    endloop
  endfacet
  facet normal 0.980785280403227 0.1950903220161455 0
    outer loop
      vertex -71.65570357417579 62.06353524136673 0
      vertex -71.68887831978596 62.23031595011394 0
      vertex -71.68887831978596 62.23031595011394 2.4
    endloop
  endfacet
  facet normal 0.9978589232386036 0.06540312923014184 0
    outer loop
      vertex -71.68887831978596 62.23031595011394 0
      vertex -71.7 62.400000000000006 0
      vertex -71.7 62.400000000000006 2.4
    endloop
  endfacet
  facet normal 0.9978589232386036 -0.06540312923014184 0
    outer loop
      vertex -71.7 62.400000000000006 0
      vertex -71.68887831978596 62.56968404988607 0
      vertex -71.68887831978596 62.56968404988607 2.4
    endloop
  endfacet
  facet normal 0.980785280403227 -0.1950903220161455 0
    outer loop
      vertex -71.68887831978596 62.56968404988607 0
      vertex -71.65570357417579 62.73646475863328 0
      vertex -71.65570357417579 62.73646475863328 2.4
    endloop
  endfacet
  facet normal 0.9469301294951271 -0.3214394653030985 0
    outer loop
      vertex -71.65570357417579 62.73646475863328 0
      vertex -71.60104339226469 62.89748846207462 0
      vertex -71.60104339226469 62.89748846207462 2.4
    endloop
  endfacet
  facet normal 0.896872741532676 -0.442288690219026 0
    outer loop
      vertex -71.60104339226469 62.89748846207462 0
      vertex -71.52583302491978 63.050000000000004 0
      vertex -71.52583302491978 63.050000000000004 2.4
    endloop
  endfacet
  facet normal 0.8314696123025503 -0.5555702330195946 0
    outer loop
      vertex -71.52583302491978 63.050000000000004 0
      vertex -71.43135934237861 63.19138985771134 0
      vertex -71.43135934237861 63.19138985771134 2.4
    endloop
  endfacet
  facet normal 0.7518398074789812 -0.6593458151000645 0
    outer loop
      vertex -71.43135934237861 63.19138985771134 0
      vertex -71.31923881554252 63.31923881554252 0
      vertex -71.31923881554252 63.31923881554252 2.4
    endloop
  endfacet
  facet normal 0.6593458151000645 -0.7518398074789812 0
    outer loop
      vertex -71.19138985771134 63.43135934237861 0
      vertex -71.19138985771134 63.43135934237861 2.4
      vertex -71.31923881554252 63.31923881554252 0
    endloop
  endfacet
  facet normal 0.5555702330196138 -0.8314696123025375 0
    outer loop
      vertex -71.05000000000001 63.52583302491978 0
      vertex -71.05000000000001 63.52583302491978 2.4
      vertex -71.19138985771134 63.43135934237861 0
    endloop
  endfacet
  facet normal 0.4422886902189759 -0.8968727415327009 0
    outer loop
      vertex -70.89748846207462 63.60104339226468 0
      vertex -70.89748846207462 63.60104339226468 2.4
      vertex -71.05000000000001 63.52583302491978 0
    endloop
  endfacet
  facet normal 0.3214394653031862 -0.9469301294950974 0
    outer loop
      vertex -70.73646475863329 63.655703574175796 0
      vertex -70.73646475863329 63.655703574175796 2.4
      vertex -70.89748846207462 63.60104339226468 0
    endloop
  endfacet
  facet normal 0.19509032201610535 0.980785280403235 0
    outer loop
      vertex -70.73646475863329 61.144296425824216 0
      vertex -70.73646475863329 61.144296425824216 2.4
      vertex -70.56968404988608 61.111121680214055 0
    endloop
  endfacet
  facet normal 0.06540312923013912 0.9978589232386037 0
    outer loop
      vertex -70.56968404988608 61.111121680214055 0
      vertex -70.56968404988608 61.111121680214055 2.4
      vertex -70.4 61.10000000000001 0
    endloop
  endfacet
  facet normal -0.06540312923013912 0.9978589232386037 0
    outer loop
      vertex -70.4 61.10000000000001 0
      vertex -70.4 61.10000000000001 2.4
      vertex -70.23031595011393 61.111121680214055 0
    endloop
  endfacet
  facet normal -0.19509032201610535 0.980785280403235 0
    outer loop
      vertex -70.23031595011393 61.111121680214055 0
      vertex -70.23031595011393 61.111121680214055 2.4
      vertex -70.06353524136672 61.144296425824216 0
    endloop
  endfacet
  facet normal -0.3214394653031862 0.9469301294950974 0
    outer loop
      vertex -70.06353524136672 61.144296425824216 0
      vertex -70.06353524136672 61.144296425824216 2.4
      vertex -69.90251153792539 61.19895660773533 0
    endloop
  endfacet
  facet normal -0.4422886902189759 0.8968727415327009 0
    outer loop
      vertex -69.90251153792539 61.19895660773533 0
      vertex -69.90251153792539 61.19895660773533 2.4
      vertex -69.75 61.274166975080234 0
    endloop
  endfacet
  facet normal -0.5555702330196138 0.8314696123025375 0
    outer loop
      vertex -69.75 61.274166975080234 0
      vertex -69.75 61.274166975080234 2.4
      vertex -69.60861014228867 61.3686406576214 0
    endloop
  endfacet
  facet normal -0.6593458151000645 0.7518398074789812 0
    outer loop
      vertex -69.60861014228867 61.3686406576214 0
      vertex -69.60861014228867 61.3686406576214 2.4
      vertex -69.48076118445749 61.48076118445749 0
    endloop
  endfacet
  facet normal -0.7518398074789812 0.6593458151000645 0
    outer loop
      vertex -69.48076118445749 61.48076118445749 0
      vertex -69.48076118445749 61.48076118445749 2.4
      vertex -69.3686406576214 61.60861014228867 0
    endloop
  endfacet
  facet normal -0.8314696123025503 0.5555702330195946 0
    outer loop
      vertex -69.27416697508023 61.75000000000001 0
      vertex -69.3686406576214 61.60861014228867 0
      vertex -69.3686406576214 61.60861014228867 2.4
    endloop
  endfacet
  facet normal -0.896872741532676 0.442288690219026 0
    outer loop
      vertex -69.19895660773533 61.90251153792539 0
      vertex -69.27416697508023 61.75000000000001 0
      vertex -69.27416697508023 61.75000000000001 2.4
    endloop
  endfacet
  facet normal -0.9469301294951271 0.3214394653030985 0
    outer loop
      vertex -69.14429642582422 62.06353524136673 0
      vertex -69.19895660773533 61.90251153792539 0
      vertex -69.19895660773533 61.90251153792539 2.4
    endloop
  endfacet
  facet normal -0.980785280403227 0.1950903220161455 0
    outer loop
      vertex -69.11112168021405 62.23031595011394 0
      vertex -69.14429642582422 62.06353524136673 0
      vertex -69.14429642582422 62.06353524136673 2.4
    endloop
  endfacet
  facet normal -0.9978589232386036 0.06540312923014184 0
    outer loop
      vertex -69.10000000000001 62.400000000000006 0
      vertex -69.11112168021405 62.23031595011394 0
      vertex -69.11112168021405 62.23031595011394 2.4
    endloop
  endfacet
  facet normal -0.9978589232386036 -0.06540312923014184 0
    outer loop
      vertex -69.11112168021405 62.56968404988607 0
      vertex -69.10000000000001 62.400000000000006 0
      vertex -69.10000000000001 62.400000000000006 2.4
    endloop
  endfacet
  facet normal -0.980785280403227 -0.1950903220161455 0
    outer loop
      vertex -69.14429642582422 62.73646475863328 0
      vertex -69.11112168021405 62.56968404988607 0
      vertex -69.11112168021405 62.56968404988607 2.4
    endloop
  endfacet
  facet normal -0.896872741532676 -0.442288690219026 0
    outer loop
      vertex -69.27416697508023 63.050000000000004 0
      vertex -69.19895660773533 62.89748846207462 0
      vertex -69.19895660773533 62.89748846207462 2.4
    endloop
  endfacet
  facet normal -0.8314696123025503 -0.5555702330195946 0
    outer loop
      vertex -69.3686406576214 63.19138985771134 0
      vertex -69.27416697508023 63.050000000000004 0
      vertex -69.27416697508023 63.050000000000004 2.4
    endloop
  endfacet
  facet normal -0.9469301294951271 -0.3214394653030985 0
    outer loop
      vertex -69.19895660773533 62.89748846207462 0
      vertex -69.14429642582422 62.73646475863328 0
      vertex -69.14429642582422 62.73646475863328 2.4
    endloop
  endfacet
  facet normal 0.19509032201610535 -0.980785280403235 0
    outer loop
      vertex -70.56968404988608 63.68887831978596 0
      vertex -70.56968404988608 63.68887831978596 2.4
      vertex -70.73646475863329 63.655703574175796 0
    endloop
  endfacet
  facet normal 0.06540312923013912 -0.9978589232386037 0
    outer loop
      vertex -70.4 63.7 0
      vertex -70.4 63.7 2.4
      vertex -70.56968404988608 63.68887831978596 0
    endloop
  endfacet
  facet normal -0.06540312923013912 -0.9978589232386037 0
    outer loop
      vertex -70.23031595011393 63.68887831978596 0
      vertex -70.23031595011393 63.68887831978596 2.4
      vertex -70.4 63.7 0
    endloop
  endfacet
  facet normal -0.19509032201610535 -0.980785280403235 0
    outer loop
      vertex -70.06353524136672 63.655703574175796 0
      vertex -70.06353524136672 63.655703574175796 2.4
      vertex -70.23031595011393 63.68887831978596 0
    endloop
  endfacet
  facet normal -0.3214394653031862 -0.9469301294950974 0
    outer loop
      vertex -69.90251153792539 63.60104339226468 0
      vertex -69.90251153792539 63.60104339226468 2.4
      vertex -70.06353524136672 63.655703574175796 0
    endloop
  endfacet
  facet normal -0.6593458151000645 -0.7518398074789812 0
    outer loop
      vertex -69.60861014228867 63.43135934237861 0
      vertex -69.48076118445749 63.31923881554252 0
      vertex -69.48076118445749 63.31923881554252 2.4
    endloop
  endfacet
  facet normal -0.4422886902189759 -0.8968727415327009 0
    outer loop
      vertex -69.75 63.52583302491978 0
      vertex -69.75 63.52583302491978 2.4
      vertex -69.90251153792539 63.60104339226468 0
    endloop
  endfacet
  facet normal -0.5555702330196138 -0.8314696123025375 0
    outer loop
      vertex -69.60861014228867 63.43135934237861 0
      vertex -69.60861014228867 63.43135934237861 2.4
      vertex -69.75 63.52583302491978 0
    endloop
  endfacet
  facet normal -0.7518398074789812 -0.6593458151000645 0
    outer loop
      vertex -69.48076118445749 63.31923881554252 0
      vertex -69.3686406576214 63.19138985771134 0
      vertex -69.3686406576214 63.19138985771134 2.4
    endloop
  endfacet
  facet normal 0.7518398074789812 0.6593458151000645 0
    outer loop
      vertex -71.31923881554252 61.48076118445749 0
      vertex -71.43135934237861 61.60861014228867 2.4
      vertex -71.31923881554252 61.48076118445749 2.4
    endloop
  endfacet
  facet normal 0.9469301294951271 0.3214394653030985 0
    outer loop
      vertex -71.60104339226469 61.90251153792539 0
      vertex -71.65570357417579 62.06353524136673 2.4
      vertex -71.60104339226469 61.90251153792539 2.4
    endloop
  endfacet
  facet normal 0.980785280403227 0.1950903220161455 0
    outer loop
      vertex -71.65570357417579 62.06353524136673 0
      vertex -71.68887831978596 62.23031595011394 2.4
      vertex -71.65570357417579 62.06353524136673 2.4
    endloop
  endfacet
  facet normal 0.8314696123025503 0.5555702330195946 0
    outer loop
      vertex -71.43135934237861 61.60861014228867 0
      vertex -71.52583302491978 61.75000000000001 2.4
      vertex -71.43135934237861 61.60861014228867 2.4
    endloop
  endfacet
  facet normal 0.896872741532676 0.442288690219026 0
    outer loop
      vertex -71.52583302491978 61.75000000000001 0
      vertex -71.60104339226469 61.90251153792539 2.4
      vertex -71.52583302491978 61.75000000000001 2.4
    endloop
  endfacet
  facet normal 0.5555702330196138 0.8314696123025375 0
    outer loop
      vertex -71.05000000000001 61.274166975080234 0
      vertex -71.19138985771134 61.3686406576214 2.4
      vertex -71.05000000000001 61.274166975080234 2.4
    endloop
  endfacet
  facet normal 0.6593458151000645 0.7518398074789812 0
    outer loop
      vertex -71.19138985771134 61.3686406576214 0
      vertex -71.31923881554252 61.48076118445749 2.4
      vertex -71.19138985771134 61.3686406576214 2.4
    endloop
  endfacet
  facet normal 0.4422886902189759 0.8968727415327009 0
    outer loop
      vertex -70.89748846207462 61.19895660773533 0
      vertex -71.05000000000001 61.274166975080234 2.4
      vertex -70.89748846207462 61.19895660773533 2.4
    endloop
  endfacet
  facet normal 0.3214394653031862 0.9469301294950974 0
    outer loop
      vertex -70.73646475863329 61.144296425824216 0
      vertex -70.89748846207462 61.19895660773533 2.4
      vertex -70.73646475863329 61.144296425824216 2.4
    endloop
  endfacet
  facet normal 0.9978589232386036 0.06540312923014184 0
    outer loop
      vertex -71.68887831978596 62.23031595011394 0
      vertex -71.7 62.400000000000006 2.4
      vertex -71.68887831978596 62.23031595011394 2.4
    endloop
  endfacet
  facet normal 0.9978589232386036 -0.06540312923014184 0
    outer loop
      vertex -71.7 62.400000000000006 0
      vertex -71.68887831978596 62.56968404988607 2.4
      vertex -71.7 62.400000000000006 2.4
    endloop
  endfacet
  facet normal 0.980785280403227 -0.1950903220161455 0
    outer loop
      vertex -71.68887831978596 62.56968404988607 0
      vertex -71.65570357417579 62.73646475863328 2.4
      vertex -71.68887831978596 62.56968404988607 2.4
    endloop
  endfacet
  facet normal 0.9469301294951271 -0.3214394653030985 0
    outer loop
      vertex -71.65570357417579 62.73646475863328 0
      vertex -71.60104339226469 62.89748846207462 2.4
      vertex -71.65570357417579 62.73646475863328 2.4
    endloop
  endfacet
  facet normal 0.896872741532676 -0.442288690219026 0
    outer loop
      vertex -71.60104339226469 62.89748846207462 0
      vertex -71.52583302491978 63.050000000000004 2.4
      vertex -71.60104339226469 62.89748846207462 2.4
    endloop
  endfacet
  facet normal 0.8314696123025503 -0.5555702330195946 0
    outer loop
      vertex -71.52583302491978 63.050000000000004 0
      vertex -71.43135934237861 63.19138985771134 2.4
      vertex -71.52583302491978 63.050000000000004 2.4
    endloop
  endfacet
  facet normal 0.7518398074789812 -0.6593458151000645 0
    outer loop
      vertex -71.43135934237861 63.19138985771134 0
      vertex -71.31923881554252 63.31923881554252 2.4
      vertex -71.43135934237861 63.19138985771134 2.4
    endloop
  endfacet
  facet normal 0.6593458151000645 -0.7518398074789812 0
    outer loop
      vertex -71.31923881554252 63.31923881554252 0
      vertex -71.19138985771134 63.43135934237861 2.4
      vertex -71.31923881554252 63.31923881554252 2.4
    endloop
  endfacet
  facet normal 0.5555702330196138 -0.8314696123025375 0
    outer loop
      vertex -71.19138985771134 63.43135934237861 0
      vertex -71.05000000000001 63.52583302491978 2.4
      vertex -71.19138985771134 63.43135934237861 2.4
    endloop
  endfacet
  facet normal 0.4422886902189759 -0.8968727415327009 0
    outer loop
      vertex -71.05000000000001 63.52583302491978 0
      vertex -70.89748846207462 63.60104339226468 2.4
      vertex -71.05000000000001 63.52583302491978 2.4
    endloop
  endfacet
  facet normal 0.3214394653031862 -0.9469301294950974 0
    outer loop
      vertex -70.89748846207462 63.60104339226468 0
      vertex -70.73646475863329 63.655703574175796 2.4
      vertex -70.89748846207462 63.60104339226468 2.4
    endloop
  endfacet
  facet normal 0.19509032201610535 0.980785280403235 0
    outer loop
      vertex -70.56968404988608 61.111121680214055 0
      vertex -70.73646475863329 61.144296425824216 2.4
      vertex -70.56968404988608 61.111121680214055 2.4
    endloop
  endfacet
  facet normal 0.06540312923013912 0.9978589232386037 0
    outer loop
      vertex -70.4 61.10000000000001 0
      vertex -70.56968404988608 61.111121680214055 2.4
      vertex -70.4 61.10000000000001 2.4
    endloop
  endfacet
  facet normal -0.06540312923013912 0.9978589232386037 0
    outer loop
      vertex -70.23031595011393 61.111121680214055 0
      vertex -70.4 61.10000000000001 2.4
      vertex -70.23031595011393 61.111121680214055 2.4
    endloop
  endfacet
  facet normal -0.19509032201610535 0.980785280403235 0
    outer loop
      vertex -70.06353524136672 61.144296425824216 0
      vertex -70.23031595011393 61.111121680214055 2.4
      vertex -70.06353524136672 61.144296425824216 2.4
    endloop
  endfacet
  facet normal -0.3214394653031862 0.9469301294950974 0
    outer loop
      vertex -69.90251153792539 61.19895660773533 0
      vertex -70.06353524136672 61.144296425824216 2.4
      vertex -69.90251153792539 61.19895660773533 2.4
    endloop
  endfacet
  facet normal -0.4422886902189759 0.8968727415327009 0
    outer loop
      vertex -69.75 61.274166975080234 0
      vertex -69.90251153792539 61.19895660773533 2.4
      vertex -69.75 61.274166975080234 2.4
    endloop
  endfacet
  facet normal -0.5555702330196138 0.8314696123025375 0
    outer loop
      vertex -69.60861014228867 61.3686406576214 0
      vertex -69.75 61.274166975080234 2.4
      vertex -69.60861014228867 61.3686406576214 2.4
    endloop
  endfacet
  facet normal -0.6593458151000645 0.7518398074789812 0
    outer loop
      vertex -69.48076118445749 61.48076118445749 0
      vertex -69.60861014228867 61.3686406576214 2.4
      vertex -69.48076118445749 61.48076118445749 2.4
    endloop
  endfacet
  facet normal -0.7518398074789812 0.6593458151000645 0
    outer loop
      vertex -69.3686406576214 61.60861014228867 0
      vertex -69.48076118445749 61.48076118445749 2.4
      vertex -69.3686406576214 61.60861014228867 2.4
    endloop
  endfacet
  facet normal -0.8314696123025503 0.5555702330195946 0
    outer loop
      vertex -69.27416697508023 61.75000000000001 0
      vertex -69.3686406576214 61.60861014228867 2.4
      vertex -69.27416697508023 61.75000000000001 2.4
    endloop
  endfacet
  facet normal -0.896872741532676 0.442288690219026 0
    outer loop
      vertex -69.19895660773533 61.90251153792539 0
      vertex -69.27416697508023 61.75000000000001 2.4
      vertex -69.19895660773533 61.90251153792539 2.4
    endloop
  endfacet
  facet normal -0.9469301294951271 0.3214394653030985 0
    outer loop
      vertex -69.14429642582422 62.06353524136673 0
      vertex -69.19895660773533 61.90251153792539 2.4
      vertex -69.14429642582422 62.06353524136673 2.4
    endloop
  endfacet
  facet normal -0.980785280403227 0.1950903220161455 0
    outer loop
      vertex -69.11112168021405 62.23031595011394 0
      vertex -69.14429642582422 62.06353524136673 2.4
      vertex -69.11112168021405 62.23031595011394 2.4
    endloop
  endfacet
  facet normal -0.9978589232386036 0.06540312923014184 0
    outer loop
      vertex -69.10000000000001 62.400000000000006 0
      vertex -69.11112168021405 62.23031595011394 2.4
      vertex -69.10000000000001 62.400000000000006 2.4
    endloop
  endfacet
  facet normal -0.9978589232386036 -0.06540312923014184 0
    outer loop
      vertex -69.11112168021405 62.56968404988607 0
      vertex -69.10000000000001 62.400000000000006 2.4
      vertex -69.11112168021405 62.56968404988607 2.4
    endloop
  endfacet
  facet normal -0.896872741532676 -0.442288690219026 0
    outer loop
      vertex -69.27416697508023 63.050000000000004 0
      vertex -69.19895660773533 62.89748846207462 2.4
      vertex -69.27416697508023 63.050000000000004 2.4
    endloop
  endfacet
  facet normal -0.8314696123025503 -0.5555702330195946 0
    outer loop
      vertex -69.3686406576214 63.19138985771134 0
      vertex -69.27416697508023 63.050000000000004 2.4
      vertex -69.3686406576214 63.19138985771134 2.4
    endloop
  endfacet
  facet normal -0.980785280403227 -0.1950903220161455 0
    outer loop
      vertex -69.14429642582422 62.73646475863328 0
      vertex -69.11112168021405 62.56968404988607 2.4
      vertex -69.14429642582422 62.73646475863328 2.4
    endloop
  endfacet
  facet normal -0.9469301294951271 -0.3214394653030985 0
    outer loop
      vertex -69.19895660773533 62.89748846207462 0
      vertex -69.14429642582422 62.73646475863328 2.4
      vertex -69.19895660773533 62.89748846207462 2.4
    endloop
  endfacet
  facet normal 0.19509032201610535 -0.980785280403235 0
    outer loop
      vertex -70.73646475863329 63.655703574175796 0
      vertex -70.56968404988608 63.68887831978596 2.4
      vertex -70.73646475863329 63.655703574175796 2.4
    endloop
  endfacet
  facet normal 0.06540312923013912 -0.9978589232386037 0
    outer loop
      vertex -70.56968404988608 63.68887831978596 0
      vertex -70.4 63.7 2.4
      vertex -70.56968404988608 63.68887831978596 2.4
    endloop
  endfacet
  facet normal -0.06540312923013912 -0.9978589232386037 0
    outer loop
      vertex -70.4 63.7 0
      vertex -70.23031595011393 63.68887831978596 2.4
      vertex -70.4 63.7 2.4
    endloop
  endfacet
  facet normal -0.19509032201610535 -0.980785280403235 0
    outer loop
      vertex -70.23031595011393 63.68887831978596 0
      vertex -70.06353524136672 63.655703574175796 2.4
      vertex -70.23031595011393 63.68887831978596 2.4
    endloop
  endfacet
  facet normal -0.3214394653031862 -0.9469301294950974 0
    outer loop
      vertex -70.06353524136672 63.655703574175796 0
      vertex -69.90251153792539 63.60104339226468 2.4
      vertex -70.06353524136672 63.655703574175796 2.4
    endloop
  endfacet
  facet normal -0.4422886902189759 -0.8968727415327009 0
    outer loop
      vertex -69.90251153792539 63.60104339226468 0
      vertex -69.75 63.52583302491978 2.4
      vertex -69.90251153792539 63.60104339226468 2.4
    endloop
  endfacet
  facet normal -0.6593458151000645 -0.7518398074789812 0
    outer loop
      vertex -69.60861014228867 63.43135934237861 0
      vertex -69.48076118445749 63.31923881554252 2.4
      vertex -69.60861014228867 63.43135934237861 2.4
    endloop
  endfacet
  facet normal -0.5555702330196138 -0.8314696123025375 0
    outer loop
      vertex -69.75 63.52583302491978 0
      vertex -69.60861014228867 63.43135934237861 2.4
      vertex -69.75 63.52583302491978 2.4
    endloop
  endfacet
  facet normal -0.7518398074789812 -0.6593458151000645 0
    outer loop
      vertex -69.48076118445749 63.31923881554252 0
      vertex -69.3686406576214 63.19138985771134 2.4
      vertex -69.48076118445749 63.31923881554252 2.4
    endloop
  endfacet
  facet normal 0.7518398074789812 0.6593458151000645 0
    outer loop
      vertex 69.48076118445749 -63.31923881554252 0
      vertex 69.3686406576214 -63.19138985771134 0
      vertex 69.3686406576214 -63.19138985771134 2.4
    endloop
  endfacet
  facet normal 0.5555702330196138 0.8314696123025375 0
    outer loop
      vertex 69.60861014228867 -63.43135934237861 0
      vertex 69.60861014228867 -63.43135934237861 2.4
      vertex 69.75 -63.52583302491978 0
    endloop
  endfacet
  facet normal 0.4422886902189759 0.8968727415327009 0
    outer loop
      vertex 69.75 -63.52583302491978 0
      vertex 69.75 -63.52583302491978 2.4
      vertex 69.90251153792539 -63.60104339226468 0
    endloop
  endfacet
  facet normal 0.6593458151000645 0.7518398074789812 0
    outer loop
      vertex 69.48076118445749 -63.31923881554252 0
      vertex 69.48076118445749 -63.31923881554252 2.4
      vertex 69.60861014228867 -63.43135934237861 0
    endloop
  endfacet
  facet normal 0.3214394653031862 0.9469301294950974 0
    outer loop
      vertex 69.90251153792539 -63.60104339226468 0
      vertex 69.90251153792539 -63.60104339226468 2.4
      vertex 70.06353524136672 -63.655703574175796 0
    endloop
  endfacet
  facet normal 0.19509032201610535 0.980785280403235 0
    outer loop
      vertex 70.06353524136672 -63.655703574175796 0
      vertex 70.06353524136672 -63.655703574175796 2.4
      vertex 70.23031595011393 -63.68887831978596 0
    endloop
  endfacet
  facet normal 0.06540312923013912 0.9978589232386037 0
    outer loop
      vertex 70.23031595011393 -63.68887831978596 0
      vertex 70.23031595011393 -63.68887831978596 2.4
      vertex 70.4 -63.7 0
    endloop
  endfacet
  facet normal -0.06540312923013912 0.9978589232386037 0
    outer loop
      vertex 70.4 -63.7 0
      vertex 70.4 -63.7 2.4
      vertex 70.56968404988608 -63.68887831978596 0
    endloop
  endfacet
  facet normal -0.19509032201610535 0.980785280403235 0
    outer loop
      vertex 70.56968404988608 -63.68887831978596 0
      vertex 70.56968404988608 -63.68887831978596 2.4
      vertex 70.73646475863329 -63.655703574175796 0
    endloop
  endfacet
  facet normal 0.9469301294951271 0.3214394653030985 0
    outer loop
      vertex 69.19895660773533 -62.89748846207462 0
      vertex 69.14429642582422 -62.73646475863328 0
      vertex 69.14429642582422 -62.73646475863328 2.4
    endloop
  endfacet
  facet normal 0.8314696123025503 0.5555702330195946 0
    outer loop
      vertex 69.3686406576214 -63.19138985771134 0
      vertex 69.27416697508023 -63.050000000000004 0
      vertex 69.27416697508023 -63.050000000000004 2.4
    endloop
  endfacet
  facet normal 0.896872741532676 0.442288690219026 0
    outer loop
      vertex 69.27416697508023 -63.050000000000004 0
      vertex 69.19895660773533 -62.89748846207462 0
      vertex 69.19895660773533 -62.89748846207462 2.4
    endloop
  endfacet
  facet normal 0.980785280403227 0.1950903220161455 0
    outer loop
      vertex 69.14429642582422 -62.73646475863328 0
      vertex 69.11112168021405 -62.56968404988607 0
      vertex 69.11112168021405 -62.56968404988607 2.4
    endloop
  endfacet
  facet normal 0.9978589232386036 0.06540312923014184 0
    outer loop
      vertex 69.11112168021405 -62.56968404988607 0
      vertex 69.10000000000001 -62.400000000000006 0
      vertex 69.10000000000001 -62.400000000000006 2.4
    endloop
  endfacet
  facet normal 0.9978589232386036 -0.06540312923014184 0
    outer loop
      vertex 69.10000000000001 -62.400000000000006 0
      vertex 69.11112168021405 -62.23031595011394 0
      vertex 69.11112168021405 -62.23031595011394 2.4
    endloop
  endfacet
  facet normal 0.980785280403227 -0.1950903220161455 0
    outer loop
      vertex 69.11112168021405 -62.23031595011394 0
      vertex 69.14429642582422 -62.06353524136673 0
      vertex 69.14429642582422 -62.06353524136673 2.4
    endloop
  endfacet
  facet normal 0.9469301294951271 -0.3214394653030985 0
    outer loop
      vertex 69.14429642582422 -62.06353524136673 0
      vertex 69.19895660773533 -61.90251153792539 0
      vertex 69.19895660773533 -61.90251153792539 2.4
    endloop
  endfacet
  facet normal 0.896872741532676 -0.442288690219026 0
    outer loop
      vertex 69.19895660773533 -61.90251153792539 0
      vertex 69.27416697508023 -61.75000000000001 0
      vertex 69.27416697508023 -61.75000000000001 2.4
    endloop
  endfacet
  facet normal 0.8314696123025503 -0.5555702330195946 0
    outer loop
      vertex 69.27416697508023 -61.75000000000001 0
      vertex 69.3686406576214 -61.60861014228867 0
      vertex 69.3686406576214 -61.60861014228867 2.4
    endloop
  endfacet
  facet normal 0.7518398074789812 -0.6593458151000645 0
    outer loop
      vertex 69.3686406576214 -61.60861014228867 0
      vertex 69.48076118445749 -61.48076118445749 0
      vertex 69.48076118445749 -61.48076118445749 2.4
    endloop
  endfacet
  facet normal 0.6593458151000645 -0.7518398074789812 0
    outer loop
      vertex 69.60861014228867 -61.3686406576214 0
      vertex 69.60861014228867 -61.3686406576214 2.4
      vertex 69.48076118445749 -61.48076118445749 0
    endloop
  endfacet
  facet normal 0.5555702330196138 -0.8314696123025375 0
    outer loop
      vertex 69.75 -61.274166975080234 0
      vertex 69.75 -61.274166975080234 2.4
      vertex 69.60861014228867 -61.3686406576214 0
    endloop
  endfacet
  facet normal 0.4422886902189759 -0.8968727415327009 0
    outer loop
      vertex 69.90251153792539 -61.19895660773533 0
      vertex 69.90251153792539 -61.19895660773533 2.4
      vertex 69.75 -61.274166975080234 0
    endloop
  endfacet
  facet normal 0.3214394653031862 -0.9469301294950974 0
    outer loop
      vertex 70.06353524136672 -61.144296425824216 0
      vertex 70.06353524136672 -61.144296425824216 2.4
      vertex 69.90251153792539 -61.19895660773533 0
    endloop
  endfacet
  facet normal 0.19509032201610535 -0.980785280403235 0
    outer loop
      vertex 70.23031595011393 -61.111121680214055 0
      vertex 70.23031595011393 -61.111121680214055 2.4
      vertex 70.06353524136672 -61.144296425824216 0
    endloop
  endfacet
  facet normal 0.06540312923013912 -0.9978589232386037 0
    outer loop
      vertex 70.4 -61.10000000000001 0
      vertex 70.4 -61.10000000000001 2.4
      vertex 70.23031595011393 -61.111121680214055 0
    endloop
  endfacet
  facet normal -0.06540312923013912 -0.9978589232386037 0
    outer loop
      vertex 70.56968404988608 -61.111121680214055 0
      vertex 70.56968404988608 -61.111121680214055 2.4
      vertex 70.4 -61.10000000000001 0
    endloop
  endfacet
  facet normal -0.19509032201610535 -0.980785280403235 0
    outer loop
      vertex 70.73646475863329 -61.144296425824216 0
      vertex 70.73646475863329 -61.144296425824216 2.4
      vertex 70.56968404988608 -61.111121680214055 0
    endloop
  endfacet
  facet normal -0.3214394653031862 0.9469301294950974 0
    outer loop
      vertex 70.73646475863329 -63.655703574175796 0
      vertex 70.73646475863329 -63.655703574175796 2.4
      vertex 70.89748846207462 -63.60104339226468 0
    endloop
  endfacet
  facet normal -0.4422886902189759 0.8968727415327009 0
    outer loop
      vertex 70.89748846207462 -63.60104339226468 0
      vertex 70.89748846207462 -63.60104339226468 2.4
      vertex 71.05000000000001 -63.52583302491978 0
    endloop
  endfacet
  facet normal -0.5555702330196138 0.8314696123025375 0
    outer loop
      vertex 71.05000000000001 -63.52583302491978 0
      vertex 71.05000000000001 -63.52583302491978 2.4
      vertex 71.19138985771134 -63.43135934237861 0
    endloop
  endfacet
  facet normal -0.6593458151000645 0.7518398074789812 0
    outer loop
      vertex 71.19138985771134 -63.43135934237861 0
      vertex 71.19138985771134 -63.43135934237861 2.4
      vertex 71.31923881554252 -63.31923881554252 0
    endloop
  endfacet
  facet normal -0.7518398074789812 0.6593458151000645 0
    outer loop
      vertex 71.31923881554252 -63.31923881554252 0
      vertex 71.31923881554252 -63.31923881554252 2.4
      vertex 71.43135934237861 -63.19138985771134 0
    endloop
  endfacet
  facet normal -0.8314696123025503 0.5555702330195946 0
    outer loop
      vertex 71.52583302491978 -63.050000000000004 0
      vertex 71.43135934237861 -63.19138985771134 0
      vertex 71.43135934237861 -63.19138985771134 2.4
    endloop
  endfacet
  facet normal -0.896872741532676 0.442288690219026 0
    outer loop
      vertex 71.60104339226469 -62.89748846207462 0
      vertex 71.52583302491978 -63.050000000000004 0
      vertex 71.52583302491978 -63.050000000000004 2.4
    endloop
  endfacet
  facet normal -0.9469301294951271 0.3214394653030985 0
    outer loop
      vertex 71.65570357417579 -62.73646475863328 0
      vertex 71.60104339226469 -62.89748846207462 0
      vertex 71.60104339226469 -62.89748846207462 2.4
    endloop
  endfacet
  facet normal -0.980785280403227 0.1950903220161455 0
    outer loop
      vertex 71.68887831978596 -62.56968404988607 0
      vertex 71.65570357417579 -62.73646475863328 0
      vertex 71.65570357417579 -62.73646475863328 2.4
    endloop
  endfacet
  facet normal -0.9978589232386036 0.06540312923014184 0
    outer loop
      vertex 71.7 -62.400000000000006 0
      vertex 71.68887831978596 -62.56968404988607 0
      vertex 71.68887831978596 -62.56968404988607 2.4
    endloop
  endfacet
  facet normal -0.9978589232386036 -0.06540312923014184 0
    outer loop
      vertex 71.68887831978596 -62.23031595011394 0
      vertex 71.7 -62.400000000000006 0
      vertex 71.7 -62.400000000000006 2.4
    endloop
  endfacet
  facet normal -0.980785280403227 -0.1950903220161455 0
    outer loop
      vertex 71.65570357417579 -62.06353524136673 0
      vertex 71.68887831978596 -62.23031595011394 0
      vertex 71.68887831978596 -62.23031595011394 2.4
    endloop
  endfacet
  facet normal -0.3214394653031862 -0.9469301294950974 0
    outer loop
      vertex 70.89748846207462 -61.19895660773533 0
      vertex 70.89748846207462 -61.19895660773533 2.4
      vertex 70.73646475863329 -61.144296425824216 0
    endloop
  endfacet
  facet normal -0.4422886902189759 -0.8968727415327009 0
    outer loop
      vertex 71.05000000000001 -61.274166975080234 0
      vertex 71.05000000000001 -61.274166975080234 2.4
      vertex 70.89748846207462 -61.19895660773533 0
    endloop
  endfacet
  facet normal -0.5555702330196138 -0.8314696123025375 0
    outer loop
      vertex 71.19138985771134 -61.3686406576214 0
      vertex 71.19138985771134 -61.3686406576214 2.4
      vertex 71.05000000000001 -61.274166975080234 0
    endloop
  endfacet
  facet normal -0.8314696123025503 -0.5555702330195946 0
    outer loop
      vertex 71.43135934237861 -61.60861014228867 0
      vertex 71.52583302491978 -61.75000000000001 0
      vertex 71.52583302491978 -61.75000000000001 2.4
    endloop
  endfacet
  facet normal -0.9469301294951271 -0.3214394653030985 0
    outer loop
      vertex 71.60104339226469 -61.90251153792539 0
      vertex 71.65570357417579 -62.06353524136673 0
      vertex 71.65570357417579 -62.06353524136673 2.4
    endloop
  endfacet
  facet normal -0.896872741532676 -0.442288690219026 0
    outer loop
      vertex 71.52583302491978 -61.75000000000001 0
      vertex 71.60104339226469 -61.90251153792539 0
      vertex 71.60104339226469 -61.90251153792539 2.4
    endloop
  endfacet
  facet normal -0.7518398074789812 -0.6593458151000645 0
    outer loop
      vertex 71.31923881554252 -61.48076118445749 0
      vertex 71.43135934237861 -61.60861014228867 0
      vertex 71.43135934237861 -61.60861014228867 2.4
    endloop
  endfacet
  facet normal -0.6593458151000645 -0.7518398074789812 0
    outer loop
      vertex 71.31923881554252 -61.48076118445749 0
      vertex 71.31923881554252 -61.48076118445749 2.4
      vertex 71.19138985771134 -61.3686406576214 0
    endloop
  endfacet
  facet normal 0.7518398074789812 0.6593458151000645 0
    outer loop
      vertex 69.48076118445749 -63.31923881554252 0
      vertex 69.3686406576214 -63.19138985771134 2.4
      vertex 69.48076118445749 -63.31923881554252 2.4
    endloop
  endfacet
  facet normal 0.5555702330196138 0.8314696123025375 0
    outer loop
      vertex 69.75 -63.52583302491978 0
      vertex 69.60861014228867 -63.43135934237861 2.4
      vertex 69.75 -63.52583302491978 2.4
    endloop
  endfacet
  facet normal 0.6593458151000645 0.7518398074789812 0
    outer loop
      vertex 69.60861014228867 -63.43135934237861 0
      vertex 69.48076118445749 -63.31923881554252 2.4
      vertex 69.60861014228867 -63.43135934237861 2.4
    endloop
  endfacet
  facet normal 0.4422886902189759 0.8968727415327009 0
    outer loop
      vertex 69.90251153792539 -63.60104339226468 0
      vertex 69.75 -63.52583302491978 2.4
      vertex 69.90251153792539 -63.60104339226468 2.4
    endloop
  endfacet
  facet normal 0.3214394653031862 0.9469301294950974 0
    outer loop
      vertex 70.06353524136672 -63.655703574175796 0
      vertex 69.90251153792539 -63.60104339226468 2.4
      vertex 70.06353524136672 -63.655703574175796 2.4
    endloop
  endfacet
  facet normal 0.19509032201610535 0.980785280403235 0
    outer loop
      vertex 70.23031595011393 -63.68887831978596 0
      vertex 70.06353524136672 -63.655703574175796 2.4
      vertex 70.23031595011393 -63.68887831978596 2.4
    endloop
  endfacet
  facet normal 0.06540312923013912 0.9978589232386037 0
    outer loop
      vertex 70.4 -63.7 0
      vertex 70.23031595011393 -63.68887831978596 2.4
      vertex 70.4 -63.7 2.4
    endloop
  endfacet
  facet normal -0.06540312923013912 0.9978589232386037 0
    outer loop
      vertex 70.56968404988608 -63.68887831978596 0
      vertex 70.4 -63.7 2.4
      vertex 70.56968404988608 -63.68887831978596 2.4
    endloop
  endfacet
  facet normal -0.19509032201610535 0.980785280403235 0
    outer loop
      vertex 70.73646475863329 -63.655703574175796 0
      vertex 70.56968404988608 -63.68887831978596 2.4
      vertex 70.73646475863329 -63.655703574175796 2.4
    endloop
  endfacet
  facet normal 0.9469301294951271 0.3214394653030985 0
    outer loop
      vertex 69.19895660773533 -62.89748846207462 0
      vertex 69.14429642582422 -62.73646475863328 2.4
      vertex 69.19895660773533 -62.89748846207462 2.4
    endloop
  endfacet
  facet normal 0.980785280403227 0.1950903220161455 0
    outer loop
      vertex 69.14429642582422 -62.73646475863328 0
      vertex 69.11112168021405 -62.56968404988607 2.4
      vertex 69.14429642582422 -62.73646475863328 2.4
    endloop
  endfacet
  facet normal 0.8314696123025503 0.5555702330195946 0
    outer loop
      vertex 69.3686406576214 -63.19138985771134 0
      vertex 69.27416697508023 -63.050000000000004 2.4
      vertex 69.3686406576214 -63.19138985771134 2.4
    endloop
  endfacet
  facet normal 0.896872741532676 0.442288690219026 0
    outer loop
      vertex 69.27416697508023 -63.050000000000004 0
      vertex 69.19895660773533 -62.89748846207462 2.4
      vertex 69.27416697508023 -63.050000000000004 2.4
    endloop
  endfacet
  facet normal 0.9978589232386036 0.06540312923014184 0
    outer loop
      vertex 69.11112168021405 -62.56968404988607 0
      vertex 69.10000000000001 -62.400000000000006 2.4
      vertex 69.11112168021405 -62.56968404988607 2.4
    endloop
  endfacet
  facet normal 0.9978589232386036 -0.06540312923014184 0
    outer loop
      vertex 69.10000000000001 -62.400000000000006 0
      vertex 69.11112168021405 -62.23031595011394 2.4
      vertex 69.10000000000001 -62.400000000000006 2.4
    endloop
  endfacet
  facet normal 0.980785280403227 -0.1950903220161455 0
    outer loop
      vertex 69.11112168021405 -62.23031595011394 0
      vertex 69.14429642582422 -62.06353524136673 2.4
      vertex 69.11112168021405 -62.23031595011394 2.4
    endloop
  endfacet
  facet normal 0.9469301294951271 -0.3214394653030985 0
    outer loop
      vertex 69.14429642582422 -62.06353524136673 0
      vertex 69.19895660773533 -61.90251153792539 2.4
      vertex 69.14429642582422 -62.06353524136673 2.4
    endloop
  endfacet
  facet normal 0.896872741532676 -0.442288690219026 0
    outer loop
      vertex 69.19895660773533 -61.90251153792539 0
      vertex 69.27416697508023 -61.75000000000001 2.4
      vertex 69.19895660773533 -61.90251153792539 2.4
    endloop
  endfacet
  facet normal 0.8314696123025503 -0.5555702330195946 0
    outer loop
      vertex 69.27416697508023 -61.75000000000001 0
      vertex 69.3686406576214 -61.60861014228867 2.4
      vertex 69.27416697508023 -61.75000000000001 2.4
    endloop
  endfacet
  facet normal 0.7518398074789812 -0.6593458151000645 0
    outer loop
      vertex 69.3686406576214 -61.60861014228867 0
      vertex 69.48076118445749 -61.48076118445749 2.4
      vertex 69.3686406576214 -61.60861014228867 2.4
    endloop
  endfacet
  facet normal 0.6593458151000645 -0.7518398074789812 0
    outer loop
      vertex 69.48076118445749 -61.48076118445749 0
      vertex 69.60861014228867 -61.3686406576214 2.4
      vertex 69.48076118445749 -61.48076118445749 2.4
    endloop
  endfacet
  facet normal 0.5555702330196138 -0.8314696123025375 0
    outer loop
      vertex 69.60861014228867 -61.3686406576214 0
      vertex 69.75 -61.274166975080234 2.4
      vertex 69.60861014228867 -61.3686406576214 2.4
    endloop
  endfacet
  facet normal 0.4422886902189759 -0.8968727415327009 0
    outer loop
      vertex 69.75 -61.274166975080234 0
      vertex 69.90251153792539 -61.19895660773533 2.4
      vertex 69.75 -61.274166975080234 2.4
    endloop
  endfacet
  facet normal 0.3214394653031862 -0.9469301294950974 0
    outer loop
      vertex 69.90251153792539 -61.19895660773533 0
      vertex 70.06353524136672 -61.144296425824216 2.4
      vertex 69.90251153792539 -61.19895660773533 2.4
    endloop
  endfacet
  facet normal 0.19509032201610535 -0.980785280403235 0
    outer loop
      vertex 70.06353524136672 -61.144296425824216 0
      vertex 70.23031595011393 -61.111121680214055 2.4
      vertex 70.06353524136672 -61.144296425824216 2.4
    endloop
  endfacet
  facet normal 0.06540312923013912 -0.9978589232386037 0
    outer loop
      vertex 70.23031595011393 -61.111121680214055 0
      vertex 70.4 -61.10000000000001 2.4
      vertex 70.23031595011393 -61.111121680214055 2.4
    endloop
  endfacet
  facet normal -0.06540312923013912 -0.9978589232386037 0
    outer loop
      vertex 70.4 -61.10000000000001 0
      vertex 70.56968404988608 -61.111121680214055 2.4
      vertex 70.4 -61.10000000000001 2.4
    endloop
  endfacet
  facet normal -0.19509032201610535 -0.980785280403235 0
    outer loop
      vertex 70.56968404988608 -61.111121680214055 0
      vertex 70.73646475863329 -61.144296425824216 2.4
      vertex 70.56968404988608 -61.111121680214055 2.4
    endloop
  endfacet
  facet normal -0.3214394653031862 0.9469301294950974 0
    outer loop
      vertex 70.89748846207462 -63.60104339226468 0
      vertex 70.73646475863329 -63.655703574175796 2.4
      vertex 70.89748846207462 -63.60104339226468 2.4
    endloop
  endfacet
  facet normal -0.4422886902189759 0.8968727415327009 0
    outer loop
      vertex 71.05000000000001 -63.52583302491978 0
      vertex 70.89748846207462 -63.60104339226468 2.4
      vertex 71.05000000000001 -63.52583302491978 2.4
    endloop
  endfacet
  facet normal -0.5555702330196138 0.8314696123025375 0
    outer loop
      vertex 71.19138985771134 -63.43135934237861 0
      vertex 71.05000000000001 -63.52583302491978 2.4
      vertex 71.19138985771134 -63.43135934237861 2.4
    endloop
  endfacet
  facet normal -0.6593458151000645 0.7518398074789812 0
    outer loop
      vertex 71.31923881554252 -63.31923881554252 0
      vertex 71.19138985771134 -63.43135934237861 2.4
      vertex 71.31923881554252 -63.31923881554252 2.4
    endloop
  endfacet
  facet normal -0.7518398074789812 0.6593458151000645 0
    outer loop
      vertex 71.43135934237861 -63.19138985771134 0
      vertex 71.31923881554252 -63.31923881554252 2.4
      vertex 71.43135934237861 -63.19138985771134 2.4
    endloop
  endfacet
  facet normal -0.8314696123025503 0.5555702330195946 0
    outer loop
      vertex 71.52583302491978 -63.050000000000004 0
      vertex 71.43135934237861 -63.19138985771134 2.4
      vertex 71.52583302491978 -63.050000000000004 2.4
    endloop
  endfacet
  facet normal -0.896872741532676 0.442288690219026 0
    outer loop
      vertex 71.60104339226469 -62.89748846207462 0
      vertex 71.52583302491978 -63.050000000000004 2.4
      vertex 71.60104339226469 -62.89748846207462 2.4
    endloop
  endfacet
  facet normal -0.9469301294951271 0.3214394653030985 0
    outer loop
      vertex 71.65570357417579 -62.73646475863328 0
      vertex 71.60104339226469 -62.89748846207462 2.4
      vertex 71.65570357417579 -62.73646475863328 2.4
    endloop
  endfacet
  facet normal -0.980785280403227 0.1950903220161455 0
    outer loop
      vertex 71.68887831978596 -62.56968404988607 0
      vertex 71.65570357417579 -62.73646475863328 2.4
      vertex 71.68887831978596 -62.56968404988607 2.4
    endloop
  endfacet
  facet normal -0.9978589232386036 0.06540312923014184 0
    outer loop
      vertex 71.7 -62.400000000000006 0
      vertex 71.68887831978596 -62.56968404988607 2.4
      vertex 71.7 -62.400000000000006 2.4
    endloop
  endfacet
  facet normal -0.9978589232386036 -0.06540312923014184 0
    outer loop
      vertex 71.68887831978596 -62.23031595011394 0
      vertex 71.7 -62.400000000000006 2.4
      vertex 71.68887831978596 -62.23031595011394 2.4
    endloop
  endfacet
  facet normal -0.3214394653031862 -0.9469301294950974 0
    outer loop
      vertex 70.73646475863329 -61.144296425824216 0
      vertex 70.89748846207462 -61.19895660773533 2.4
      vertex 70.73646475863329 -61.144296425824216 2.4
    endloop
  endfacet
  facet normal -0.4422886902189759 -0.8968727415327009 0
    outer loop
      vertex 70.89748846207462 -61.19895660773533 0
      vertex 71.05000000000001 -61.274166975080234 2.4
      vertex 70.89748846207462 -61.19895660773533 2.4
    endloop
  endfacet
  facet normal -0.6593458151000645 -0.7518398074789812 0
    outer loop
      vertex 71.19138985771134 -61.3686406576214 0
      vertex 71.31923881554252 -61.48076118445749 2.4
      vertex 71.19138985771134 -61.3686406576214 2.4
    endloop
  endfacet
  facet normal -0.5555702330196138 -0.8314696123025375 0
    outer loop
      vertex 71.05000000000001 -61.274166975080234 0
      vertex 71.19138985771134 -61.3686406576214 2.4
      vertex 71.05000000000001 -61.274166975080234 2.4
    endloop
  endfacet
  facet normal -0.896872741532676 -0.442288690219026 0
    outer loop
      vertex 71.52583302491978 -61.75000000000001 0
      vertex 71.60104339226469 -61.90251153792539 2.4
      vertex 71.52583302491978 -61.75000000000001 2.4
    endloop
  endfacet
  facet normal -0.8314696123025503 -0.5555702330195946 0
    outer loop
      vertex 71.43135934237861 -61.60861014228867 0
      vertex 71.52583302491978 -61.75000000000001 2.4
      vertex 71.43135934237861 -61.60861014228867 2.4
    endloop
  endfacet
  facet normal -0.980785280403227 -0.1950903220161455 0
    outer loop
      vertex 71.65570357417579 -62.06353524136673 0
      vertex 71.68887831978596 -62.23031595011394 2.4
      vertex 71.65570357417579 -62.06353524136673 2.4
    endloop
  endfacet
  facet normal -0.9469301294951271 -0.3214394653030985 0
    outer loop
      vertex 71.60104339226469 -61.90251153792539 0
      vertex 71.65570357417579 -62.06353524136673 2.4
      vertex 71.60104339226469 -61.90251153792539 2.4
    endloop
  endfacet
  facet normal -0.7518398074789812 -0.6593458151000645 0
    outer loop
      vertex 71.31923881554252 -61.48076118445749 0
      vertex 71.43135934237861 -61.60861014228867 2.4
      vertex 71.31923881554252 -61.48076118445749 2.4
    endloop
  endfacet
  facet normal 0.7518398074789812 0.6593458151000645 0
    outer loop
      vertex 69.48076118445749 61.48076118445749 0
      vertex 69.3686406576214 61.60861014228867 0
      vertex 69.3686406576214 61.60861014228867 2.4
    endloop
  endfacet
  facet normal 0.9469301294951271 0.3214394653030985 0
    outer loop
      vertex 69.19895660773533 61.90251153792539 0
      vertex 69.14429642582422 62.06353524136673 0
      vertex 69.14429642582422 62.06353524136673 2.4
    endloop
  endfacet
  facet normal 0.8314696123025503 0.5555702330195946 0
    outer loop
      vertex 69.3686406576214 61.60861014228867 0
      vertex 69.27416697508023 61.75000000000001 0
      vertex 69.27416697508023 61.75000000000001 2.4
    endloop
  endfacet
  facet normal 0.896872741532676 0.442288690219026 0
    outer loop
      vertex 69.27416697508023 61.75000000000001 0
      vertex 69.19895660773533 61.90251153792539 0
      vertex 69.19895660773533 61.90251153792539 2.4
    endloop
  endfacet
  facet normal 0.980785280403227 0.1950903220161455 0
    outer loop
      vertex 69.14429642582422 62.06353524136673 0
      vertex 69.11112168021405 62.23031595011394 0
      vertex 69.11112168021405 62.23031595011394 2.4
    endloop
  endfacet
  facet normal 0.9978589232386036 0.06540312923014184 0
    outer loop
      vertex 69.11112168021405 62.23031595011394 0
      vertex 69.10000000000001 62.400000000000006 0
      vertex 69.10000000000001 62.400000000000006 2.4
    endloop
  endfacet
  facet normal 0.9978589232386036 -0.06540312923014184 0
    outer loop
      vertex 69.10000000000001 62.400000000000006 0
      vertex 69.11112168021405 62.56968404988607 0
      vertex 69.11112168021405 62.56968404988607 2.4
    endloop
  endfacet
  facet normal 0.980785280403227 -0.1950903220161455 0
    outer loop
      vertex 69.11112168021405 62.56968404988607 0
      vertex 69.14429642582422 62.73646475863328 0
      vertex 69.14429642582422 62.73646475863328 2.4
    endloop
  endfacet
  facet normal 0.9469301294951271 -0.3214394653030985 0
    outer loop
      vertex 69.14429642582422 62.73646475863328 0
      vertex 69.19895660773533 62.89748846207462 0
      vertex 69.19895660773533 62.89748846207462 2.4
    endloop
  endfacet
  facet normal 0.896872741532676 -0.442288690219026 0
    outer loop
      vertex 69.19895660773533 62.89748846207462 0
      vertex 69.27416697508023 63.050000000000004 0
      vertex 69.27416697508023 63.050000000000004 2.4
    endloop
  endfacet
  facet normal 0.8314696123025503 -0.5555702330195946 0
    outer loop
      vertex 69.27416697508023 63.050000000000004 0
      vertex 69.3686406576214 63.19138985771134 0
      vertex 69.3686406576214 63.19138985771134 2.4
    endloop
  endfacet
  facet normal 0.5555702330196138 0.8314696123025375 0
    outer loop
      vertex 69.60861014228867 61.3686406576214 0
      vertex 69.60861014228867 61.3686406576214 2.4
      vertex 69.75 61.274166975080234 0
    endloop
  endfacet
  facet normal 0.4422886902189759 0.8968727415327009 0
    outer loop
      vertex 69.75 61.274166975080234 0
      vertex 69.75 61.274166975080234 2.4
      vertex 69.90251153792539 61.19895660773533 0
    endloop
  endfacet
  facet normal 0.6593458151000645 0.7518398074789812 0
    outer loop
      vertex 69.48076118445749 61.48076118445749 0
      vertex 69.48076118445749 61.48076118445749 2.4
      vertex 69.60861014228867 61.3686406576214 0
    endloop
  endfacet
  facet normal 0.3214394653031862 0.9469301294950974 0
    outer loop
      vertex 69.90251153792539 61.19895660773533 0
      vertex 69.90251153792539 61.19895660773533 2.4
      vertex 70.06353524136672 61.144296425824216 0
    endloop
  endfacet
  facet normal 0.19509032201610535 0.980785280403235 0
    outer loop
      vertex 70.06353524136672 61.144296425824216 0
      vertex 70.06353524136672 61.144296425824216 2.4
      vertex 70.23031595011393 61.111121680214055 0
    endloop
  endfacet
  facet normal 0.06540312923013912 0.9978589232386037 0
    outer loop
      vertex 70.23031595011393 61.111121680214055 0
      vertex 70.23031595011393 61.111121680214055 2.4
      vertex 70.4 61.10000000000001 0
    endloop
  endfacet
  facet normal -0.06540312923013912 0.9978589232386037 0
    outer loop
      vertex 70.4 61.10000000000001 0
      vertex 70.4 61.10000000000001 2.4
      vertex 70.56968404988608 61.111121680214055 0
    endloop
  endfacet
  facet normal -0.19509032201610535 0.980785280403235 0
    outer loop
      vertex 70.73646475863329 61.144296425824216 0
      vertex 70.56968404988608 61.111121680214055 0
      vertex 70.56968404988608 61.111121680214055 2.4
    endloop
  endfacet
  facet normal 0.7518398074789812 -0.6593458151000645 0
    outer loop
      vertex 69.3686406576214 63.19138985771134 0
      vertex 69.48076118445749 63.31923881554252 0
      vertex 69.48076118445749 63.31923881554252 2.4
    endloop
  endfacet
  facet normal 0.6593458151000645 -0.7518398074789812 0
    outer loop
      vertex 69.60861014228867 63.43135934237861 0
      vertex 69.60861014228867 63.43135934237861 2.4
      vertex 69.48076118445749 63.31923881554252 0
    endloop
  endfacet
  facet normal 0.5555702330196138 -0.8314696123025375 0
    outer loop
      vertex 69.75 63.52583302491978 0
      vertex 69.75 63.52583302491978 2.4
      vertex 69.60861014228867 63.43135934237861 0
    endloop
  endfacet
  facet normal 0.4422886902189759 -0.8968727415327009 0
    outer loop
      vertex 69.90251153792539 63.60104339226468 0
      vertex 69.90251153792539 63.60104339226468 2.4
      vertex 69.75 63.52583302491978 0
    endloop
  endfacet
  facet normal 0.3214394653031862 -0.9469301294950974 0
    outer loop
      vertex 70.06353524136672 63.655703574175796 0
      vertex 70.06353524136672 63.655703574175796 2.4
      vertex 69.90251153792539 63.60104339226468 0
    endloop
  endfacet
  facet normal 0.19509032201610535 -0.980785280403235 0
    outer loop
      vertex 70.23031595011393 63.68887831978596 0
      vertex 70.23031595011393 63.68887831978596 2.4
      vertex 70.06353524136672 63.655703574175796 0
    endloop
  endfacet
  facet normal 0.06540312923013912 -0.9978589232386037 0
    outer loop
      vertex 70.4 63.7 0
      vertex 70.4 63.7 2.4
      vertex 70.23031595011393 63.68887831978596 0
    endloop
  endfacet
  facet normal -0.06540312923013912 -0.9978589232386037 0
    outer loop
      vertex 70.56968404988608 63.68887831978596 0
      vertex 70.56968404988608 63.68887831978596 2.4
      vertex 70.4 63.7 0
    endloop
  endfacet
  facet normal -0.19509032201610535 -0.980785280403235 0
    outer loop
      vertex 70.73646475863329 63.655703574175796 0
      vertex 70.73646475863329 63.655703574175796 2.4
      vertex 70.56968404988608 63.68887831978596 0
    endloop
  endfacet
  facet normal -0.3214394653031862 0.9469301294950974 0
    outer loop
      vertex 70.73646475863329 61.144296425824216 0
      vertex 70.73646475863329 61.144296425824216 2.4
      vertex 70.89748846207462 61.19895660773533 0
    endloop
  endfacet
  facet normal -0.4422886902189759 0.8968727415327009 0
    outer loop
      vertex 70.89748846207462 61.19895660773533 0
      vertex 70.89748846207462 61.19895660773533 2.4
      vertex 71.05000000000001 61.274166975080234 0
    endloop
  endfacet
  facet normal -0.5555702330196138 0.8314696123025375 0
    outer loop
      vertex 71.05000000000001 61.274166975080234 0
      vertex 71.05000000000001 61.274166975080234 2.4
      vertex 71.19138985771134 61.3686406576214 0
    endloop
  endfacet
  facet normal -0.6593458151000645 0.7518398074789812 0
    outer loop
      vertex 71.19138985771134 61.3686406576214 0
      vertex 71.19138985771134 61.3686406576214 2.4
      vertex 71.31923881554252 61.48076118445749 0
    endloop
  endfacet
  facet normal -0.7518398074789812 0.6593458151000645 0
    outer loop
      vertex 71.31923881554252 61.48076118445749 0
      vertex 71.31923881554252 61.48076118445749 2.4
      vertex 71.43135934237861 61.60861014228867 0
    endloop
  endfacet
  facet normal -0.8314696123025503 0.5555702330195946 0
    outer loop
      vertex 71.52583302491978 61.75000000000001 0
      vertex 71.43135934237861 61.60861014228867 0
      vertex 71.43135934237861 61.60861014228867 2.4
    endloop
  endfacet
  facet normal -0.896872741532676 0.442288690219026 0
    outer loop
      vertex 71.60104339226469 61.90251153792539 0
      vertex 71.52583302491978 61.75000000000001 0
      vertex 71.52583302491978 61.75000000000001 2.4
    endloop
  endfacet
  facet normal -0.9469301294951271 0.3214394653030985 0
    outer loop
      vertex 71.65570357417579 62.06353524136673 0
      vertex 71.60104339226469 61.90251153792539 0
      vertex 71.60104339226469 61.90251153792539 2.4
    endloop
  endfacet
  facet normal -0.980785280403227 0.1950903220161455 0
    outer loop
      vertex 71.68887831978596 62.23031595011394 0
      vertex 71.65570357417579 62.06353524136673 0
      vertex 71.65570357417579 62.06353524136673 2.4
    endloop
  endfacet
  facet normal -0.9978589232386036 0.06540312923014184 0
    outer loop
      vertex 71.7 62.400000000000006 0
      vertex 71.68887831978596 62.23031595011394 0
      vertex 71.68887831978596 62.23031595011394 2.4
    endloop
  endfacet
  facet normal -0.9978589232386036 -0.06540312923014184 0
    outer loop
      vertex 71.68887831978596 62.56968404988607 0
      vertex 71.7 62.400000000000006 0
      vertex 71.7 62.400000000000006 2.4
    endloop
  endfacet
  facet normal -0.980785280403227 -0.1950903220161455 0
    outer loop
      vertex 71.65570357417579 62.73646475863328 0
      vertex 71.68887831978596 62.56968404988607 0
      vertex 71.68887831978596 62.56968404988607 2.4
    endloop
  endfacet
  facet normal -0.8314696123025503 -0.5555702330195946 0
    outer loop
      vertex 71.43135934237861 63.19138985771134 0
      vertex 71.52583302491978 63.050000000000004 0
      vertex 71.52583302491978 63.050000000000004 2.4
    endloop
  endfacet
  facet normal -0.9469301294951271 -0.3214394653030985 0
    outer loop
      vertex 71.60104339226469 62.89748846207462 0
      vertex 71.65570357417579 62.73646475863328 0
      vertex 71.65570357417579 62.73646475863328 2.4
    endloop
  endfacet
  facet normal -0.896872741532676 -0.442288690219026 0
    outer loop
      vertex 71.52583302491978 63.050000000000004 0
      vertex 71.60104339226469 62.89748846207462 0
      vertex 71.60104339226469 62.89748846207462 2.4
    endloop
  endfacet
  facet normal -0.3214394653031862 -0.9469301294950974 0
    outer loop
      vertex 70.89748846207462 63.60104339226468 0
      vertex 70.89748846207462 63.60104339226468 2.4
      vertex 70.73646475863329 63.655703574175796 0
    endloop
  endfacet
  facet normal -0.4422886902189759 -0.8968727415327009 0
    outer loop
      vertex 71.05000000000001 63.52583302491978 0
      vertex 71.05000000000001 63.52583302491978 2.4
      vertex 70.89748846207462 63.60104339226468 0
    endloop
  endfacet
  facet normal -0.5555702330196138 -0.8314696123025375 0
    outer loop
      vertex 71.19138985771134 63.43135934237861 0
      vertex 71.19138985771134 63.43135934237861 2.4
      vertex 71.05000000000001 63.52583302491978 0
    endloop
  endfacet
  facet normal -0.7518398074789812 -0.6593458151000645 0
    outer loop
      vertex 71.31923881554252 63.31923881554252 0
      vertex 71.43135934237861 63.19138985771134 0
      vertex 71.43135934237861 63.19138985771134 2.4
    endloop
  endfacet
  facet normal -0.6593458151000645 -0.7518398074789812 0
    outer loop
      vertex 71.19138985771134 63.43135934237861 0
      vertex 71.31923881554252 63.31923881554252 0
      vertex 71.31923881554252 63.31923881554252 2.4
    endloop
  endfacet
  facet normal 0.7518398074789812 0.6593458151000645 0
    outer loop
      vertex 69.48076118445749 61.48076118445749 0
      vertex 69.3686406576214 61.60861014228867 2.4
      vertex 69.48076118445749 61.48076118445749 2.4
    endloop
  endfacet
  facet normal 0.9469301294951271 0.3214394653030985 0
    outer loop
      vertex 69.19895660773533 61.90251153792539 0
      vertex 69.14429642582422 62.06353524136673 2.4
      vertex 69.19895660773533 61.90251153792539 2.4
    endloop
  endfacet
  facet normal 0.980785280403227 0.1950903220161455 0
    outer loop
      vertex 69.14429642582422 62.06353524136673 0
      vertex 69.11112168021405 62.23031595011394 2.4
      vertex 69.14429642582422 62.06353524136673 2.4
    endloop
  endfacet
  facet normal 0.8314696123025503 0.5555702330195946 0
    outer loop
      vertex 69.3686406576214 61.60861014228867 0
      vertex 69.27416697508023 61.75000000000001 2.4
      vertex 69.3686406576214 61.60861014228867 2.4
    endloop
  endfacet
  facet normal 0.896872741532676 0.442288690219026 0
    outer loop
      vertex 69.27416697508023 61.75000000000001 0
      vertex 69.19895660773533 61.90251153792539 2.4
      vertex 69.27416697508023 61.75000000000001 2.4
    endloop
  endfacet
  facet normal 0.9978589232386036 0.06540312923014184 0
    outer loop
      vertex 69.11112168021405 62.23031595011394 0
      vertex 69.10000000000001 62.400000000000006 2.4
      vertex 69.11112168021405 62.23031595011394 2.4
    endloop
  endfacet
  facet normal 0.9978589232386036 -0.06540312923014184 0
    outer loop
      vertex 69.10000000000001 62.400000000000006 0
      vertex 69.11112168021405 62.56968404988607 2.4
      vertex 69.10000000000001 62.400000000000006 2.4
    endloop
  endfacet
  facet normal 0.980785280403227 -0.1950903220161455 0
    outer loop
      vertex 69.11112168021405 62.56968404988607 0
      vertex 69.14429642582422 62.73646475863328 2.4
      vertex 69.11112168021405 62.56968404988607 2.4
    endloop
  endfacet
  facet normal 0.9469301294951271 -0.3214394653030985 0
    outer loop
      vertex 69.14429642582422 62.73646475863328 0
      vertex 69.19895660773533 62.89748846207462 2.4
      vertex 69.14429642582422 62.73646475863328 2.4
    endloop
  endfacet
  facet normal 0.896872741532676 -0.442288690219026 0
    outer loop
      vertex 69.19895660773533 62.89748846207462 0
      vertex 69.27416697508023 63.050000000000004 2.4
      vertex 69.19895660773533 62.89748846207462 2.4
    endloop
  endfacet
  facet normal 0.8314696123025503 -0.5555702330195946 0
    outer loop
      vertex 69.27416697508023 63.050000000000004 0
      vertex 69.3686406576214 63.19138985771134 2.4
      vertex 69.27416697508023 63.050000000000004 2.4
    endloop
  endfacet
  facet normal 0.5555702330196138 0.8314696123025375 0
    outer loop
      vertex 69.75 61.274166975080234 0
      vertex 69.60861014228867 61.3686406576214 2.4
      vertex 69.75 61.274166975080234 2.4
    endloop
  endfacet
  facet normal 0.6593458151000645 0.7518398074789812 0
    outer loop
      vertex 69.60861014228867 61.3686406576214 0
      vertex 69.48076118445749 61.48076118445749 2.4
      vertex 69.60861014228867 61.3686406576214 2.4
    endloop
  endfacet
  facet normal 0.4422886902189759 0.8968727415327009 0
    outer loop
      vertex 69.90251153792539 61.19895660773533 0
      vertex 69.75 61.274166975080234 2.4
      vertex 69.90251153792539 61.19895660773533 2.4
    endloop
  endfacet
  facet normal 0.3214394653031862 0.9469301294950974 0
    outer loop
      vertex 70.06353524136672 61.144296425824216 0
      vertex 69.90251153792539 61.19895660773533 2.4
      vertex 70.06353524136672 61.144296425824216 2.4
    endloop
  endfacet
  facet normal 0.19509032201610535 0.980785280403235 0
    outer loop
      vertex 70.23031595011393 61.111121680214055 0
      vertex 70.06353524136672 61.144296425824216 2.4
      vertex 70.23031595011393 61.111121680214055 2.4
    endloop
  endfacet
  facet normal 0.06540312923013912 0.9978589232386037 0
    outer loop
      vertex 70.4 61.10000000000001 0
      vertex 70.23031595011393 61.111121680214055 2.4
      vertex 70.4 61.10000000000001 2.4
    endloop
  endfacet
  facet normal -0.06540312923013912 0.9978589232386037 0
    outer loop
      vertex 70.56968404988608 61.111121680214055 0
      vertex 70.4 61.10000000000001 2.4
      vertex 70.56968404988608 61.111121680214055 2.4
    endloop
  endfacet
  facet normal -0.19509032201610535 0.980785280403235 0
    outer loop
      vertex 70.73646475863329 61.144296425824216 0
      vertex 70.56968404988608 61.111121680214055 2.4
      vertex 70.73646475863329 61.144296425824216 2.4
    endloop
  endfacet
  facet normal 0.7518398074789812 -0.6593458151000645 0
    outer loop
      vertex 69.3686406576214 63.19138985771134 0
      vertex 69.48076118445749 63.31923881554252 2.4
      vertex 69.3686406576214 63.19138985771134 2.4
    endloop
  endfacet
  facet normal 0.6593458151000645 -0.7518398074789812 0
    outer loop
      vertex 69.48076118445749 63.31923881554252 0
      vertex 69.60861014228867 63.43135934237861 2.4
      vertex 69.48076118445749 63.31923881554252 2.4
    endloop
  endfacet
  facet normal 0.5555702330196138 -0.8314696123025375 0
    outer loop
      vertex 69.60861014228867 63.43135934237861 0
      vertex 69.75 63.52583302491978 2.4
      vertex 69.60861014228867 63.43135934237861 2.4
    endloop
  endfacet
  facet normal 0.4422886902189759 -0.8968727415327009 0
    outer loop
      vertex 69.75 63.52583302491978 0
      vertex 69.90251153792539 63.60104339226468 2.4
      vertex 69.75 63.52583302491978 2.4
    endloop
  endfacet
  facet normal 0.3214394653031862 -0.9469301294950974 0
    outer loop
      vertex 69.90251153792539 63.60104339226468 0
      vertex 70.06353524136672 63.655703574175796 2.4
      vertex 69.90251153792539 63.60104339226468 2.4
    endloop
  endfacet
  facet normal 0.19509032201610535 -0.980785280403235 0
    outer loop
      vertex 70.06353524136672 63.655703574175796 0
      vertex 70.23031595011393 63.68887831978596 2.4
      vertex 70.06353524136672 63.655703574175796 2.4
    endloop
  endfacet
  facet normal 0.06540312923013912 -0.9978589232386037 0
    outer loop
      vertex 70.23031595011393 63.68887831978596 0
      vertex 70.4 63.7 2.4
      vertex 70.23031595011393 63.68887831978596 2.4
    endloop
  endfacet
  facet normal -0.06540312923013912 -0.9978589232386037 0
    outer loop
      vertex 70.4 63.7 0
      vertex 70.56968404988608 63.68887831978596 2.4
      vertex 70.4 63.7 2.4
    endloop
  endfacet
  facet normal -0.19509032201610535 -0.980785280403235 0
    outer loop
      vertex 70.56968404988608 63.68887831978596 0
      vertex 70.73646475863329 63.655703574175796 2.4
      vertex 70.56968404988608 63.68887831978596 2.4
    endloop
  endfacet
  facet normal -0.3214394653031862 0.9469301294950974 0
    outer loop
      vertex 70.89748846207462 61.19895660773533 0
      vertex 70.73646475863329 61.144296425824216 2.4
      vertex 70.89748846207462 61.19895660773533 2.4
    endloop
  endfacet
  facet normal -0.4422886902189759 0.8968727415327009 0
    outer loop
      vertex 71.05000000000001 61.274166975080234 0
      vertex 70.89748846207462 61.19895660773533 2.4
      vertex 71.05000000000001 61.274166975080234 2.4
    endloop
  endfacet
  facet normal -0.5555702330196138 0.8314696123025375 0
    outer loop
      vertex 71.19138985771134 61.3686406576214 0
      vertex 71.05000000000001 61.274166975080234 2.4
      vertex 71.19138985771134 61.3686406576214 2.4
    endloop
  endfacet
  facet normal -0.6593458151000645 0.7518398074789812 0
    outer loop
      vertex 71.31923881554252 61.48076118445749 0
      vertex 71.19138985771134 61.3686406576214 2.4
      vertex 71.31923881554252 61.48076118445749 2.4
    endloop
  endfacet
  facet normal -0.7518398074789812 0.6593458151000645 0
    outer loop
      vertex 71.43135934237861 61.60861014228867 0
      vertex 71.31923881554252 61.48076118445749 2.4
      vertex 71.43135934237861 61.60861014228867 2.4
    endloop
  endfacet
  facet normal -0.8314696123025503 0.5555702330195946 0
    outer loop
      vertex 71.52583302491978 61.75000000000001 0
      vertex 71.43135934237861 61.60861014228867 2.4
      vertex 71.52583302491978 61.75000000000001 2.4
    endloop
  endfacet
  facet normal -0.896872741532676 0.442288690219026 0
    outer loop
      vertex 71.60104339226469 61.90251153792539 0
      vertex 71.52583302491978 61.75000000000001 2.4
      vertex 71.60104339226469 61.90251153792539 2.4
    endloop
  endfacet
  facet normal -0.9469301294951271 0.3214394653030985 0
    outer loop
      vertex 71.60104339226469 61.90251153792539 2.4
      vertex 71.65570357417579 62.06353524136673 2.4
      vertex 71.65570357417579 62.06353524136673 0
    endloop
  endfacet
  facet normal -0.980785280403227 0.1950903220161455 0
    outer loop
      vertex 71.68887831978596 62.23031595011394 0
      vertex 71.65570357417579 62.06353524136673 2.4
      vertex 71.68887831978596 62.23031595011394 2.4
    endloop
  endfacet
  facet normal -0.9978589232386036 0.06540312923014184 0
    outer loop
      vertex 71.7 62.400000000000006 0
      vertex 71.68887831978596 62.23031595011394 2.4
      vertex 71.7 62.400000000000006 2.4
    endloop
  endfacet
  facet normal -0.9978589232386036 -0.06540312923014184 0
    outer loop
      vertex 71.68887831978596 62.56968404988607 0
      vertex 71.7 62.400000000000006 2.4
      vertex 71.68887831978596 62.56968404988607 2.4
    endloop
  endfacet
  facet normal -0.896872741532676 -0.442288690219026 0
    outer loop
      vertex 71.52583302491978 63.050000000000004 0
      vertex 71.60104339226469 62.89748846207462 2.4
      vertex 71.52583302491978 63.050000000000004 2.4
    endloop
  endfacet
  facet normal -0.8314696123025503 -0.5555702330195946 0
    outer loop
      vertex 71.43135934237861 63.19138985771134 0
      vertex 71.52583302491978 63.050000000000004 2.4
      vertex 71.43135934237861 63.19138985771134 2.4
    endloop
  endfacet
  facet normal -0.980785280403227 -0.1950903220161455 0
    outer loop
      vertex 71.65570357417579 62.73646475863328 0
      vertex 71.68887831978596 62.56968404988607 2.4
      vertex 71.65570357417579 62.73646475863328 2.4
    endloop
  endfacet
  facet normal -0.9469301294951271 -0.3214394653030985 0
    outer loop
      vertex 71.60104339226469 62.89748846207462 0
      vertex 71.65570357417579 62.73646475863328 2.4
      vertex 71.60104339226469 62.89748846207462 2.4
    endloop
  endfacet
  facet normal -0.3214394653031862 -0.9469301294950974 0
    outer loop
      vertex 70.73646475863329 63.655703574175796 0
      vertex 70.89748846207462 63.60104339226468 2.4
      vertex 70.73646475863329 63.655703574175796 2.4
    endloop
  endfacet
  facet normal -0.4422886902189759 -0.8968727415327009 0
    outer loop
      vertex 70.89748846207462 63.60104339226468 0
      vertex 71.05000000000001 63.52583302491978 2.4
      vertex 70.89748846207462 63.60104339226468 2.4
    endloop
  endfacet
  facet normal -0.6593458151000645 -0.7518398074789812 0
    outer loop
      vertex 71.19138985771134 63.43135934237861 0
      vertex 71.31923881554252 63.31923881554252 2.4
      vertex 71.19138985771134 63.43135934237861 2.4
    endloop
  endfacet
  facet normal -0.5555702330196138 -0.8314696123025375 0
    outer loop
      vertex 71.05000000000001 63.52583302491978 0
      vertex 71.19138985771134 63.43135934237861 2.4
      vertex 71.05000000000001 63.52583302491978 2.4
    endloop
  endfacet
  facet normal -0.7518398074789812 -0.6593458151000645 0
    outer loop
      vertex 71.31923881554252 63.31923881554252 0
      vertex 71.43135934237861 63.19138985771134 2.4
      vertex 71.31923881554252 63.31923881554252 2.4
    endloop
  endfacet
  facet normal 0 0 -1
    outer loop
      vertex -75.29777747392654 -65.17645713686943 0
      vertex -75.37433458119631 -64.79157857596874 0
      vertex -71.65570357417579 -62.06353524136673 0
    endloop
  endfacet
  facet normal 0 0 -1
    outer loop
      vertex -75.29777747392654 -65.17645713686943 0
      vertex -71.52583302491978 -63.050000000000004 0
      vertex -71.43135934237861 -63.19138985771134 0
    endloop
  endfacet
  facet normal 0 0 -1
    outer loop
      vertex -75.29777747392654 -65.17645713686943 0
      vertex -71.19138985771134 -63.43135934237861 0
      vertex -71.05000000000001 -63.52583302491978 0
    endloop
  endfacet
  facet normal 0 0 -1
    outer loop
      vertex -75.29777747392654 -65.17645713686943 0
      vertex -71.43135934237861 -63.19138985771134 0
      vertex -71.31923881554252 -63.31923881554252 0
    endloop
  endfacet
  facet normal 0 0 -1
    outer loop
      vertex -75.29777747392654 -65.17645713686943 0
      vertex -71.31923881554252 -63.31923881554252 0
      vertex -71.19138985771134 -63.43135934237861 0
    endloop
  endfacet
  facet normal 0 0 -1
    outer loop
      vertex -75.29777747392654 -65.17645713686943 0
      vertex -71.65570357417579 -62.73646475863328 0
      vertex -71.60104339226469 -62.89748846207462 0
    endloop
  endfacet
  facet normal 0 0 -1
    outer loop
      vertex -75.29777747392654 -65.17645713686943 0
      vertex -71.60104339226469 -62.89748846207462 0
      vertex -71.52583302491978 -63.050000000000004 0
    endloop
  endfacet
  facet normal 0 0 -1
    outer loop
      vertex -75.29777747392654 -65.17645713686943 0
      vertex -71.68887831978596 -62.56968404988607 0
      vertex -71.65570357417579 -62.73646475863328 0
    endloop
  endfacet
  facet normal 0 0 -1
    outer loop
      vertex -75.29777747392654 -65.17645713686943 0
      vertex -71.7 -62.400000000000006 0
      vertex -71.68887831978596 -62.56968404988607 0
    endloop
  endfacet
  facet normal 0 0 -1
    outer loop
      vertex -75.29777747392654 -65.17645713686943 0
      vertex -71.68887831978596 -62.23031595011394 0
      vertex -71.7 -62.400000000000006 0
    endloop
  endfacet
  facet normal 0 0 -1
    outer loop
      vertex -75.29777747392654 -65.17645713686943 0
      vertex -70.89748846207462 -63.60104339226468 0
      vertex -70.73646475863329 -63.655703574175796 0
    endloop
  endfacet
  facet normal 0 0 -1
    outer loop
      vertex -75.29777747392654 -65.17645713686943 0
      vertex -71.05000000000001 -63.52583302491978 0
      vertex -70.89748846207462 -63.60104339226468 0
    endloop
  endfacet
  facet normal 0 0 -1
    outer loop
      vertex -75.29777747392654 -65.17645713686943 0
      vertex -70.73646475863329 -63.655703574175796 0
      vertex -70.56968404988608 -63.68887831978596 0
    endloop
  endfacet
  facet normal 0 0 -1
    outer loop
      vertex -75.29777747392654 -65.17645713686943 0
      vertex -70.56968404988608 -63.68887831978596 0
      vertex -70.4 -63.7 0
    endloop
  endfacet
  facet normal 0 0 -1
    outer loop
      vertex -75.29777747392654 -65.17645713686943 0
      vertex -71.65570357417579 -62.06353524136673 0
      vertex -71.68887831978596 -62.23031595011394 0
    endloop
  endfacet
  facet normal 0 0 -1
    outer loop
      vertex -75.37433458119631 -64.79157857596874 0
      vertex -71.60104339226469 -61.90251153792539 0
      vertex -71.65570357417579 -62.06353524136673 0
    endloop
  endfacet
  facet normal 0 0 -1
    outer loop
      vertex -75.37433458119631 -64.79157857596874 0
      vertex -71.52583302491978 -61.75000000000001 0
      vertex -71.60104339226469 -61.90251153792539 0
    endloop
  endfacet
  facet normal 0 0 -1
    outer loop
      vertex -75.37433458119631 -64.79157857596874 0
      vertex -71.43135934237861 -61.60861014228867 0
      vertex -71.52583302491978 -61.75000000000001 0
    endloop
  endfacet
  facet normal 0 0 -1
    outer loop
      vertex -75.37433458119631 -64.79157857596874 0
      vertex -71.31923881554252 -61.48076118445749 0
      vertex -71.43135934237861 -61.60861014228867 0
    endloop
  endfacet
  facet normal 0 0 -1
    outer loop
      vertex -75.37433458119631 -64.79157857596874 0
      vertex -71.19138985771134 -61.3686406576214 0
      vertex -71.31923881554252 -61.48076118445749 0
    endloop
  endfacet
  facet normal -0.6593458207943228 -0.7518398024852507 0
    outer loop
      vertex -74.52132034301758 -66.52132034301758 0
      vertex -74.22628428786993 -66.78006002306938 0
      vertex -74.52132034301758 -66.52132034301758 2.4
    endloop
  endfacet
  facet normal -0.8314696207458843 -0.5555702203832522 0
    outer loop
      vertex -74.99807620793581 -65.89999999850988 0
      vertex -74.78006002306938 -66.22628428786993 0
      vertex -74.99807620793581 -65.89999999850988 2.4
    endloop
  endfacet
  facet normal -0.8968727407473451 -0.4422886918115197 0
    outer loop
      vertex -74.99807620793581 -65.89999999850988 0
      vertex -75.17163859307766 -65.54805029928684 2.4
      vertex -75.17163859307766 -65.54805029928684 0
    endloop
  endfacet
  facet normal -0.9469301300366788 -0.32143946370773846 0
    outer loop
      vertex -75.17163859307766 -65.54805029928684 0
      vertex -75.29777747392654 -65.17645713686943 2.4
      vertex -75.29777747392654 -65.17645713686943 0
    endloop
  endfacet
  facet normal -0.7518398024852507 -0.6593458207943228 0
    outer loop
      vertex -74.52132034301758 -66.52132034301758 0
      vertex -74.78006002306938 -66.22628428786993 2.4
      vertex -74.78006002306938 -66.22628428786993 0
    endloop
  endfacet
  facet normal -0.4422886918115197 -0.8968727407473451 0
    outer loop
      vertex -73.89999999850988 -66.99807620793581 0
      vertex -73.54805029928684 -67.17163859307766 0
      vertex -73.89999999850988 -66.99807620793581 2.4
    endloop
  endfacet
  facet normal -0.5555702203832522 -0.8314696207458843 0
    outer loop
      vertex -74.22628428786993 -66.78006002306938 0
      vertex -73.89999999850988 -66.99807620793581 0
      vertex -74.22628428786993 -66.78006002306938 2.4
    endloop
  endfacet
  facet normal -0.32143946370773846 -0.9469301300366788 0
    outer loop
      vertex -73.54805029928684 -67.17163859307766 0
      vertex -73.17645713686943 -67.29777747392654 0
      vertex -73.54805029928684 -67.17163859307766 2.4
    endloop
  endfacet
  facet normal -0.1950903258581441 -0.980785279639006 0
    outer loop
      vertex -73.17645713686943 -67.29777747392654 0
      vertex -72.79157857596874 -67.37433458119631 0
      vertex -73.17645713686943 -67.29777747392654 2.4
    endloop
  endfacet
  facet normal -0.980785279639006 -0.1950903258581441 0
    outer loop
      vertex -75.29777747392654 -65.17645713686943 0
      vertex -75.37433458119631 -64.79157857596874 2.4
      vertex -75.37433458119631 -64.79157857596874 0
    endloop
  endfacet
  facet normal -0.9978589230086541 -0.06540313273849395 0
    outer loop
      vertex -75.37433458119631 -64.79157857596874 0
      vertex -75.39999999850988 -64.39999999850988 2.4
      vertex -75.39999999850988 -64.39999999850988 0
    endloop
  endfacet
  facet normal -0.06540313273849395 -0.9978589230086541 0
    outer loop
      vertex -72.79157857596874 -67.37433458119631 0
      vertex -72.39999999850988 -67.39999999850988 0
      vertex -72.79157857596874 -67.37433458119631 2.4
    endloop
  endfacet
  facet normal 0 0 -1
    outer loop
      vertex -74.99807620793581 -65.89999999850988 0
      vertex 75.29777747392654 -65.17645713686943 0
      vertex -74.78006002306938 -66.22628428786993 0
    endloop
  endfacet
  facet normal 0 0 -1
    outer loop
      vertex -74.99807620793581 -65.89999999850988 0
      vertex -75.17163859307766 -65.54805029928684 0
      vertex 75.37433458119631 -64.79157857596874 0
    endloop
  endfacet
  facet normal 0 0 -1
    outer loop
      vertex -73.89999999850988 -66.99807620793581 0
      vertex 74.52132034301758 -66.52132034301758 0
      vertex -73.54805029928684 -67.17163859307766 0
    endloop
  endfacet
  facet normal 0 0 -1
    outer loop
      vertex -73.54805029928684 -67.17163859307766 0
      vertex 74.22628428786993 -66.78006002306938 0
      vertex -73.17645713686943 -67.29777747392654 0
    endloop
  endfacet
  facet normal 0 0 -1
    outer loop
      vertex -74.22628428786993 -66.78006002306938 0
      vertex 74.78006002306938 -66.22628428786993 0
      vertex -73.89999999850988 -66.99807620793581 0
    endloop
  endfacet
  facet normal 0 0 -1
    outer loop
      vertex -74.52132034301758 -66.52132034301758 0
      vertex 74.99807620793581 -65.89999999850988 0
      vertex -74.22628428786993 -66.78006002306938 0
    endloop
  endfacet
  facet normal 0 0 -1
    outer loop
      vertex -73.17645713686943 -67.29777747392654 0
      vertex 73.89999999850988 -66.99807620793581 0
      vertex -72.79157857596874 -67.37433458119631 0
    endloop
  endfacet
  facet normal 0 0 -1
    outer loop
      vertex -72.79157857596874 -67.37433458119631 0
      vertex 73.54805029928684 -67.17163859307766 0
      vertex -72.39999999850988 -67.39999999850988 0
    endloop
  endfacet
  facet normal 0 0 -1
    outer loop
      vertex -74.52132034301758 -66.52132034301758 0
      vertex -74.78006002306938 -66.22628428786993 0
      vertex 75.17163859307766 -65.54805029928684 0
    endloop
  endfacet
  facet normal 0 0 -1
    outer loop
      vertex -75.17163859307766 -65.54805029928684 0
      vertex -75.29777747392654 -65.17645713686943 0
      vertex 75.39999999850988 -64.39999999850988 0
    endloop
  endfacet
  facet normal 0 0 -1
    outer loop
      vertex -75.29777747392654 -65.17645713686943 0
      vertex -70.4 -63.7 0
      vertex 75.39999999850988 -64.39999999850988 0
    endloop
  endfacet
  facet normal 0 0 -1
    outer loop
      vertex -69.75 -63.52583302491978 0
      vertex -69.60861014228867 -63.43135934237861 0
      vertex 69.75 -63.52583302491978 0
    endloop
  endfacet
  facet normal 0 0 -1
    outer loop
      vertex -69.90251153792539 -63.60104339226468 0
      vertex -69.75 -63.52583302491978 0
      vertex 69.90251153792539 -63.60104339226468 0
    endloop
  endfacet
  facet normal 0 0 -1
    outer loop
      vertex -69.60861014228867 -63.43135934237861 0
      vertex -69.48076118445749 -63.31923881554252 0
      vertex 69.60861014228867 -63.43135934237861 0
    endloop
  endfacet
  facet normal 0 0 -1
    outer loop
      vertex -69.48076118445749 -63.31923881554252 0
      vertex -69.3686406576214 -63.19138985771134 0
      vertex 69.48076118445749 -63.31923881554252 0
    endloop
  endfacet
  facet normal 0 0 -1
    outer loop
      vertex 75.39999999850988 -64.39999999850988 0
      vertex -70.4 -63.7 0
      vertex -70.23031595011393 -63.68887831978596 0
    endloop
  endfacet
  facet normal 0 0 -1
    outer loop
      vertex 75.39999999850988 -64.39999999850988 0
      vertex -70.23031595011393 -63.68887831978596 0
      vertex -70.06353524136672 -63.655703574175796 0
    endloop
  endfacet
  facet normal 0 0 -1
    outer loop
      vertex 75.39999999850988 -64.39999999850988 0
      vertex -70.06353524136672 -63.655703574175796 0
      vertex -69.90251153792539 -63.60104339226468 0
    endloop
  endfacet
  facet normal 0 0 -1
    outer loop
      vertex -69.27416697508023 -63.050000000000004 0
      vertex 69.3686406576214 -63.19138985771134 0
      vertex -69.3686406576214 -63.19138985771134 0
    endloop
  endfacet
  facet normal 0 0 -1
    outer loop
      vertex -69.19895660773533 -62.89748846207462 0
      vertex 69.27416697508023 -63.050000000000004 0
      vertex -69.27416697508023 -63.050000000000004 0
    endloop
  endfacet
  facet normal 0 0 -1
    outer loop
      vertex -69.14429642582422 -62.73646475863328 0
      vertex 69.19895660773533 -62.89748846207462 0
      vertex -69.19895660773533 -62.89748846207462 0
    endloop
  endfacet
  facet normal 0 0 -1
    outer loop
      vertex -69.11112168021405 -62.56968404988607 0
      vertex 69.14429642582422 -62.73646475863328 0
      vertex -69.14429642582422 -62.73646475863328 0
    endloop
  endfacet
  facet normal 0 0 -1
    outer loop
      vertex -69.10000000000001 -62.400000000000006 0
      vertex 69.11112168021405 -62.56968404988607 0
      vertex -69.11112168021405 -62.56968404988607 0
    endloop
  endfacet
  facet normal 0 0 -1
    outer loop
      vertex -69.11112168021405 -62.23031595011394 0
      vertex 69.10000000000001 -62.400000000000006 0
      vertex -69.10000000000001 -62.400000000000006 0
    endloop
  endfacet
  facet normal 0 0 -1
    outer loop
      vertex -69.14429642582422 -62.06353524136673 0
      vertex 69.11112168021405 -62.23031595011394 0
      vertex -69.11112168021405 -62.23031595011394 0
    endloop
  endfacet
  facet normal 0 0 -1
    outer loop
      vertex -69.19895660773533 -61.90251153792539 0
      vertex 69.14429642582422 -62.06353524136673 0
      vertex -69.14429642582422 -62.06353524136673 0
    endloop
  endfacet
  facet normal 0 -1 0
    outer loop
      vertex -72.39999999850988 -67.39999999850988 0
      vertex 72.39999999850988 -67.39999999850988 0
      vertex -72.39999999850988 -67.39999999850988 2.4
    endloop
  endfacet
  facet normal 0 0 -1
    outer loop
      vertex -75.37433458119631 -64.79157857596874 0
      vertex -75.39999999850988 -64.39999999850988 0
      vertex 75.37433458119631 64.79157857596874 0
    endloop
  endfacet
  facet normal 0 0 -1
    outer loop
      vertex -75.37433458119631 -64.79157857596874 0
      vertex 75.39999999850988 64.39999999850988 0
      vertex -71.19138985771134 -61.3686406576214 0
    endloop
  endfacet
  facet normal 0 0 -1
    outer loop
      vertex 75.39999999850988 64.39999999850988 0
      vertex -71.05000000000001 -61.274166975080234 0
      vertex -71.19138985771134 -61.3686406576214 0
    endloop
  endfacet
  facet normal 0 0 -1
    outer loop
      vertex 75.39999999850988 64.39999999850988 0
      vertex -70.89748846207462 -61.19895660773533 0
      vertex -71.05000000000001 -61.274166975080234 0
    endloop
  endfacet
  facet normal 0 0 -1
    outer loop
      vertex 75.39999999850988 64.39999999850988 0
      vertex -70.73646475863329 -61.144296425824216 0
      vertex -70.89748846207462 -61.19895660773533 0
    endloop
  endfacet
  facet normal 0 0 -1
    outer loop
      vertex 75.39999999850988 64.39999999850988 0
      vertex -70.56968404988608 -61.111121680214055 0
      vertex -70.73646475863329 -61.144296425824216 0
    endloop
  endfacet
  facet normal 0 0 -1
    outer loop
      vertex 75.39999999850988 64.39999999850988 0
      vertex -70.4 -61.10000000000001 0
      vertex -70.56968404988608 -61.111121680214055 0
    endloop
  endfacet
  facet normal 0 0 -1
    outer loop
      vertex 75.39999999850988 64.39999999850988 0
      vertex -69.48076118445749 -61.48076118445749 0
      vertex -69.60861014228867 -61.3686406576214 0
    endloop
  endfacet
  facet normal 0 0 -1
    outer loop
      vertex 75.39999999850988 64.39999999850988 0
      vertex -70.23031595011393 -61.111121680214055 0
      vertex -70.4 -61.10000000000001 0
    endloop
  endfacet
  facet normal 0 0 -1
    outer loop
      vertex 75.39999999850988 64.39999999850988 0
      vertex -70.06353524136672 -61.144296425824216 0
      vertex -70.23031595011393 -61.111121680214055 0
    endloop
  endfacet
  facet normal 0 0 -1
    outer loop
      vertex 75.39999999850988 64.39999999850988 0
      vertex -69.90251153792539 -61.19895660773533 0
      vertex -70.06353524136672 -61.144296425824216 0
    endloop
  endfacet
  facet normal 0 0 -1
    outer loop
      vertex 75.39999999850988 64.39999999850988 0
      vertex -69.75 -61.274166975080234 0
      vertex -69.90251153792539 -61.19895660773533 0
    endloop
  endfacet
  facet normal 0 0 -1
    outer loop
      vertex 75.39999999850988 64.39999999850988 0
      vertex -69.60861014228867 -61.3686406576214 0
      vertex -69.75 -61.274166975080234 0
    endloop
  endfacet
  facet normal 0 0 -1
    outer loop
      vertex 75.39999999850988 64.39999999850988 0
      vertex -69.19895660773533 -61.90251153792539 0
      vertex -69.27416697508023 -61.75000000000001 0
    endloop
  endfacet
  facet normal 0 0 -1
    outer loop
      vertex 75.39999999850988 64.39999999850988 0
      vertex -69.27416697508023 -61.75000000000001 0
      vertex -69.3686406576214 -61.60861014228867 0
    endloop
  endfacet
  facet normal 0 0 -1
    outer loop
      vertex 75.39999999850988 64.39999999850988 0
      vertex -69.3686406576214 -61.60861014228867 0
      vertex -69.48076118445749 -61.48076118445749 0
    endloop
  endfacet
  facet normal -0.7518398024852507 -0.6593458207943228 0
    outer loop
      vertex -74.52132034301758 -66.52132034301758 0
      vertex -74.52132034301758 -66.52132034301758 2.4
      vertex -74.78006002306938 -66.22628428786993 2.4
    endloop
  endfacet
  facet normal -0.6593458207943228 -0.7518398024852507 0
    outer loop
      vertex -74.22628428786993 -66.78006002306938 0
      vertex -74.22628428786993 -66.78006002306938 2.4
      vertex -74.52132034301758 -66.52132034301758 2.4
    endloop
  endfacet
  facet normal -0.8314696207458843 -0.5555702203832522 0
    outer loop
      vertex -74.78006002306938 -66.22628428786993 0
      vertex -74.78006002306938 -66.22628428786993 2.4
      vertex -74.99807620793581 -65.89999999850988 2.4
    endloop
  endfacet
  facet normal -0.9469301300366788 -0.32143946370773846 0
    outer loop
      vertex -75.17163859307766 -65.54805029928684 0
      vertex -75.17163859307766 -65.54805029928684 2.4
      vertex -75.29777747392654 -65.17645713686943 2.4
    endloop
  endfacet
  facet normal -0.8968727407473451 -0.4422886918115197 0
    outer loop
      vertex -74.99807620793581 -65.89999999850988 0
      vertex -74.99807620793581 -65.89999999850988 2.4
      vertex -75.17163859307766 -65.54805029928684 2.4
    endloop
  endfacet
  facet normal -0.5555702203832522 -0.8314696207458843 0
    outer loop
      vertex -73.89999999850988 -66.99807620793581 0
      vertex -73.89999999850988 -66.99807620793581 2.4
      vertex -74.22628428786993 -66.78006002306938 2.4
    endloop
  endfacet
  facet normal -0.4422886918115197 -0.8968727407473451 0
    outer loop
      vertex -73.54805029928684 -67.17163859307766 0
      vertex -73.54805029928684 -67.17163859307766 2.4
      vertex -73.89999999850988 -66.99807620793581 2.4
    endloop
  endfacet
  facet normal -0.32143946370773846 -0.9469301300366788 0
    outer loop
      vertex -73.17645713686943 -67.29777747392654 0
      vertex -73.17645713686943 -67.29777747392654 2.4
      vertex -73.54805029928684 -67.17163859307766 2.4
    endloop
  endfacet
  facet normal -0.980785279639006 -0.1950903258581441 0
    outer loop
      vertex -75.29777747392654 -65.17645713686943 0
      vertex -75.29777747392654 -65.17645713686943 2.4
      vertex -75.37433458119631 -64.79157857596874 2.4
    endloop
  endfacet
  facet normal -0.9978589230086541 -0.06540313273849395 0
    outer loop
      vertex -75.37433458119631 -64.79157857596874 0
      vertex -75.37433458119631 -64.79157857596874 2.4
      vertex -75.39999999850988 -64.39999999850988 2.4
    endloop
  endfacet
  facet normal -0.1950903258581441 -0.980785279639006 0
    outer loop
      vertex -72.79157857596874 -67.37433458119631 0
      vertex -72.79157857596874 -67.37433458119631 2.4
      vertex -73.17645713686943 -67.29777747392654 2.4
    endloop
  endfacet
  facet normal -0.06540313273849395 -0.9978589230086541 0
    outer loop
      vertex -72.39999999850988 -67.39999999850988 0
      vertex -72.39999999850988 -67.39999999850988 2.4
      vertex -72.79157857596874 -67.37433458119631 2.4
    endloop
  endfacet
  facet normal 0 0 1
    outer loop
      vertex -75.29777747392654 -65.17645713686943 2.4
      vertex -71.60104339226469 -61.90251153792539 2.4
      vertex -75.37433458119631 -64.79157857596874 2.4
    endloop
  endfacet
  facet normal 0 0 1
    outer loop
      vertex -75.29777747392654 -65.17645713686943 2.4
      vertex -71.43135934237861 -63.19138985771134 2.4
      vertex -71.52583302491978 -63.050000000000004 2.4
    endloop
  endfacet
  facet normal 0 0 1
    outer loop
      vertex -75.29777747392654 -65.17645713686943 2.4
      vertex -71.05000000000001 -63.52583302491978 2.4
      vertex -71.19138985771134 -63.43135934237861 2.4
    endloop
  endfacet
  facet normal 0 0 1
    outer loop
      vertex -75.29777747392654 -65.17645713686943 2.4
      vertex -71.31923881554252 -63.31923881554252 2.4
      vertex -71.43135934237861 -63.19138985771134 2.4
    endloop
  endfacet
  facet normal 0 0 1
    outer loop
      vertex -75.29777747392654 -65.17645713686943 2.4
      vertex -71.19138985771134 -63.43135934237861 2.4
      vertex -71.31923881554252 -63.31923881554252 2.4
    endloop
  endfacet
  facet normal 0 0 1
    outer loop
      vertex -75.29777747392654 -65.17645713686943 2.4
      vertex -71.60104339226469 -62.89748846207462 2.4
      vertex -71.65570357417579 -62.73646475863328 2.4
    endloop
  endfacet
  facet normal 0 0 1
    outer loop
      vertex -75.29777747392654 -65.17645713686943 2.4
      vertex -71.52583302491978 -63.050000000000004 2.4
      vertex -71.60104339226469 -62.89748846207462 2.4
    endloop
  endfacet
  facet normal 0 0 1
    outer loop
      vertex -75.29777747392654 -65.17645713686943 2.4
      vertex -71.65570357417579 -62.73646475863328 2.4
      vertex -71.68887831978596 -62.56968404988607 2.4
    endloop
  endfacet
  facet normal 0 0 1
    outer loop
      vertex -75.29777747392654 -65.17645713686943 2.4
      vertex -71.68887831978596 -62.56968404988607 2.4
      vertex -71.7 -62.400000000000006 2.4
    endloop
  endfacet
  facet normal 0 0 1
    outer loop
      vertex -75.29777747392654 -65.17645713686943 2.4
      vertex -71.7 -62.400000000000006 2.4
      vertex -71.68887831978596 -62.23031595011394 2.4
    endloop
  endfacet
  facet normal 0 0 1
    outer loop
      vertex -75.29777747392654 -65.17645713686943 2.4
      vertex -70.73646475863329 -63.655703574175796 2.4
      vertex -70.89748846207462 -63.60104339226468 2.4
    endloop
  endfacet
  facet normal 0 0 1
    outer loop
      vertex -75.29777747392654 -65.17645713686943 2.4
      vertex -70.89748846207462 -63.60104339226468 2.4
      vertex -71.05000000000001 -63.52583302491978 2.4
    endloop
  endfacet
  facet normal 0 0 1
    outer loop
      vertex -75.29777747392654 -65.17645713686943 2.4
      vertex -70.56968404988608 -63.68887831978596 2.4
      vertex -70.73646475863329 -63.655703574175796 2.4
    endloop
  endfacet
  facet normal 0 0 1
    outer loop
      vertex -75.29777747392654 -65.17645713686943 2.4
      vertex -70.4 -63.7 2.4
      vertex -70.56968404988608 -63.68887831978596 2.4
    endloop
  endfacet
  facet normal 0 0 1
    outer loop
      vertex -75.29777747392654 -65.17645713686943 2.4
      vertex -71.68887831978596 -62.23031595011394 2.4
      vertex -71.65570357417579 -62.06353524136673 2.4
    endloop
  endfacet
  facet normal 0 0 1
    outer loop
      vertex -75.29777747392654 -65.17645713686943 2.4
      vertex -71.65570357417579 -62.06353524136673 2.4
      vertex -71.60104339226469 -61.90251153792539 2.4
    endloop
  endfacet
  facet normal 0 0 1
    outer loop
      vertex -75.37433458119631 -64.79157857596874 2.4
      vertex -71.60104339226469 -61.90251153792539 2.4
      vertex -71.52583302491978 -61.75000000000001 2.4
    endloop
  endfacet
  facet normal 0 0 1
    outer loop
      vertex -75.37433458119631 -64.79157857596874 2.4
      vertex -71.52583302491978 -61.75000000000001 2.4
      vertex -71.43135934237861 -61.60861014228867 2.4
    endloop
  endfacet
  facet normal 0 0 1
    outer loop
      vertex -75.37433458119631 -64.79157857596874 2.4
      vertex -71.43135934237861 -61.60861014228867 2.4
      vertex -71.31923881554252 -61.48076118445749 2.4
    endloop
  endfacet
  facet normal 0 0 1
    outer loop
      vertex -75.37433458119631 -64.79157857596874 2.4
      vertex -71.31923881554252 -61.48076118445749 2.4
      vertex -71.19138985771134 -61.3686406576214 2.4
    endloop
  endfacet
  facet normal -1 0 0
    outer loop
      vertex -75.39999999850988 -64.39999999850988 0
      vertex -75.39999999850988 -64.39999999850988 2.4
      vertex -75.39999999850988 64.39999999850988 2.4
    endloop
  endfacet
  facet normal 0 0 1
    outer loop
      vertex -74.99807620793581 -65.89999999850988 2.4
      vertex -74.78006002306938 -66.22628428786993 2.4
      vertex 75.29777747392654 -65.17645713686943 2.4
    endloop
  endfacet
  facet normal 0 0 1
    outer loop
      vertex -74.99807620793581 -65.89999999850988 2.4
      vertex 75.37433458119631 -64.79157857596874 2.4
      vertex -75.17163859307766 -65.54805029928684 2.4
    endloop
  endfacet
  facet normal 0 0 1
    outer loop
      vertex -73.89999999850988 -66.99807620793581 2.4
      vertex -73.54805029928684 -67.17163859307766 2.4
      vertex 74.52132034301758 -66.52132034301758 2.4
    endloop
  endfacet
  facet normal 0 0 1
    outer loop
      vertex -73.54805029928684 -67.17163859307766 2.4
      vertex -73.17645713686943 -67.29777747392654 2.4
      vertex 74.22628428786993 -66.78006002306938 2.4
    endloop
  endfacet
  facet normal 0 0 1
    outer loop
      vertex -74.22628428786993 -66.78006002306938 2.4
      vertex -73.89999999850988 -66.99807620793581 2.4
      vertex 74.78006002306938 -66.22628428786993 2.4
    endloop
  endfacet
  facet normal 0 0 1
    outer loop
      vertex -74.52132034301758 -66.52132034301758 2.4
      vertex -74.22628428786993 -66.78006002306938 2.4
      vertex 74.99807620793581 -65.89999999850988 2.4
    endloop
  endfacet
  facet normal 0 0 1
    outer loop
      vertex -73.17645713686943 -67.29777747392654 2.4
      vertex -72.79157857596874 -67.37433458119631 2.4
      vertex 73.89999999850988 -66.99807620793581 2.4
    endloop
  endfacet
  facet normal 0 0 1
    outer loop
      vertex -72.79157857596874 -67.37433458119631 2.4
      vertex -72.39999999850988 -67.39999999850988 2.4
      vertex 73.54805029928684 -67.17163859307766 2.4
    endloop
  endfacet
  facet normal 0 0 1
    outer loop
      vertex -74.52132034301758 -66.52132034301758 2.4
      vertex 75.17163859307766 -65.54805029928684 2.4
      vertex -74.78006002306938 -66.22628428786993 2.4
    endloop
  endfacet
  facet normal 0 0 1
    outer loop
      vertex -75.17163859307766 -65.54805029928684 2.4
      vertex 75.39999999850988 -64.39999999850988 2.4
      vertex -75.29777747392654 -65.17645713686943 2.4
    endloop
  endfacet
  facet normal 0 0 1
    outer loop
      vertex -75.29777747392654 -65.17645713686943 2.4
      vertex 75.39999999850988 -64.39999999850988 2.4
      vertex -70.4 -63.7 2.4
    endloop
  endfacet
  facet normal 0 0 1
    outer loop
      vertex -69.75 -63.52583302491978 2.4
      vertex -69.90251153792539 -63.60104339226468 2.4
      vertex 69.75 -63.52583302491978 2.4
    endloop
  endfacet
  facet normal 0 0 1
    outer loop
      vertex -69.60861014228867 -63.43135934237861 2.4
      vertex -69.75 -63.52583302491978 2.4
      vertex 69.60861014228867 -63.43135934237861 2.4
    endloop
  endfacet
  facet normal 0 0 1
    outer loop
      vertex -69.48076118445749 -63.31923881554252 2.4
      vertex -69.60861014228867 -63.43135934237861 2.4
      vertex 69.48076118445749 -63.31923881554252 2.4
    endloop
  endfacet
  facet normal 0 0 1
    outer loop
      vertex -69.48076118445749 -63.31923881554252 2.4
      vertex 69.3686406576214 -63.19138985771134 2.4
      vertex -69.3686406576214 -63.19138985771134 2.4
    endloop
  endfacet
  facet normal 0 0 1
    outer loop
      vertex 75.39999999850988 -64.39999999850988 2.4
      vertex -70.23031595011393 -63.68887831978596 2.4
      vertex -70.4 -63.7 2.4
    endloop
  endfacet
  facet normal 0 0 1
    outer loop
      vertex 75.39999999850988 -64.39999999850988 2.4
      vertex -70.06353524136672 -63.655703574175796 2.4
      vertex -70.23031595011393 -63.68887831978596 2.4
    endloop
  endfacet
  facet normal 0 0 1
    outer loop
      vertex 75.39999999850988 -64.39999999850988 2.4
      vertex -69.90251153792539 -63.60104339226468 2.4
      vertex -70.06353524136672 -63.655703574175796 2.4
    endloop
  endfacet
  facet normal 0 0 1
    outer loop
      vertex -69.3686406576214 -63.19138985771134 2.4
      vertex 69.27416697508023 -63.050000000000004 2.4
      vertex -69.27416697508023 -63.050000000000004 2.4
    endloop
  endfacet
  facet normal 0 0 1
    outer loop
      vertex -69.27416697508023 -63.050000000000004 2.4
      vertex 69.19895660773533 -62.89748846207462 2.4
      vertex -69.19895660773533 -62.89748846207462 2.4
    endloop
  endfacet
  facet normal 0 0 1
    outer loop
      vertex -69.19895660773533 -62.89748846207462 2.4
      vertex 69.14429642582422 -62.73646475863328 2.4
      vertex -69.14429642582422 -62.73646475863328 2.4
    endloop
  endfacet
  facet normal 0 0 1
    outer loop
      vertex -69.14429642582422 -62.73646475863328 2.4
      vertex 69.11112168021405 -62.56968404988607 2.4
      vertex -69.11112168021405 -62.56968404988607 2.4
    endloop
  endfacet
  facet normal 0 0 1
    outer loop
      vertex -69.11112168021405 -62.56968404988607 2.4
      vertex 69.10000000000001 -62.400000000000006 2.4
      vertex -69.10000000000001 -62.400000000000006 2.4
    endloop
  endfacet
  facet normal 0 0 1
    outer loop
      vertex -69.10000000000001 -62.400000000000006 2.4
      vertex 69.11112168021405 -62.23031595011394 2.4
      vertex -69.11112168021405 -62.23031595011394 2.4
    endloop
  endfacet
  facet normal 0 0 1
    outer loop
      vertex -69.11112168021405 -62.23031595011394 2.4
      vertex 69.14429642582422 -62.06353524136673 2.4
      vertex -69.14429642582422 -62.06353524136673 2.4
    endloop
  endfacet
  facet normal 0 0 1
    outer loop
      vertex -69.14429642582422 -62.06353524136673 2.4
      vertex 69.19895660773533 -61.90251153792539 2.4
      vertex -69.19895660773533 -61.90251153792539 2.4
    endloop
  endfacet
  facet normal 0 0 1
    outer loop
      vertex -69.19895660773533 -61.90251153792539 2.4
      vertex 69.27416697508023 -61.75000000000001 2.4
      vertex -69.27416697508023 -61.75000000000001 2.4
    endloop
  endfacet
  facet normal 0 0 1
    outer loop
      vertex -69.27416697508023 -61.75000000000001 2.4
      vertex 69.3686406576214 -61.60861014228867 2.4
      vertex -69.3686406576214 -61.60861014228867 2.4
    endloop
  endfacet
  facet normal 0 0 1
    outer loop
      vertex -70.4 -61.10000000000001 2.4
      vertex -70.23031595011393 -61.111121680214055 2.4
      vertex 70.4 -61.10000000000001 2.4
    endloop
  endfacet
  facet normal 0 0 1
    outer loop
      vertex -70.23031595011393 -61.111121680214055 2.4
      vertex -70.06353524136672 -61.144296425824216 2.4
      vertex 70.23031595011393 -61.111121680214055 2.4
    endloop
  endfacet
  facet normal 0 0 1
    outer loop
      vertex -70.06353524136672 -61.144296425824216 2.4
      vertex -69.90251153792539 -61.19895660773533 2.4
      vertex 70.06353524136672 -61.144296425824216 2.4
    endloop
  endfacet
  facet normal 0 0 1
    outer loop
      vertex -69.3686406576214 -61.60861014228867 2.4
      vertex 69.48076118445749 -61.48076118445749 2.4
      vertex -69.48076118445749 -61.48076118445749 2.4
    endloop
  endfacet
  facet normal 0 0 1
    outer loop
      vertex -69.60861014228867 -61.3686406576214 2.4
      vertex -69.48076118445749 -61.48076118445749 2.4
      vertex 69.60861014228867 -61.3686406576214 2.4
    endloop
  endfacet
  facet normal 0 0 1
    outer loop
      vertex -69.90251153792539 -61.19895660773533 2.4
      vertex -69.75 -61.274166975080234 2.4
      vertex 69.90251153792539 -61.19895660773533 2.4
    endloop
  endfacet
  facet normal 0 0 1
    outer loop
      vertex -69.75 -61.274166975080234 2.4
      vertex -69.60861014228867 -61.3686406576214 2.4
      vertex 69.75 -61.274166975080234 2.4
    endloop
  endfacet
  facet normal 0 0 1
    outer loop
      vertex -75.37433458119631 -64.79157857596874 2.4
      vertex 75.37433458119631 64.79157857596874 2.4
      vertex -75.39999999850988 -64.39999999850988 2.4
    endloop
  endfacet
  facet normal 0 0 1
    outer loop
      vertex -75.37433458119631 -64.79157857596874 2.4
      vertex -71.19138985771134 -61.3686406576214 2.4
      vertex 75.39999999850988 64.39999999850988 2.4
    endloop
  endfacet
  facet normal 0 0 1
    outer loop
      vertex 75.39999999850988 64.39999999850988 2.4
      vertex -71.19138985771134 -61.3686406576214 2.4
      vertex -71.05000000000001 -61.274166975080234 2.4
    endloop
  endfacet
  facet normal 0 0 1
    outer loop
      vertex 75.39999999850988 64.39999999850988 2.4
      vertex -71.05000000000001 -61.274166975080234 2.4
      vertex -70.89748846207462 -61.19895660773533 2.4
    endloop
  endfacet
  facet normal 0 0 1
    outer loop
      vertex 75.39999999850988 64.39999999850988 2.4
      vertex -70.73646475863329 -61.144296425824216 2.4
      vertex -70.56968404988608 -61.111121680214055 2.4
    endloop
  endfacet
  facet normal 0 0 1
    outer loop
      vertex 75.39999999850988 64.39999999850988 2.4
      vertex -70.89748846207462 -61.19895660773533 2.4
      vertex -70.73646475863329 -61.144296425824216 2.4
    endloop
  endfacet
  facet normal 0 0 1
    outer loop
      vertex 75.39999999850988 64.39999999850988 2.4
      vertex -70.56968404988608 -61.111121680214055 2.4
      vertex -70.4 -61.10000000000001 2.4
    endloop
  endfacet
  facet normal 0 0 -1
    outer loop
      vertex -75.39999999850988 -64.39999999850988 0
      vertex -75.39999999850988 64.39999999850988 0
      vertex -71.7 62.400000000000006 0
    endloop
  endfacet
  facet normal 0 0 -1
    outer loop
      vertex -75.39999999850988 -64.39999999850988 0
      vertex -71.19138985771134 61.3686406576214 0
      vertex -71.05000000000001 61.274166975080234 0
    endloop
  endfacet
  facet normal 0 0 -1
    outer loop
      vertex -75.39999999850988 -64.39999999850988 0
      vertex -71.52583302491978 61.75000000000001 0
      vertex -71.43135934237861 61.60861014228867 0
    endloop
  endfacet
  facet normal 0 0 -1
    outer loop
      vertex -75.39999999850988 -64.39999999850988 0
      vertex -71.68887831978596 62.23031595011394 0
      vertex -71.65570357417579 62.06353524136673 0
    endloop
  endfacet
  facet normal 0 0 -1
    outer loop
      vertex -75.39999999850988 -64.39999999850988 0
      vertex -71.65570357417579 62.06353524136673 0
      vertex -71.60104339226469 61.90251153792539 0
    endloop
  endfacet
  facet normal 0 0 -1
    outer loop
      vertex -75.39999999850988 -64.39999999850988 0
      vertex -71.60104339226469 61.90251153792539 0
      vertex -71.52583302491978 61.75000000000001 0
    endloop
  endfacet
  facet normal 0 0 -1
    outer loop
      vertex -75.39999999850988 -64.39999999850988 0
      vertex -71.43135934237861 61.60861014228867 0
      vertex -71.31923881554252 61.48076118445749 0
    endloop
  endfacet
  facet normal 0 0 -1
    outer loop
      vertex -75.39999999850988 -64.39999999850988 0
      vertex -71.31923881554252 61.48076118445749 0
      vertex -71.19138985771134 61.3686406576214 0
    endloop
  endfacet
  facet normal 0 0 -1
    outer loop
      vertex -75.39999999850988 -64.39999999850988 0
      vertex -70.89748846207462 61.19895660773533 0
      vertex -70.73646475863329 61.144296425824216 0
    endloop
  endfacet
  facet normal 0 0 -1
    outer loop
      vertex -75.39999999850988 -64.39999999850988 0
      vertex -71.05000000000001 61.274166975080234 0
      vertex -70.89748846207462 61.19895660773533 0
    endloop
  endfacet
  facet normal 0 0 -1
    outer loop
      vertex -75.39999999850988 -64.39999999850988 0
      vertex -70.73646475863329 61.144296425824216 0
      vertex -70.56968404988608 61.111121680214055 0
    endloop
  endfacet
  facet normal 0 0 -1
    outer loop
      vertex -75.39999999850988 -64.39999999850988 0
      vertex -70.56968404988608 61.111121680214055 0
      vertex -70.4 61.10000000000001 0
    endloop
  endfacet
  facet normal 0 0 -1
    outer loop
      vertex -75.39999999850988 -64.39999999850988 0
      vertex -71.7 62.400000000000006 0
      vertex -71.68887831978596 62.23031595011394 0
    endloop
  endfacet
  facet normal -1 0 0
    outer loop
      vertex -75.39999999850988 -64.39999999850988 0
      vertex -75.39999999850988 64.39999999850988 2.4
      vertex -75.39999999850988 64.39999999850988 0
    endloop
  endfacet
  facet normal 0 0 -1
    outer loop
      vertex -75.39999999850988 64.39999999850988 0
      vertex -71.68887831978596 62.56968404988607 0
      vertex -71.7 62.400000000000006 0
    endloop
  endfacet
  facet normal 0 0 -1
    outer loop
      vertex -75.39999999850988 64.39999999850988 0
      vertex -71.65570357417579 62.73646475863328 0
      vertex -71.68887831978596 62.56968404988607 0
    endloop
  endfacet
  facet normal 0 0 -1
    outer loop
      vertex -75.39999999850988 64.39999999850988 0
      vertex -71.60104339226469 62.89748846207462 0
      vertex -71.65570357417579 62.73646475863328 0
    endloop
  endfacet
  facet normal 0 0 -1
    outer loop
      vertex -75.39999999850988 64.39999999850988 0
      vertex -71.52583302491978 63.050000000000004 0
      vertex -71.60104339226469 62.89748846207462 0
    endloop
  endfacet
  facet normal 0 0 -1
    outer loop
      vertex -75.39999999850988 64.39999999850988 0
      vertex -71.43135934237861 63.19138985771134 0
      vertex -71.52583302491978 63.050000000000004 0
    endloop
  endfacet
  facet normal 0 0 -1
    outer loop
      vertex -75.39999999850988 64.39999999850988 0
      vertex -71.31923881554252 63.31923881554252 0
      vertex -71.43135934237861 63.19138985771134 0
    endloop
  endfacet
  facet normal 0 0 -1
    outer loop
      vertex -75.39999999850988 64.39999999850988 0
      vertex -71.19138985771134 63.43135934237861 0
      vertex -71.31923881554252 63.31923881554252 0
    endloop
  endfacet
  facet normal 0 0 -1
    outer loop
      vertex -75.39999999850988 64.39999999850988 0
      vertex -71.05000000000001 63.52583302491978 0
      vertex -71.19138985771134 63.43135934237861 0
    endloop
  endfacet
  facet normal 0 0 -1
    outer loop
      vertex -75.39999999850988 64.39999999850988 0
      vertex -70.89748846207462 63.60104339226468 0
      vertex -71.05000000000001 63.52583302491978 0
    endloop
  endfacet
  facet normal 0 0 -1
    outer loop
      vertex -75.39999999850988 64.39999999850988 0
      vertex -70.73646475863329 63.655703574175796 0
      vertex -70.89748846207462 63.60104339226468 0
    endloop
  endfacet
  facet normal 0 0 -1
    outer loop
      vertex -75.39999999850988 64.39999999850988 0
      vertex -70.56968404988608 63.68887831978596 0
      vertex -70.73646475863329 63.655703574175796 0
    endloop
  endfacet
  facet normal 0 0 -1
    outer loop
      vertex -75.39999999850988 64.39999999850988 0
      vertex -70.4 63.7 0
      vertex -70.56968404988608 63.68887831978596 0
    endloop
  endfacet
  facet normal 0 0 -1
    outer loop
      vertex -73.17645713686943 67.29777747392654 0
      vertex -72.79157857596874 67.37433458119631 0
      vertex -72.39999999850988 67.39999999850988 0
    endloop
  endfacet
  facet normal -0.9978589230086541 0.06540313273849395 0
    outer loop
      vertex -75.39999999850988 64.39999999850988 0
      vertex -75.37433458119631 64.79157857596874 2.4
      vertex -75.37433458119631 64.79157857596874 0
    endloop
  endfacet
  facet normal -0.980785279639006 0.1950903258581441 0
    outer loop
      vertex -75.37433458119631 64.79157857596874 0
      vertex -75.29777747392654 65.17645713686943 2.4
      vertex -75.29777747392654 65.17645713686943 0
    endloop
  endfacet
  facet normal -0.9469301300366788 0.32143946370773846 0
    outer loop
      vertex -75.29777747392654 65.17645713686943 0
      vertex -75.17163859307766 65.54805029928684 2.4
      vertex -75.17163859307766 65.54805029928684 0
    endloop
  endfacet
  facet normal -0.8968727407473451 0.4422886918115197 0
    outer loop
      vertex -75.17163859307766 65.54805029928684 0
      vertex -74.99807620793581 65.89999999850988 2.4
      vertex -74.99807620793581 65.89999999850988 0
    endloop
  endfacet
  facet normal -0.8314696207458843 0.5555702203832522 0
    outer loop
      vertex -74.99807620793581 65.89999999850988 0
      vertex -74.78006002306938 66.22628428786993 2.4
      vertex -74.78006002306938 66.22628428786993 0
    endloop
  endfacet
  facet normal -0.7518398024852507 0.6593458207943228 0
    outer loop
      vertex -74.78006002306938 66.22628428786993 0
      vertex -74.52132034301758 66.52132034301758 2.4
      vertex -74.52132034301758 66.52132034301758 0
    endloop
  endfacet
  facet normal -0.6593458207943228 0.7518398024852507 0
    outer loop
      vertex -74.52132034301758 66.52132034301758 0
      vertex -74.22628428786993 66.78006002306938 2.4
      vertex -74.22628428786993 66.78006002306938 0
    endloop
  endfacet
  facet normal -0.5555702203832522 0.8314696207458843 0
    outer loop
      vertex -74.22628428786993 66.78006002306938 0
      vertex -73.89999999850988 66.99807620793581 2.4
      vertex -73.89999999850988 66.99807620793581 0
    endloop
  endfacet
  facet normal -0.4422886918115197 0.8968727407473451 0
    outer loop
      vertex -73.89999999850988 66.99807620793581 0
      vertex -73.54805029928684 67.17163859307766 2.4
      vertex -73.54805029928684 67.17163859307766 0
    endloop
  endfacet
  facet normal -0.32143946370773846 0.9469301300366788 0
    outer loop
      vertex -73.54805029928684 67.17163859307766 0
      vertex -73.17645713686943 67.29777747392654 2.4
      vertex -73.17645713686943 67.29777747392654 0
    endloop
  endfacet
  facet normal -0.1950903258581441 0.980785279639006 0
    outer loop
      vertex -73.17645713686943 67.29777747392654 0
      vertex -72.79157857596874 67.37433458119631 2.4
      vertex -72.79157857596874 67.37433458119631 0
    endloop
  endfacet
  facet normal -0.06540313273849395 0.9978589230086541 0
    outer loop
      vertex -72.79157857596874 67.37433458119631 0
      vertex -72.39999999850988 67.39999999850988 2.4
      vertex -72.39999999850988 67.39999999850988 0
    endloop
  endfacet
  facet normal 0 0 -1
    outer loop
      vertex -75.39999999850988 -64.39999999850988 0
      vertex -70.4 61.10000000000001 0
      vertex 70.4 61.10000000000001 0
    endloop
  endfacet
  facet normal 0 0 -1
    outer loop
      vertex -75.39999999850988 64.39999999850988 0
      vertex 69.90251153792539 63.60104339226468 0
      vertex -70.4 63.7 0
    endloop
  endfacet
  facet normal 0 0 -1
    outer loop
      vertex -75.39999999850988 64.39999999850988 0
      vertex -75.37433458119631 64.79157857596874 0
      vertex 75.17163859307766 65.54805029928684 0
    endloop
  endfacet
  facet normal 0 0 -1
    outer loop
      vertex -75.37433458119631 64.79157857596874 0
      vertex -75.29777747392654 65.17645713686943 0
      vertex 74.99807620793581 65.89999999850988 0
    endloop
  endfacet
  facet normal 0 0 -1
    outer loop
      vertex -70.23031595011393 63.68887831978596 0
      vertex -70.4 63.7 0
      vertex 69.90251153792539 63.60104339226468 0
    endloop
  endfacet
  facet normal 0 0 -1
    outer loop
      vertex -75.29777747392654 65.17645713686943 0
      vertex -75.17163859307766 65.54805029928684 0
      vertex 74.78006002306938 66.22628428786993 0
    endloop
  endfacet
  facet normal 0 0 -1
    outer loop
      vertex -75.17163859307766 65.54805029928684 0
      vertex -74.99807620793581 65.89999999850988 0
      vertex 74.52132034301758 66.52132034301758 0
    endloop
  endfacet
  facet normal 0 0 -1
    outer loop
      vertex -74.99807620793581 65.89999999850988 0
      vertex -74.78006002306938 66.22628428786993 0
      vertex 74.22628428786993 66.78006002306938 0
    endloop
  endfacet
  facet normal 0 0 -1
    outer loop
      vertex -74.78006002306938 66.22628428786993 0
      vertex -74.52132034301758 66.52132034301758 0
      vertex 73.89999999850988 66.99807620793581 0
    endloop
  endfacet
  facet normal 0 0 -1
    outer loop
      vertex -74.52132034301758 66.52132034301758 0
      vertex -74.22628428786993 66.78006002306938 0
      vertex 73.54805029928684 67.17163859307766 0
    endloop
  endfacet
  facet normal 0 0 -1
    outer loop
      vertex -74.22628428786993 66.78006002306938 0
      vertex -73.89999999850988 66.99807620793581 0
      vertex 73.17645713686943 67.29777747392654 0
    endloop
  endfacet
  facet normal 0 0 -1
    outer loop
      vertex -73.89999999850988 66.99807620793581 0
      vertex -73.54805029928684 67.17163859307766 0
      vertex 72.79157857596874 67.37433458119631 0
    endloop
  endfacet
  facet normal 0 0 -1
    outer loop
      vertex -73.54805029928684 67.17163859307766 0
      vertex -73.17645713686943 67.29777747392654 0
      vertex 72.39999999850988 67.39999999850988 0
    endloop
  endfacet
  facet normal 0 0 -1
    outer loop
      vertex -73.17645713686943 67.29777747392654 0
      vertex -72.39999999850988 67.39999999850988 0
      vertex 72.39999999850988 67.39999999850988 0
    endloop
  endfacet
  facet normal 0 0 -1
    outer loop
      vertex -70.4 61.10000000000001 0
      vertex -70.23031595011393 61.111121680214055 0
      vertex 70.4 61.10000000000001 0
    endloop
  endfacet
  facet normal 0 0 -1
    outer loop
      vertex -70.23031595011393 61.111121680214055 0
      vertex -70.06353524136672 61.144296425824216 0
      vertex 70.23031595011393 61.111121680214055 0
    endloop
  endfacet
  facet normal 0 0 -1
    outer loop
      vertex -70.06353524136672 61.144296425824216 0
      vertex -69.90251153792539 61.19895660773533 0
      vertex 70.06353524136672 61.144296425824216 0
    endloop
  endfacet
  facet normal 0 0 -1
    outer loop
      vertex -69.90251153792539 61.19895660773533 0
      vertex -69.75 61.274166975080234 0
      vertex 69.90251153792539 61.19895660773533 0
    endloop
  endfacet
  facet normal 0 0 -1
    outer loop
      vertex -69.75 61.274166975080234 0
      vertex -69.60861014228867 61.3686406576214 0
      vertex 69.75 61.274166975080234 0
    endloop
  endfacet
  facet normal 0 0 -1
    outer loop
      vertex -69.60861014228867 61.3686406576214 0
      vertex -69.48076118445749 61.48076118445749 0
      vertex 69.60861014228867 61.3686406576214 0
    endloop
  endfacet
  facet normal 0 0 -1
    outer loop
      vertex -69.48076118445749 61.48076118445749 0
      vertex -69.3686406576214 61.60861014228867 0
      vertex 69.48076118445749 61.48076118445749 0
    endloop
  endfacet
  facet normal 0 0 -1
    outer loop
      vertex -69.27416697508023 61.75000000000001 0
      vertex 69.3686406576214 61.60861014228867 0
      vertex -69.3686406576214 61.60861014228867 0
    endloop
  endfacet
  facet normal 0 0 -1
    outer loop
      vertex -69.19895660773533 61.90251153792539 0
      vertex 69.27416697508023 61.75000000000001 0
      vertex -69.27416697508023 61.75000000000001 0
    endloop
  endfacet
  facet normal 0 0 -1
    outer loop
      vertex -69.14429642582422 62.06353524136673 0
      vertex 69.19895660773533 61.90251153792539 0
      vertex -69.19895660773533 61.90251153792539 0
    endloop
  endfacet
  facet normal 0 0 -1
    outer loop
      vertex -69.11112168021405 62.23031595011394 0
      vertex 69.14429642582422 62.06353524136673 0
      vertex -69.14429642582422 62.06353524136673 0
    endloop
  endfacet
  facet normal 0 0 -1
    outer loop
      vertex -69.10000000000001 62.400000000000006 0
      vertex 69.11112168021405 62.23031595011394 0
      vertex -69.11112168021405 62.23031595011394 0
    endloop
  endfacet
  facet normal 0 0 -1
    outer loop
      vertex -69.11112168021405 62.56968404988607 0
      vertex 69.10000000000001 62.400000000000006 0
      vertex -69.10000000000001 62.400000000000006 0
    endloop
  endfacet
  facet normal 0 0 -1
    outer loop
      vertex -69.14429642582422 62.73646475863328 0
      vertex 69.11112168021405 62.56968404988607 0
      vertex -69.11112168021405 62.56968404988607 0
    endloop
  endfacet
  facet normal 0 0 -1
    outer loop
      vertex -69.19895660773533 62.89748846207462 0
      vertex 69.14429642582422 62.73646475863328 0
      vertex -69.14429642582422 62.73646475863328 0
    endloop
  endfacet
  facet normal 0 0 -1
    outer loop
      vertex -69.3686406576214 63.19138985771134 0
      vertex 69.27416697508023 63.050000000000004 0
      vertex -69.27416697508023 63.050000000000004 0
    endloop
  endfacet
  facet normal 0 0 -1
    outer loop
      vertex -69.27416697508023 63.050000000000004 0
      vertex 69.19895660773533 62.89748846207462 0
      vertex -69.19895660773533 62.89748846207462 0
    endloop
  endfacet
  facet normal 0 0 -1
    outer loop
      vertex -70.06353524136672 63.655703574175796 0
      vertex -70.23031595011393 63.68887831978596 0
      vertex 69.90251153792539 63.60104339226468 0
    endloop
  endfacet
  facet normal 0 0 -1
    outer loop
      vertex -69.75 63.52583302491978 0
      vertex -69.90251153792539 63.60104339226468 0
      vertex 69.75 63.52583302491978 0
    endloop
  endfacet
  facet normal 0 0 -1
    outer loop
      vertex -69.90251153792539 63.60104339226468 0
      vertex -70.06353524136672 63.655703574175796 0
      vertex 69.90251153792539 63.60104339226468 0
    endloop
  endfacet
  facet normal 0 0 -1
    outer loop
      vertex -69.48076118445749 63.31923881554252 0
      vertex 69.3686406576214 63.19138985771134 0
      vertex -69.3686406576214 63.19138985771134 0
    endloop
  endfacet
  facet normal 0 0 -1
    outer loop
      vertex -69.60861014228867 63.43135934237861 0
      vertex 69.48076118445749 63.31923881554252 0
      vertex -69.48076118445749 63.31923881554252 0
    endloop
  endfacet
  facet normal 0 0 -1
    outer loop
      vertex -69.60861014228867 63.43135934237861 0
      vertex -69.75 63.52583302491978 0
      vertex 69.60861014228867 63.43135934237861 0
    endloop
  endfacet
  facet normal 0 0 1
    outer loop
      vertex -75.39999999850988 -64.39999999850988 2.4
      vertex -71.19138985771134 61.3686406576214 2.4
      vertex -75.39999999850988 64.39999999850988 2.4
    endloop
  endfacet
  facet normal 0 0 1
    outer loop
      vertex -75.39999999850988 -64.39999999850988 2.4
      vertex -71.05000000000001 61.274166975080234 2.4
      vertex -71.19138985771134 61.3686406576214 2.4
    endloop
  endfacet
  facet normal 0 0 1
    outer loop
      vertex -75.39999999850988 -64.39999999850988 2.4
      vertex -70.73646475863329 61.144296425824216 2.4
      vertex -70.89748846207462 61.19895660773533 2.4
    endloop
  endfacet
  facet normal 0 0 1
    outer loop
      vertex -75.39999999850988 -64.39999999850988 2.4
      vertex -70.89748846207462 61.19895660773533 2.4
      vertex -71.05000000000001 61.274166975080234 2.4
    endloop
  endfacet
  facet normal 0 0 1
    outer loop
      vertex -75.39999999850988 -64.39999999850988 2.4
      vertex -70.56968404988608 61.111121680214055 2.4
      vertex -70.73646475863329 61.144296425824216 2.4
    endloop
  endfacet
  facet normal 0 0 1
    outer loop
      vertex -75.39999999850988 -64.39999999850988 2.4
      vertex -70.4 61.10000000000001 2.4
      vertex -70.56968404988608 61.111121680214055 2.4
    endloop
  endfacet
  facet normal 0 0 1
    outer loop
      vertex -75.39999999850988 -64.39999999850988 2.4
      vertex -70.06353524136672 61.144296425824216 2.4
      vertex -70.23031595011393 61.111121680214055 2.4
    endloop
  endfacet
  facet normal 0 0 1
    outer loop
      vertex -75.39999999850988 -64.39999999850988 2.4
      vertex -70.23031595011393 61.111121680214055 2.4
      vertex -70.4 61.10000000000001 2.4
    endloop
  endfacet
  facet normal 0 0 1
    outer loop
      vertex -75.39999999850988 -64.39999999850988 2.4
      vertex -69.90251153792539 61.19895660773533 2.4
      vertex -70.06353524136672 61.144296425824216 2.4
    endloop
  endfacet
  facet normal 0 0 1
    outer loop
      vertex -75.39999999850988 -64.39999999850988 2.4
      vertex -69.60861014228867 61.3686406576214 2.4
      vertex -69.75 61.274166975080234 2.4
    endloop
  endfacet
  facet normal 0 0 1
    outer loop
      vertex -75.39999999850988 -64.39999999850988 2.4
      vertex -69.75 61.274166975080234 2.4
      vertex -69.90251153792539 61.19895660773533 2.4
    endloop
  endfacet
  facet normal 0 0 1
    outer loop
      vertex -75.39999999850988 -64.39999999850988 2.4
      vertex -69.48076118445749 61.48076118445749 2.4
      vertex -69.60861014228867 61.3686406576214 2.4
    endloop
  endfacet
  facet normal 0 0 1
    outer loop
      vertex -75.39999999850988 -64.39999999850988 2.4
      vertex -69.3686406576214 61.60861014228867 2.4
      vertex -69.48076118445749 61.48076118445749 2.4
    endloop
  endfacet
  facet normal 0 0 1
    outer loop
      vertex -75.39999999850988 -64.39999999850988 2.4
      vertex -69.27416697508023 61.75000000000001 2.4
      vertex -69.3686406576214 61.60861014228867 2.4
    endloop
  endfacet
  facet normal 0 0 1
    outer loop
      vertex -75.39999999850988 -64.39999999850988 2.4
      vertex -69.19895660773533 61.90251153792539 2.4
      vertex -69.27416697508023 61.75000000000001 2.4
    endloop
  endfacet
  facet normal -0.9978589230086541 0.06540313273849395 0
    outer loop
      vertex -75.39999999850988 64.39999999850988 0
      vertex -75.39999999850988 64.39999999850988 2.4
      vertex -75.37433458119631 64.79157857596874 2.4
    endloop
  endfacet
  facet normal -0.980785279639006 0.1950903258581441 0
    outer loop
      vertex -75.37433458119631 64.79157857596874 0
      vertex -75.37433458119631 64.79157857596874 2.4
      vertex -75.29777747392654 65.17645713686943 2.4
    endloop
  endfacet
  facet normal -0.9469301300366788 0.32143946370773846 0
    outer loop
      vertex -75.29777747392654 65.17645713686943 0
      vertex -75.29777747392654 65.17645713686943 2.4
      vertex -75.17163859307766 65.54805029928684 2.4
    endloop
  endfacet
  facet normal -0.8968727407473451 0.4422886918115197 0
    outer loop
      vertex -75.17163859307766 65.54805029928684 0
      vertex -75.17163859307766 65.54805029928684 2.4
      vertex -74.99807620793581 65.89999999850988 2.4
    endloop
  endfacet
  facet normal -0.8314696207458843 0.5555702203832522 0
    outer loop
      vertex -74.99807620793581 65.89999999850988 0
      vertex -74.99807620793581 65.89999999850988 2.4
      vertex -74.78006002306938 66.22628428786993 2.4
    endloop
  endfacet
  facet normal -0.7518398024852507 0.6593458207943228 0
    outer loop
      vertex -74.78006002306938 66.22628428786993 0
      vertex -74.78006002306938 66.22628428786993 2.4
      vertex -74.52132034301758 66.52132034301758 2.4
    endloop
  endfacet
  facet normal -0.6593458207943228 0.7518398024852507 0
    outer loop
      vertex -74.52132034301758 66.52132034301758 0
      vertex -74.52132034301758 66.52132034301758 2.4
      vertex -74.22628428786993 66.78006002306938 2.4
    endloop
  endfacet
  facet normal -0.5555702203832522 0.8314696207458843 0
    outer loop
      vertex -74.22628428786993 66.78006002306938 0
      vertex -74.22628428786993 66.78006002306938 2.4
      vertex -73.89999999850988 66.99807620793581 2.4
    endloop
  endfacet
  facet normal -0.4422886918115197 0.8968727407473451 0
    outer loop
      vertex -73.89999999850988 66.99807620793581 0
      vertex -73.89999999850988 66.99807620793581 2.4
      vertex -73.54805029928684 67.17163859307766 2.4
    endloop
  endfacet
  facet normal -0.32143946370773846 0.9469301300366788 0
    outer loop
      vertex -73.54805029928684 67.17163859307766 0
      vertex -73.54805029928684 67.17163859307766 2.4
      vertex -73.17645713686943 67.29777747392654 2.4
    endloop
  endfacet
  facet normal -0.1950903258581441 0.980785279639006 0
    outer loop
      vertex -73.17645713686943 67.29777747392654 0
      vertex -73.17645713686943 67.29777747392654 2.4
      vertex -72.79157857596874 67.37433458119631 2.4
    endloop
  endfacet
  facet normal -0.06540313273849395 0.9978589230086541 0
    outer loop
      vertex -72.79157857596874 67.37433458119631 0
      vertex -72.79157857596874 67.37433458119631 2.4
      vertex -72.39999999850988 67.39999999850988 2.4
    endloop
  endfacet
  facet normal 0 0 1
    outer loop
      vertex -75.39999999850988 64.39999999850988 2.4
      vertex -71.43135934237861 61.60861014228867 2.4
      vertex -71.52583302491978 61.75000000000001 2.4
    endloop
  endfacet
  facet normal 0 0 1
    outer loop
      vertex -75.39999999850988 64.39999999850988 2.4
      vertex -71.19138985771134 61.3686406576214 2.4
      vertex -71.31923881554252 61.48076118445749 2.4
    endloop
  endfacet
  facet normal 0 0 1
    outer loop
      vertex -75.39999999850988 64.39999999850988 2.4
      vertex -71.31923881554252 61.48076118445749 2.4
      vertex -71.43135934237861 61.60861014228867 2.4
    endloop
  endfacet
  facet normal 0 0 1
    outer loop
      vertex -75.39999999850988 64.39999999850988 2.4
      vertex -71.65570357417579 62.06353524136673 2.4
      vertex -71.68887831978596 62.23031595011394 2.4
    endloop
  endfacet
  facet normal 0 0 1
    outer loop
      vertex -75.39999999850988 64.39999999850988 2.4
      vertex -71.52583302491978 61.75000000000001 2.4
      vertex -71.60104339226469 61.90251153792539 2.4
    endloop
  endfacet
  facet normal 0 0 1
    outer loop
      vertex -75.39999999850988 64.39999999850988 2.4
      vertex -71.60104339226469 61.90251153792539 2.4
      vertex -71.65570357417579 62.06353524136673 2.4
    endloop
  endfacet
  facet normal 0 0 1
    outer loop
      vertex -75.39999999850988 64.39999999850988 2.4
      vertex -71.68887831978596 62.23031595011394 2.4
      vertex -71.7 62.400000000000006 2.4
    endloop
  endfacet
  facet normal 0 0 1
    outer loop
      vertex -75.39999999850988 64.39999999850988 2.4
      vertex -71.7 62.400000000000006 2.4
      vertex -71.68887831978596 62.56968404988607 2.4
    endloop
  endfacet
  facet normal 0 0 1
    outer loop
      vertex -75.39999999850988 64.39999999850988 2.4
      vertex -71.68887831978596 62.56968404988607 2.4
      vertex -71.65570357417579 62.73646475863328 2.4
    endloop
  endfacet
  facet normal 0 0 1
    outer loop
      vertex -75.39999999850988 64.39999999850988 2.4
      vertex -71.65570357417579 62.73646475863328 2.4
      vertex -71.60104339226469 62.89748846207462 2.4
    endloop
  endfacet
  facet normal 0 0 1
    outer loop
      vertex -75.39999999850988 64.39999999850988 2.4
      vertex -71.60104339226469 62.89748846207462 2.4
      vertex -71.52583302491978 63.050000000000004 2.4
    endloop
  endfacet
  facet normal 0 0 1
    outer loop
      vertex -75.39999999850988 64.39999999850988 2.4
      vertex -71.52583302491978 63.050000000000004 2.4
      vertex -71.43135934237861 63.19138985771134 2.4
    endloop
  endfacet
  facet normal 0 0 1
    outer loop
      vertex -75.39999999850988 64.39999999850988 2.4
      vertex -71.43135934237861 63.19138985771134 2.4
      vertex -71.31923881554252 63.31923881554252 2.4
    endloop
  endfacet
  facet normal 0 0 1
    outer loop
      vertex -75.39999999850988 64.39999999850988 2.4
      vertex -71.31923881554252 63.31923881554252 2.4
      vertex -71.19138985771134 63.43135934237861 2.4
    endloop
  endfacet
  facet normal 0 0 1
    outer loop
      vertex -75.39999999850988 64.39999999850988 2.4
      vertex -71.19138985771134 63.43135934237861 2.4
      vertex -71.05000000000001 63.52583302491978 2.4
    endloop
  endfacet
  facet normal 0 0 1
    outer loop
      vertex -75.39999999850988 64.39999999850988 2.4
      vertex -71.05000000000001 63.52583302491978 2.4
      vertex -70.89748846207462 63.60104339226468 2.4
    endloop
  endfacet
  facet normal 0 0 1
    outer loop
      vertex -75.39999999850988 64.39999999850988 2.4
      vertex -70.89748846207462 63.60104339226468 2.4
      vertex -70.73646475863329 63.655703574175796 2.4
    endloop
  endfacet
  facet normal 0 0 1
    outer loop
      vertex -75.39999999850988 64.39999999850988 2.4
      vertex -70.73646475863329 63.655703574175796 2.4
      vertex -70.56968404988608 63.68887831978596 2.4
    endloop
  endfacet
  facet normal 0 0 1
    outer loop
      vertex -75.39999999850988 64.39999999850988 2.4
      vertex -70.56968404988608 63.68887831978596 2.4
      vertex -70.4 63.7 2.4
    endloop
  endfacet
  facet normal 0 0 1
    outer loop
      vertex -73.17645713686943 67.29777747392654 2.4
      vertex -72.39999999850988 67.39999999850988 2.4
      vertex -72.79157857596874 67.37433458119631 2.4
    endloop
  endfacet
  facet normal 0 0 1
    outer loop
      vertex -75.39999999850988 -64.39999999850988 2.4
      vertex 69.19895660773533 61.90251153792539 2.4
      vertex -69.19895660773533 61.90251153792539 2.4
    endloop
  endfacet
  facet normal 0 1 0
    outer loop
      vertex -72.39999999850988 67.39999999850988 0
      vertex -72.39999999850988 67.39999999850988 2.4
      vertex 72.39999999850988 67.39999999850988 2.4
    endloop
  endfacet
  facet normal 0 0 1
    outer loop
      vertex -75.39999999850988 64.39999999850988 2.4
      vertex -70.4 63.7 2.4
      vertex 69.90251153792539 63.60104339226468 2.4
    endloop
  endfacet
  facet normal 0 0 1
    outer loop
      vertex -75.39999999850988 64.39999999850988 2.4
      vertex 75.17163859307766 65.54805029928684 2.4
      vertex -75.37433458119631 64.79157857596874 2.4
    endloop
  endfacet
  facet normal 0 0 1
    outer loop
      vertex -75.37433458119631 64.79157857596874 2.4
      vertex 74.99807620793581 65.89999999850988 2.4
      vertex -75.29777747392654 65.17645713686943 2.4
    endloop
  endfacet
  facet normal 0 0 1
    outer loop
      vertex -70.4 63.7 2.4
      vertex -70.23031595011393 63.68887831978596 2.4
      vertex 69.90251153792539 63.60104339226468 2.4
    endloop
  endfacet
  facet normal 0 0 1
    outer loop
      vertex -75.29777747392654 65.17645713686943 2.4
      vertex 74.78006002306938 66.22628428786993 2.4
      vertex -75.17163859307766 65.54805029928684 2.4
    endloop
  endfacet
  facet normal 0 0 1
    outer loop
      vertex -75.17163859307766 65.54805029928684 2.4
      vertex 74.52132034301758 66.52132034301758 2.4
      vertex -74.99807620793581 65.89999999850988 2.4
    endloop
  endfacet
  facet normal 0 0 1
    outer loop
      vertex -74.99807620793581 65.89999999850988 2.4
      vertex 74.22628428786993 66.78006002306938 2.4
      vertex -74.78006002306938 66.22628428786993 2.4
    endloop
  endfacet
  facet normal 0 0 1
    outer loop
      vertex -74.78006002306938 66.22628428786993 2.4
      vertex 73.89999999850988 66.99807620793581 2.4
      vertex -74.52132034301758 66.52132034301758 2.4
    endloop
  endfacet
  facet normal 0 0 1
    outer loop
      vertex -74.52132034301758 66.52132034301758 2.4
      vertex 73.54805029928684 67.17163859307766 2.4
      vertex -74.22628428786993 66.78006002306938 2.4
    endloop
  endfacet
  facet normal 0 0 1
    outer loop
      vertex -74.22628428786993 66.78006002306938 2.4
      vertex 73.17645713686943 67.29777747392654 2.4
      vertex -73.89999999850988 66.99807620793581 2.4
    endloop
  endfacet
  facet normal 0 0 1
    outer loop
      vertex -73.89999999850988 66.99807620793581 2.4
      vertex 72.79157857596874 67.37433458119631 2.4
      vertex -73.54805029928684 67.17163859307766 2.4
    endloop
  endfacet
  facet normal 0 0 1
    outer loop
      vertex -73.54805029928684 67.17163859307766 2.4
      vertex 72.39999999850988 67.39999999850988 2.4
      vertex -73.17645713686943 67.29777747392654 2.4
    endloop
  endfacet
  facet normal 0 0 1
    outer loop
      vertex -73.17645713686943 67.29777747392654 2.4
      vertex 72.39999999850988 67.39999999850988 2.4
      vertex -72.39999999850988 67.39999999850988 2.4
    endloop
  endfacet
  facet normal 0 0 1
    outer loop
      vertex -69.19895660773533 61.90251153792539 2.4
      vertex 69.14429642582422 62.06353524136673 2.4
      vertex -69.14429642582422 62.06353524136673 2.4
    endloop
  endfacet
  facet normal 0 0 1
    outer loop
      vertex -69.14429642582422 62.06353524136673 2.4
      vertex 69.11112168021405 62.23031595011394 2.4
      vertex -69.11112168021405 62.23031595011394 2.4
    endloop
  endfacet
  facet normal 0 0 1
    outer loop
      vertex -69.11112168021405 62.23031595011394 2.4
      vertex 69.10000000000001 62.400000000000006 2.4
      vertex -69.10000000000001 62.400000000000006 2.4
    endloop
  endfacet
  facet normal 0 0 1
    outer loop
      vertex -69.10000000000001 62.400000000000006 2.4
      vertex 69.11112168021405 62.56968404988607 2.4
      vertex -69.11112168021405 62.56968404988607 2.4
    endloop
  endfacet
  facet normal 0 0 1
    outer loop
      vertex -69.11112168021405 62.56968404988607 2.4
      vertex 69.14429642582422 62.73646475863328 2.4
      vertex -69.14429642582422 62.73646475863328 2.4
    endloop
  endfacet
  facet normal 0 0 1
    outer loop
      vertex -69.14429642582422 62.73646475863328 2.4
      vertex 69.19895660773533 62.89748846207462 2.4
      vertex -69.19895660773533 62.89748846207462 2.4
    endloop
  endfacet
  facet normal 0 0 1
    outer loop
      vertex -69.19895660773533 62.89748846207462 2.4
      vertex 69.27416697508023 63.050000000000004 2.4
      vertex -69.27416697508023 63.050000000000004 2.4
    endloop
  endfacet
  facet normal 0 0 1
    outer loop
      vertex -69.27416697508023 63.050000000000004 2.4
      vertex 69.3686406576214 63.19138985771134 2.4
      vertex -69.3686406576214 63.19138985771134 2.4
    endloop
  endfacet
  facet normal 0 0 1
    outer loop
      vertex -70.23031595011393 63.68887831978596 2.4
      vertex -70.06353524136672 63.655703574175796 2.4
      vertex 69.90251153792539 63.60104339226468 2.4
    endloop
  endfacet
  facet normal 0 0 1
    outer loop
      vertex -70.06353524136672 63.655703574175796 2.4
      vertex -69.90251153792539 63.60104339226468 2.4
      vertex 69.90251153792539 63.60104339226468 2.4
    endloop
  endfacet
  facet normal 0 0 1
    outer loop
      vertex -69.3686406576214 63.19138985771134 2.4
      vertex 69.48076118445749 63.31923881554252 2.4
      vertex -69.48076118445749 63.31923881554252 2.4
    endloop
  endfacet
  facet normal 0 0 1
    outer loop
      vertex -69.60861014228867 63.43135934237861 2.4
      vertex -69.48076118445749 63.31923881554252 2.4
      vertex 69.60861014228867 63.43135934237861 2.4
    endloop
  endfacet
  facet normal 0 0 1
    outer loop
      vertex -69.75 63.52583302491978 2.4
      vertex -69.60861014228867 63.43135934237861 2.4
      vertex 69.75 63.52583302491978 2.4
    endloop
  endfacet
  facet normal 0 0 1
    outer loop
      vertex -69.90251153792539 63.60104339226468 2.4
      vertex -69.75 63.52583302491978 2.4
      vertex 69.90251153792539 63.60104339226468 2.4
    endloop
  endfacet
  facet normal 0 0 -1
    outer loop
      vertex -69.60861014228867 -63.43135934237861 0
      vertex 69.60861014228867 -63.43135934237861 0
      vertex 69.75 -63.52583302491978 0
    endloop
  endfacet
  facet normal 0 0 -1
    outer loop
      vertex -69.48076118445749 -63.31923881554252 0
      vertex 69.48076118445749 -63.31923881554252 0
      vertex 69.60861014228867 -63.43135934237861 0
    endloop
  endfacet
  facet normal 0 0 -1
    outer loop
      vertex -69.3686406576214 -63.19138985771134 0
      vertex 69.3686406576214 -63.19138985771134 0
      vertex 69.48076118445749 -63.31923881554252 0
    endloop
  endfacet
  facet normal 0 0 -1
    outer loop
      vertex -69.90251153792539 -63.60104339226468 0
      vertex 69.90251153792539 -63.60104339226468 0
      vertex 70.06353524136672 -63.655703574175796 0
    endloop
  endfacet
  facet normal 0 0 -1
    outer loop
      vertex -69.75 -63.52583302491978 0
      vertex 69.75 -63.52583302491978 0
      vertex 69.90251153792539 -63.60104339226468 0
    endloop
  endfacet
  facet normal 0 0 -1
    outer loop
      vertex -69.90251153792539 -63.60104339226468 0
      vertex 70.06353524136672 -63.655703574175796 0
      vertex 70.23031595011393 -63.68887831978596 0
    endloop
  endfacet
  facet normal 0 0 -1
    outer loop
      vertex -69.19895660773533 -62.89748846207462 0
      vertex 69.19895660773533 -62.89748846207462 0
      vertex 69.27416697508023 -63.050000000000004 0
    endloop
  endfacet
  facet normal 0 0 -1
    outer loop
      vertex -69.27416697508023 -63.050000000000004 0
      vertex 69.27416697508023 -63.050000000000004 0
      vertex 69.3686406576214 -63.19138985771134 0
    endloop
  endfacet
  facet normal 0 0 -1
    outer loop
      vertex -69.14429642582422 -62.73646475863328 0
      vertex 69.14429642582422 -62.73646475863328 0
      vertex 69.19895660773533 -62.89748846207462 0
    endloop
  endfacet
  facet normal 0 0 -1
    outer loop
      vertex -69.11112168021405 -62.56968404988607 0
      vertex 69.11112168021405 -62.56968404988607 0
      vertex 69.14429642582422 -62.73646475863328 0
    endloop
  endfacet
  facet normal 0 0 -1
    outer loop
      vertex -69.10000000000001 -62.400000000000006 0
      vertex 69.10000000000001 -62.400000000000006 0
      vertex 69.11112168021405 -62.56968404988607 0
    endloop
  endfacet
  facet normal 0 0 -1
    outer loop
      vertex -69.11112168021405 -62.23031595011394 0
      vertex 69.11112168021405 -62.23031595011394 0
      vertex 69.10000000000001 -62.400000000000006 0
    endloop
  endfacet
  facet normal 0 0 -1
    outer loop
      vertex -69.14429642582422 -62.06353524136673 0
      vertex 69.14429642582422 -62.06353524136673 0
      vertex 69.11112168021405 -62.23031595011394 0
    endloop
  endfacet
  facet normal 0 0 -1
    outer loop
      vertex -69.19895660773533 -61.90251153792539 0
      vertex 69.19895660773533 -61.90251153792539 0
      vertex 69.14429642582422 -62.06353524136673 0
    endloop
  endfacet
  facet normal 0 0 -1
    outer loop
      vertex -72.39999999850988 -67.39999999850988 0
      vertex 73.17645713686943 -67.29777747392654 0
      vertex 72.39999999850988 -67.39999999850988 0
    endloop
  endfacet
  facet normal 0 0 -1
    outer loop
      vertex -72.39999999850988 -67.39999999850988 0
      vertex 73.54805029928684 -67.17163859307766 0
      vertex 73.17645713686943 -67.29777747392654 0
    endloop
  endfacet
  facet normal 0 0 -1
    outer loop
      vertex -72.79157857596874 -67.37433458119631 0
      vertex 73.89999999850988 -66.99807620793581 0
      vertex 73.54805029928684 -67.17163859307766 0
    endloop
  endfacet
  facet normal 0 0 -1
    outer loop
      vertex -73.17645713686943 -67.29777747392654 0
      vertex 74.22628428786993 -66.78006002306938 0
      vertex 73.89999999850988 -66.99807620793581 0
    endloop
  endfacet
  facet normal 0 0 -1
    outer loop
      vertex -73.54805029928684 -67.17163859307766 0
      vertex 74.52132034301758 -66.52132034301758 0
      vertex 74.22628428786993 -66.78006002306938 0
    endloop
  endfacet
  facet normal 0 0 -1
    outer loop
      vertex -73.89999999850988 -66.99807620793581 0
      vertex 74.78006002306938 -66.22628428786993 0
      vertex 74.52132034301758 -66.52132034301758 0
    endloop
  endfacet
  facet normal 0 0 -1
    outer loop
      vertex -74.22628428786993 -66.78006002306938 0
      vertex 74.99807620793581 -65.89999999850988 0
      vertex 74.78006002306938 -66.22628428786993 0
    endloop
  endfacet
  facet normal 0 0 -1
    outer loop
      vertex -74.52132034301758 -66.52132034301758 0
      vertex 75.17163859307766 -65.54805029928684 0
      vertex 74.99807620793581 -65.89999999850988 0
    endloop
  endfacet
  facet normal 0 0 -1
    outer loop
      vertex -74.78006002306938 -66.22628428786993 0
      vertex 75.29777747392654 -65.17645713686943 0
      vertex 75.17163859307766 -65.54805029928684 0
    endloop
  endfacet
  facet normal 0 0 -1
    outer loop
      vertex -69.90251153792539 -63.60104339226468 0
      vertex 70.23031595011393 -63.68887831978596 0
      vertex 70.4 -63.7 0
    endloop
  endfacet
  facet normal 0 0 -1
    outer loop
      vertex -74.99807620793581 -65.89999999850988 0
      vertex 75.37433458119631 -64.79157857596874 0
      vertex 75.29777747392654 -65.17645713686943 0
    endloop
  endfacet
  facet normal 0 0 -1
    outer loop
      vertex -75.17163859307766 -65.54805029928684 0
      vertex 75.39999999850988 -64.39999999850988 0
      vertex 75.37433458119631 -64.79157857596874 0
    endloop
  endfacet
  facet normal 0 0 -1
    outer loop
      vertex 75.39999999850988 -64.39999999850988 0
      vertex -69.90251153792539 -63.60104339226468 0
      vertex 70.4 -63.7 0
    endloop
  endfacet
  facet normal 0 0 -1
    outer loop
      vertex 75.39999999850988 64.39999999850988 0
      vertex 69.19895660773533 -61.90251153792539 0
      vertex -69.19895660773533 -61.90251153792539 0
    endloop
  endfacet
  facet normal 0 0 -1
    outer loop
      vertex 72.39999999850988 -67.39999999850988 0
      vertex 73.17645713686943 -67.29777747392654 0
      vertex 72.79157857596874 -67.37433458119631 0
    endloop
  endfacet
  facet normal 0 0 -1
    outer loop
      vertex 75.39999999850988 -64.39999999850988 0
      vertex 70.4 -63.7 0
      vertex 70.56968404988608 -63.68887831978596 0
    endloop
  endfacet
  facet normal 0 0 -1
    outer loop
      vertex 75.39999999850988 -64.39999999850988 0
      vertex 70.56968404988608 -63.68887831978596 0
      vertex 70.73646475863329 -63.655703574175796 0
    endloop
  endfacet
  facet normal 0 0 -1
    outer loop
      vertex 75.39999999850988 -64.39999999850988 0
      vertex 70.73646475863329 -63.655703574175796 0
      vertex 70.89748846207462 -63.60104339226468 0
    endloop
  endfacet
  facet normal 0 0 -1
    outer loop
      vertex 75.39999999850988 -64.39999999850988 0
      vertex 70.89748846207462 -63.60104339226468 0
      vertex 71.05000000000001 -63.52583302491978 0
    endloop
  endfacet
  facet normal 0 0 -1
    outer loop
      vertex 75.39999999850988 -64.39999999850988 0
      vertex 71.05000000000001 -63.52583302491978 0
      vertex 71.19138985771134 -63.43135934237861 0
    endloop
  endfacet
  facet normal 0 0 -1
    outer loop
      vertex 75.39999999850988 -64.39999999850988 0
      vertex 71.19138985771134 -63.43135934237861 0
      vertex 71.31923881554252 -63.31923881554252 0
    endloop
  endfacet
  facet normal 0 0 -1
    outer loop
      vertex 75.39999999850988 -64.39999999850988 0
      vertex 71.31923881554252 -63.31923881554252 0
      vertex 71.43135934237861 -63.19138985771134 0
    endloop
  endfacet
  facet normal 0 0 -1
    outer loop
      vertex 75.39999999850988 -64.39999999850988 0
      vertex 71.43135934237861 -63.19138985771134 0
      vertex 71.52583302491978 -63.050000000000004 0
    endloop
  endfacet
  facet normal 0 0 -1
    outer loop
      vertex 75.39999999850988 -64.39999999850988 0
      vertex 71.60104339226469 -62.89748846207462 0
      vertex 71.65570357417579 -62.73646475863328 0
    endloop
  endfacet
  facet normal 0 0 -1
    outer loop
      vertex 75.39999999850988 -64.39999999850988 0
      vertex 71.52583302491978 -63.050000000000004 0
      vertex 71.60104339226469 -62.89748846207462 0
    endloop
  endfacet
  facet normal 0 0 -1
    outer loop
      vertex 75.39999999850988 -64.39999999850988 0
      vertex 71.65570357417579 -62.73646475863328 0
      vertex 71.68887831978596 -62.56968404988607 0
    endloop
  endfacet
  facet normal 0 0 -1
    outer loop
      vertex 75.39999999850988 -64.39999999850988 0
      vertex 71.68887831978596 -62.56968404988607 0
      vertex 71.7 -62.400000000000006 0
    endloop
  endfacet
  facet normal 0 0 -1
    outer loop
      vertex 75.39999999850988 -64.39999999850988 0
      vertex 71.7 -62.400000000000006 0
      vertex 71.68887831978596 -62.23031595011394 0
    endloop
  endfacet
  facet normal 0 0 -1
    outer loop
      vertex 75.39999999850988 -64.39999999850988 0
      vertex 71.60104339226469 -61.90251153792539 0
      vertex 71.52583302491978 -61.75000000000001 0
    endloop
  endfacet
  facet normal 0 0 -1
    outer loop
      vertex 75.39999999850988 -64.39999999850988 0
      vertex 71.65570357417579 -62.06353524136673 0
      vertex 71.60104339226469 -61.90251153792539 0
    endloop
  endfacet
  facet normal 0 0 -1
    outer loop
      vertex 75.39999999850988 -64.39999999850988 0
      vertex 71.68887831978596 -62.23031595011394 0
      vertex 71.65570357417579 -62.06353524136673 0
    endloop
  endfacet
  facet normal 0 0 -1
    outer loop
      vertex 75.39999999850988 -64.39999999850988 0
      vertex 71.31923881554252 -61.48076118445749 0
      vertex 71.19138985771134 -61.3686406576214 0
    endloop
  endfacet
  facet normal 0 0 -1
    outer loop
      vertex 75.39999999850988 -64.39999999850988 0
      vertex 71.43135934237861 -61.60861014228867 0
      vertex 71.31923881554252 -61.48076118445749 0
    endloop
  endfacet
  facet normal 0 0 -1
    outer loop
      vertex 75.39999999850988 -64.39999999850988 0
      vertex 71.52583302491978 -61.75000000000001 0
      vertex 71.43135934237861 -61.60861014228867 0
    endloop
  endfacet
  facet normal 0.06540313273849395 -0.9978589230086541 0
    outer loop
      vertex 72.39999999850988 -67.39999999850988 0
      vertex 72.79157857596874 -67.37433458119631 0
      vertex 72.39999999850988 -67.39999999850988 2.4
    endloop
  endfacet
  facet normal 0.1950903258581441 -0.980785279639006 0
    outer loop
      vertex 72.79157857596874 -67.37433458119631 0
      vertex 73.17645713686943 -67.29777747392654 0
      vertex 72.79157857596874 -67.37433458119631 2.4
    endloop
  endfacet
  facet normal 0.32143946370773846 -0.9469301300366788 0
    outer loop
      vertex 73.17645713686943 -67.29777747392654 0
      vertex 73.54805029928684 -67.17163859307766 0
      vertex 73.17645713686943 -67.29777747392654 2.4
    endloop
  endfacet
  facet normal 0.4422886918115197 -0.8968727407473451 0
    outer loop
      vertex 73.54805029928684 -67.17163859307766 0
      vertex 73.89999999850988 -66.99807620793581 0
      vertex 73.54805029928684 -67.17163859307766 2.4
    endloop
  endfacet
  facet normal 0.5555702203832522 -0.8314696207458843 0
    outer loop
      vertex 73.89999999850988 -66.99807620793581 0
      vertex 74.22628428786993 -66.78006002306938 0
      vertex 73.89999999850988 -66.99807620793581 2.4
    endloop
  endfacet
  facet normal 0.6593458207943228 -0.7518398024852507 0
    outer loop
      vertex 74.22628428786993 -66.78006002306938 0
      vertex 74.52132034301758 -66.52132034301758 0
      vertex 74.22628428786993 -66.78006002306938 2.4
    endloop
  endfacet
  facet normal 0.7518398024852507 -0.6593458207943228 0
    outer loop
      vertex 74.52132034301758 -66.52132034301758 0
      vertex 74.78006002306938 -66.22628428786993 0
      vertex 74.52132034301758 -66.52132034301758 2.4
    endloop
  endfacet
  facet normal 0.8314696207458843 -0.5555702203832522 0
    outer loop
      vertex 74.78006002306938 -66.22628428786993 0
      vertex 74.99807620793581 -65.89999999850988 0
      vertex 74.78006002306938 -66.22628428786993 2.4
    endloop
  endfacet
  facet normal 0.8968727407473451 -0.4422886918115197 0
    outer loop
      vertex 74.99807620793581 -65.89999999850988 0
      vertex 75.17163859307766 -65.54805029928684 0
      vertex 74.99807620793581 -65.89999999850988 2.4
    endloop
  endfacet
  facet normal 0.9469301300366788 -0.32143946370773846 0
    outer loop
      vertex 75.17163859307766 -65.54805029928684 0
      vertex 75.29777747392654 -65.17645713686943 0
      vertex 75.17163859307766 -65.54805029928684 2.4
    endloop
  endfacet
  facet normal 0.980785279639006 -0.1950903258581441 0
    outer loop
      vertex 75.29777747392654 -65.17645713686943 0
      vertex 75.37433458119631 -64.79157857596874 0
      vertex 75.29777747392654 -65.17645713686943 2.4
    endloop
  endfacet
  facet normal 0.9978589230086541 -0.06540313273849395 0
    outer loop
      vertex 75.37433458119631 -64.79157857596874 0
      vertex 75.39999999850988 -64.39999999850988 0
      vertex 75.37433458119631 -64.79157857596874 2.4
    endloop
  endfacet
  facet normal 0 0 -1
    outer loop
      vertex 75.39999999850988 64.39999999850988 0
      vertex 69.27416697508023 -61.75000000000001 0
      vertex 69.19895660773533 -61.90251153792539 0
    endloop
  endfacet
  facet normal 0 0 -1
    outer loop
      vertex 75.39999999850988 64.39999999850988 0
      vertex 69.3686406576214 -61.60861014228867 0
      vertex 69.27416697508023 -61.75000000000001 0
    endloop
  endfacet
  facet normal 0 0 -1
    outer loop
      vertex 75.39999999850988 64.39999999850988 0
      vertex 69.48076118445749 -61.48076118445749 0
      vertex 69.3686406576214 -61.60861014228867 0
    endloop
  endfacet
  facet normal 0 0 -1
    outer loop
      vertex 75.39999999850988 64.39999999850988 0
      vertex 69.60861014228867 -61.3686406576214 0
      vertex 69.48076118445749 -61.48076118445749 0
    endloop
  endfacet
  facet normal 0 0 -1
    outer loop
      vertex 75.39999999850988 64.39999999850988 0
      vertex 69.75 -61.274166975080234 0
      vertex 69.60861014228867 -61.3686406576214 0
    endloop
  endfacet
  facet normal 0 0 -1
    outer loop
      vertex 75.39999999850988 64.39999999850988 0
      vertex 69.90251153792539 -61.19895660773533 0
      vertex 69.75 -61.274166975080234 0
    endloop
  endfacet
  facet normal 0 0 -1
    outer loop
      vertex 75.39999999850988 64.39999999850988 0
      vertex 70.06353524136672 -61.144296425824216 0
      vertex 69.90251153792539 -61.19895660773533 0
    endloop
  endfacet
  facet normal 0 0 -1
    outer loop
      vertex 75.39999999850988 64.39999999850988 0
      vertex 70.23031595011393 -61.111121680214055 0
      vertex 70.06353524136672 -61.144296425824216 0
    endloop
  endfacet
  facet normal 0 0 -1
    outer loop
      vertex 75.39999999850988 64.39999999850988 0
      vertex 70.4 -61.10000000000001 0
      vertex 70.23031595011393 -61.111121680214055 0
    endloop
  endfacet
  facet normal 0 0 -1
    outer loop
      vertex 75.39999999850988 64.39999999850988 0
      vertex 70.56968404988608 -61.111121680214055 0
      vertex 70.4 -61.10000000000001 0
    endloop
  endfacet
  facet normal 0 0 -1
    outer loop
      vertex 75.39999999850988 64.39999999850988 0
      vertex 70.73646475863329 -61.144296425824216 0
      vertex 70.56968404988608 -61.111121680214055 0
    endloop
  endfacet
  facet normal 0 0 -1
    outer loop
      vertex 75.39999999850988 64.39999999850988 0
      vertex 71.05000000000001 -61.274166975080234 0
      vertex 70.89748846207462 -61.19895660773533 0
    endloop
  endfacet
  facet normal 0 0 -1
    outer loop
      vertex 75.39999999850988 64.39999999850988 0
      vertex 70.89748846207462 -61.19895660773533 0
      vertex 70.73646475863329 -61.144296425824216 0
    endloop
  endfacet
  facet normal 0 0 -1
    outer loop
      vertex 75.39999999850988 64.39999999850988 0
      vertex 71.19138985771134 -61.3686406576214 0
      vertex 71.05000000000001 -61.274166975080234 0
    endloop
  endfacet
  facet normal 0 0 -1
    outer loop
      vertex 75.39999999850988 -64.39999999850988 0
      vertex 71.19138985771134 -61.3686406576214 0
      vertex 75.39999999850988 64.39999999850988 0
    endloop
  endfacet
  facet normal 1 0 0
    outer loop
      vertex 75.39999999850988 -64.39999999850988 0
      vertex 75.39999999850988 64.39999999850988 0
      vertex 75.39999999850988 -64.39999999850988 2.4
    endloop
  endfacet
  facet normal 0 -1 0
    outer loop
      vertex -72.39999999850988 -67.39999999850988 2.4
      vertex 72.39999999850988 -67.39999999850988 0
      vertex 72.39999999850988 -67.39999999850988 2.4
    endloop
  endfacet
  facet normal 0 0 1
    outer loop
      vertex -69.75 -63.52583302491978 2.4
      vertex 69.75 -63.52583302491978 2.4
      vertex 69.60861014228867 -63.43135934237861 2.4
    endloop
  endfacet
  facet normal 0 0 1
    outer loop
      vertex -69.90251153792539 -63.60104339226468 2.4
      vertex 69.90251153792539 -63.60104339226468 2.4
      vertex 69.75 -63.52583302491978 2.4
    endloop
  endfacet
  facet normal 0 0 1
    outer loop
      vertex -69.60861014228867 -63.43135934237861 2.4
      vertex 69.60861014228867 -63.43135934237861 2.4
      vertex 69.48076118445749 -63.31923881554252 2.4
    endloop
  endfacet
  facet normal 0 0 1
    outer loop
      vertex -69.48076118445749 -63.31923881554252 2.4
      vertex 69.48076118445749 -63.31923881554252 2.4
      vertex 69.3686406576214 -63.19138985771134 2.4
    endloop
  endfacet
  facet normal 0 0 1
    outer loop
      vertex -69.90251153792539 -63.60104339226468 2.4
      vertex 70.06353524136672 -63.655703574175796 2.4
      vertex 69.90251153792539 -63.60104339226468 2.4
    endloop
  endfacet
  facet normal 0 0 1
    outer loop
      vertex -69.90251153792539 -63.60104339226468 2.4
      vertex 70.23031595011393 -63.68887831978596 2.4
      vertex 70.06353524136672 -63.655703574175796 2.4
    endloop
  endfacet
  facet normal 0 0 1
    outer loop
      vertex -69.3686406576214 -63.19138985771134 2.4
      vertex 69.3686406576214 -63.19138985771134 2.4
      vertex 69.27416697508023 -63.050000000000004 2.4
    endloop
  endfacet
  facet normal 0 0 1
    outer loop
      vertex -69.27416697508023 -63.050000000000004 2.4
      vertex 69.27416697508023 -63.050000000000004 2.4
      vertex 69.19895660773533 -62.89748846207462 2.4
    endloop
  endfacet
  facet normal 0 0 1
    outer loop
      vertex -69.19895660773533 -62.89748846207462 2.4
      vertex 69.19895660773533 -62.89748846207462 2.4
      vertex 69.14429642582422 -62.73646475863328 2.4
    endloop
  endfacet
  facet normal 0 0 1
    outer loop
      vertex -69.14429642582422 -62.73646475863328 2.4
      vertex 69.14429642582422 -62.73646475863328 2.4
      vertex 69.11112168021405 -62.56968404988607 2.4
    endloop
  endfacet
  facet normal 0 0 1
    outer loop
      vertex -69.11112168021405 -62.56968404988607 2.4
      vertex 69.11112168021405 -62.56968404988607 2.4
      vertex 69.10000000000001 -62.400000000000006 2.4
    endloop
  endfacet
  facet normal 0 0 1
    outer loop
      vertex -69.10000000000001 -62.400000000000006 2.4
      vertex 69.10000000000001 -62.400000000000006 2.4
      vertex 69.11112168021405 -62.23031595011394 2.4
    endloop
  endfacet
  facet normal 0 0 1
    outer loop
      vertex -69.11112168021405 -62.23031595011394 2.4
      vertex 69.11112168021405 -62.23031595011394 2.4
      vertex 69.14429642582422 -62.06353524136673 2.4
    endloop
  endfacet
  facet normal 0 0 1
    outer loop
      vertex -69.14429642582422 -62.06353524136673 2.4
      vertex 69.14429642582422 -62.06353524136673 2.4
      vertex 69.19895660773533 -61.90251153792539 2.4
    endloop
  endfacet
  facet normal 0 0 1
    outer loop
      vertex -69.19895660773533 -61.90251153792539 2.4
      vertex 69.19895660773533 -61.90251153792539 2.4
      vertex 69.27416697508023 -61.75000000000001 2.4
    endloop
  endfacet
  facet normal 0 0 1
    outer loop
      vertex -69.27416697508023 -61.75000000000001 2.4
      vertex 69.27416697508023 -61.75000000000001 2.4
      vertex 69.3686406576214 -61.60861014228867 2.4
    endloop
  endfacet
  facet normal 0 0 1
    outer loop
      vertex -69.3686406576214 -61.60861014228867 2.4
      vertex 69.3686406576214 -61.60861014228867 2.4
      vertex 69.48076118445749 -61.48076118445749 2.4
    endloop
  endfacet
  facet normal 0 0 1
    outer loop
      vertex -69.48076118445749 -61.48076118445749 2.4
      vertex 69.48076118445749 -61.48076118445749 2.4
      vertex 69.60861014228867 -61.3686406576214 2.4
    endloop
  endfacet
  facet normal 0 0 1
    outer loop
      vertex -69.60861014228867 -61.3686406576214 2.4
      vertex 69.60861014228867 -61.3686406576214 2.4
      vertex 69.75 -61.274166975080234 2.4
    endloop
  endfacet
  facet normal 0 0 1
    outer loop
      vertex -69.75 -61.274166975080234 2.4
      vertex 69.75 -61.274166975080234 2.4
      vertex 69.90251153792539 -61.19895660773533 2.4
    endloop
  endfacet
  facet normal 0 0 1
    outer loop
      vertex -70.06353524136672 -61.144296425824216 2.4
      vertex 70.06353524136672 -61.144296425824216 2.4
      vertex 70.23031595011393 -61.111121680214055 2.4
    endloop
  endfacet
  facet normal 0 0 1
    outer loop
      vertex -69.90251153792539 -61.19895660773533 2.4
      vertex 69.90251153792539 -61.19895660773533 2.4
      vertex 70.06353524136672 -61.144296425824216 2.4
    endloop
  endfacet
  facet normal 0 0 1
    outer loop
      vertex -70.23031595011393 -61.111121680214055 2.4
      vertex 70.23031595011393 -61.111121680214055 2.4
      vertex 70.4 -61.10000000000001 2.4
    endloop
  endfacet
  facet normal 0 0 1
    outer loop
      vertex -72.39999999850988 -67.39999999850988 2.4
      vertex 72.39999999850988 -67.39999999850988 2.4
      vertex 73.17645713686943 -67.29777747392654 2.4
    endloop
  endfacet
  facet normal 0 0 1
    outer loop
      vertex -72.39999999850988 -67.39999999850988 2.4
      vertex 73.17645713686943 -67.29777747392654 2.4
      vertex 73.54805029928684 -67.17163859307766 2.4
    endloop
  endfacet
  facet normal 0 0 1
    outer loop
      vertex -72.79157857596874 -67.37433458119631 2.4
      vertex 73.54805029928684 -67.17163859307766 2.4
      vertex 73.89999999850988 -66.99807620793581 2.4
    endloop
  endfacet
  facet normal 0 0 1
    outer loop
      vertex -73.17645713686943 -67.29777747392654 2.4
      vertex 73.89999999850988 -66.99807620793581 2.4
      vertex 74.22628428786993 -66.78006002306938 2.4
    endloop
  endfacet
  facet normal 0 0 1
    outer loop
      vertex -73.54805029928684 -67.17163859307766 2.4
      vertex 74.22628428786993 -66.78006002306938 2.4
      vertex 74.52132034301758 -66.52132034301758 2.4
    endloop
  endfacet
  facet normal 0 0 1
    outer loop
      vertex -73.89999999850988 -66.99807620793581 2.4
      vertex 74.52132034301758 -66.52132034301758 2.4
      vertex 74.78006002306938 -66.22628428786993 2.4
    endloop
  endfacet
  facet normal 0 0 1
    outer loop
      vertex -74.22628428786993 -66.78006002306938 2.4
      vertex 74.78006002306938 -66.22628428786993 2.4
      vertex 74.99807620793581 -65.89999999850988 2.4
    endloop
  endfacet
  facet normal 0 0 1
    outer loop
      vertex -74.52132034301758 -66.52132034301758 2.4
      vertex 74.99807620793581 -65.89999999850988 2.4
      vertex 75.17163859307766 -65.54805029928684 2.4
    endloop
  endfacet
  facet normal 0 0 1
    outer loop
      vertex -74.78006002306938 -66.22628428786993 2.4
      vertex 75.17163859307766 -65.54805029928684 2.4
      vertex 75.29777747392654 -65.17645713686943 2.4
    endloop
  endfacet
  facet normal 0 0 1
    outer loop
      vertex -69.90251153792539 -63.60104339226468 2.4
      vertex 70.4 -63.7 2.4
      vertex 70.23031595011393 -63.68887831978596 2.4
    endloop
  endfacet
  facet normal 0 0 1
    outer loop
      vertex -74.99807620793581 -65.89999999850988 2.4
      vertex 75.29777747392654 -65.17645713686943 2.4
      vertex 75.37433458119631 -64.79157857596874 2.4
    endloop
  endfacet
  facet normal 0 0 1
    outer loop
      vertex -75.17163859307766 -65.54805029928684 2.4
      vertex 75.37433458119631 -64.79157857596874 2.4
      vertex 75.39999999850988 -64.39999999850988 2.4
    endloop
  endfacet
  facet normal 0 0 1
    outer loop
      vertex 75.39999999850988 -64.39999999850988 2.4
      vertex 70.4 -63.7 2.4
      vertex -69.90251153792539 -63.60104339226468 2.4
    endloop
  endfacet
  facet normal 0 0 1
    outer loop
      vertex 75.39999999850988 64.39999999850988 2.4
      vertex -70.4 -61.10000000000001 2.4
      vertex 70.4 -61.10000000000001 2.4
    endloop
  endfacet
  facet normal 0.06540313273849395 -0.9978589230086541 0
    outer loop
      vertex 72.79157857596874 -67.37433458119631 0
      vertex 72.79157857596874 -67.37433458119631 2.4
      vertex 72.39999999850988 -67.39999999850988 2.4
    endloop
  endfacet
  facet normal 0.1950903258581441 -0.980785279639006 0
    outer loop
      vertex 73.17645713686943 -67.29777747392654 0
      vertex 73.17645713686943 -67.29777747392654 2.4
      vertex 72.79157857596874 -67.37433458119631 2.4
    endloop
  endfacet
  facet normal 0.32143946370773846 -0.9469301300366788 0
    outer loop
      vertex 73.54805029928684 -67.17163859307766 0
      vertex 73.54805029928684 -67.17163859307766 2.4
      vertex 73.17645713686943 -67.29777747392654 2.4
    endloop
  endfacet
  facet normal 0.4422886918115197 -0.8968727407473451 0
    outer loop
      vertex 73.89999999850988 -66.99807620793581 0
      vertex 73.89999999850988 -66.99807620793581 2.4
      vertex 73.54805029928684 -67.17163859307766 2.4
    endloop
  endfacet
  facet normal 0.5555702203832522 -0.8314696207458843 0
    outer loop
      vertex 74.22628428786993 -66.78006002306938 0
      vertex 74.22628428786993 -66.78006002306938 2.4
      vertex 73.89999999850988 -66.99807620793581 2.4
    endloop
  endfacet
  facet normal 0.6593458207943228 -0.7518398024852507 0
    outer loop
      vertex 74.52132034301758 -66.52132034301758 0
      vertex 74.52132034301758 -66.52132034301758 2.4
      vertex 74.22628428786993 -66.78006002306938 2.4
    endloop
  endfacet
  facet normal 0.7518398024852507 -0.6593458207943228 0
    outer loop
      vertex 74.78006002306938 -66.22628428786993 0
      vertex 74.78006002306938 -66.22628428786993 2.4
      vertex 74.52132034301758 -66.52132034301758 2.4
    endloop
  endfacet
  facet normal 0.8314696207458843 -0.5555702203832522 0
    outer loop
      vertex 74.99807620793581 -65.89999999850988 0
      vertex 74.99807620793581 -65.89999999850988 2.4
      vertex 74.78006002306938 -66.22628428786993 2.4
    endloop
  endfacet
  facet normal 0.8968727407473451 -0.4422886918115197 0
    outer loop
      vertex 75.17163859307766 -65.54805029928684 0
      vertex 75.17163859307766 -65.54805029928684 2.4
      vertex 74.99807620793581 -65.89999999850988 2.4
    endloop
  endfacet
  facet normal 0.9469301300366788 -0.32143946370773846 0
    outer loop
      vertex 75.29777747392654 -65.17645713686943 0
      vertex 75.29777747392654 -65.17645713686943 2.4
      vertex 75.17163859307766 -65.54805029928684 2.4
    endloop
  endfacet
  facet normal 0.980785279639006 -0.1950903258581441 0
    outer loop
      vertex 75.37433458119631 -64.79157857596874 0
      vertex 75.37433458119631 -64.79157857596874 2.4
      vertex 75.29777747392654 -65.17645713686943 2.4
    endloop
  endfacet
  facet normal 0.9978589230086541 -0.06540313273849395 0
    outer loop
      vertex 75.39999999850988 -64.39999999850988 0
      vertex 75.39999999850988 -64.39999999850988 2.4
      vertex 75.37433458119631 -64.79157857596874 2.4
    endloop
  endfacet
  facet normal 0 0 1
    outer loop
      vertex 72.39999999850988 -67.39999999850988 2.4
      vertex 72.79157857596874 -67.37433458119631 2.4
      vertex 73.17645713686943 -67.29777747392654 2.4
    endloop
  endfacet
  facet normal 0 0 1
    outer loop
      vertex 75.39999999850988 -64.39999999850988 2.4
      vertex 70.56968404988608 -63.68887831978596 2.4
      vertex 70.4 -63.7 2.4
    endloop
  endfacet
  facet normal 0 0 1
    outer loop
      vertex 75.39999999850988 -64.39999999850988 2.4
      vertex 70.73646475863329 -63.655703574175796 2.4
      vertex 70.56968404988608 -63.68887831978596 2.4
    endloop
  endfacet
  facet normal 0 0 1
    outer loop
      vertex 75.39999999850988 -64.39999999850988 2.4
      vertex 70.89748846207462 -63.60104339226468 2.4
      vertex 70.73646475863329 -63.655703574175796 2.4
    endloop
  endfacet
  facet normal 0 0 1
    outer loop
      vertex 75.39999999850988 -64.39999999850988 2.4
      vertex 71.05000000000001 -63.52583302491978 2.4
      vertex 70.89748846207462 -63.60104339226468 2.4
    endloop
  endfacet
  facet normal 0 0 1
    outer loop
      vertex 75.39999999850988 -64.39999999850988 2.4
      vertex 71.19138985771134 -63.43135934237861 2.4
      vertex 71.05000000000001 -63.52583302491978 2.4
    endloop
  endfacet
  facet normal 0 0 1
    outer loop
      vertex 75.39999999850988 -64.39999999850988 2.4
      vertex 71.31923881554252 -63.31923881554252 2.4
      vertex 71.19138985771134 -63.43135934237861 2.4
    endloop
  endfacet
  facet normal 0 0 1
    outer loop
      vertex 75.39999999850988 -64.39999999850988 2.4
      vertex 71.43135934237861 -63.19138985771134 2.4
      vertex 71.31923881554252 -63.31923881554252 2.4
    endloop
  endfacet
  facet normal 0 0 1
    outer loop
      vertex 75.39999999850988 -64.39999999850988 2.4
      vertex 71.52583302491978 -63.050000000000004 2.4
      vertex 71.43135934237861 -63.19138985771134 2.4
    endloop
  endfacet
  facet normal 0 0 1
    outer loop
      vertex 75.39999999850988 -64.39999999850988 2.4
      vertex 71.65570357417579 -62.73646475863328 2.4
      vertex 71.60104339226469 -62.89748846207462 2.4
    endloop
  endfacet
  facet normal 0 0 1
    outer loop
      vertex 75.39999999850988 -64.39999999850988 2.4
      vertex 71.60104339226469 -62.89748846207462 2.4
      vertex 71.52583302491978 -63.050000000000004 2.4
    endloop
  endfacet
  facet normal 0 0 1
    outer loop
      vertex 75.39999999850988 -64.39999999850988 2.4
      vertex 71.68887831978596 -62.56968404988607 2.4
      vertex 71.65570357417579 -62.73646475863328 2.4
    endloop
  endfacet
  facet normal 0 0 1
    outer loop
      vertex 75.39999999850988 -64.39999999850988 2.4
      vertex 71.7 -62.400000000000006 2.4
      vertex 71.68887831978596 -62.56968404988607 2.4
    endloop
  endfacet
  facet normal 0 0 1
    outer loop
      vertex 75.39999999850988 64.39999999850988 2.4
      vertex 71.68887831978596 -62.23031595011394 2.4
      vertex 71.7 -62.400000000000006 2.4
    endloop
  endfacet
  facet normal 0 0 1
    outer loop
      vertex 75.39999999850988 64.39999999850988 2.4
      vertex 70.4 -61.10000000000001 2.4
      vertex 70.56968404988608 -61.111121680214055 2.4
    endloop
  endfacet
  facet normal 0 0 1
    outer loop
      vertex 75.39999999850988 64.39999999850988 2.4
      vertex 70.56968404988608 -61.111121680214055 2.4
      vertex 70.73646475863329 -61.144296425824216 2.4
    endloop
  endfacet
  facet normal 0 0 1
    outer loop
      vertex 75.39999999850988 64.39999999850988 2.4
      vertex 70.89748846207462 -61.19895660773533 2.4
      vertex 71.05000000000001 -61.274166975080234 2.4
    endloop
  endfacet
  facet normal 0 0 1
    outer loop
      vertex 75.39999999850988 64.39999999850988 2.4
      vertex 70.73646475863329 -61.144296425824216 2.4
      vertex 70.89748846207462 -61.19895660773533 2.4
    endloop
  endfacet
  facet normal 0 0 1
    outer loop
      vertex 75.39999999850988 64.39999999850988 2.4
      vertex 71.31923881554252 -61.48076118445749 2.4
      vertex 71.43135934237861 -61.60861014228867 2.4
    endloop
  endfacet
  facet normal 0 0 1
    outer loop
      vertex 75.39999999850988 64.39999999850988 2.4
      vertex 71.19138985771134 -61.3686406576214 2.4
      vertex 71.31923881554252 -61.48076118445749 2.4
    endloop
  endfacet
  facet normal 0 0 1
    outer loop
      vertex 75.39999999850988 64.39999999850988 2.4
      vertex 71.60104339226469 -61.90251153792539 2.4
      vertex 71.65570357417579 -62.06353524136673 2.4
    endloop
  endfacet
  facet normal 0 0 1
    outer loop
      vertex 75.39999999850988 64.39999999850988 2.4
      vertex 71.52583302491978 -61.75000000000001 2.4
      vertex 71.60104339226469 -61.90251153792539 2.4
    endloop
  endfacet
  facet normal 0 0 1
    outer loop
      vertex 75.39999999850988 64.39999999850988 2.4
      vertex 71.65570357417579 -62.06353524136673 2.4
      vertex 71.68887831978596 -62.23031595011394 2.4
    endloop
  endfacet
  facet normal 0 0 1
    outer loop
      vertex 75.39999999850988 64.39999999850988 2.4
      vertex 71.43135934237861 -61.60861014228867 2.4
      vertex 71.52583302491978 -61.75000000000001 2.4
    endloop
  endfacet
  facet normal 0 0 1
    outer loop
      vertex 75.39999999850988 64.39999999850988 2.4
      vertex 71.05000000000001 -61.274166975080234 2.4
      vertex 71.19138985771134 -61.3686406576214 2.4
    endloop
  endfacet
  facet normal 0 0 1
    outer loop
      vertex 75.39999999850988 -64.39999999850988 2.4
      vertex 75.39999999850988 64.39999999850988 2.4
      vertex 71.7 -62.400000000000006 2.4
    endloop
  endfacet
  facet normal 0 0 -1
    outer loop
      vertex -75.39999999850988 -64.39999999850988 0
      vertex 70.4 61.10000000000001 0
      vertex 70.56968404988608 61.111121680214055 0
    endloop
  endfacet
  facet normal 0 0 -1
    outer loop
      vertex -75.39999999850988 -64.39999999850988 0
      vertex 70.56968404988608 61.111121680214055 0
      vertex 70.73646475863329 61.144296425824216 0
    endloop
  endfacet
  facet normal 0 0 -1
    outer loop
      vertex -75.39999999850988 -64.39999999850988 0
      vertex 70.73646475863329 61.144296425824216 0
      vertex 70.89748846207462 61.19895660773533 0
    endloop
  endfacet
  facet normal 0 0 -1
    outer loop
      vertex -75.39999999850988 -64.39999999850988 0
      vertex 70.89748846207462 61.19895660773533 0
      vertex 71.05000000000001 61.274166975080234 0
    endloop
  endfacet
  facet normal 0 0 -1
    outer loop
      vertex -75.39999999850988 -64.39999999850988 0
      vertex 71.05000000000001 61.274166975080234 0
      vertex 71.19138985771134 61.3686406576214 0
    endloop
  endfacet
  facet normal 0 0 -1
    outer loop
      vertex -75.39999999850988 -64.39999999850988 0
      vertex 71.19138985771134 61.3686406576214 0
      vertex 75.37433458119631 64.79157857596874 0
    endloop
  endfacet
  facet normal 0 0 -1
    outer loop
      vertex -75.37433458119631 -64.79157857596874 0
      vertex 75.37433458119631 64.79157857596874 0
      vertex 75.39999999850988 64.39999999850988 0
    endloop
  endfacet
  facet normal 0 0 -1
    outer loop
      vertex -69.60861014228867 61.3686406576214 0
      vertex 69.60861014228867 61.3686406576214 0
      vertex 69.75 61.274166975080234 0
    endloop
  endfacet
  facet normal 0 0 -1
    outer loop
      vertex -69.48076118445749 61.48076118445749 0
      vertex 69.48076118445749 61.48076118445749 0
      vertex 69.60861014228867 61.3686406576214 0
    endloop
  endfacet
  facet normal 0 0 -1
    outer loop
      vertex -69.3686406576214 61.60861014228867 0
      vertex 69.3686406576214 61.60861014228867 0
      vertex 69.48076118445749 61.48076118445749 0
    endloop
  endfacet
  facet normal 0 0 -1
    outer loop
      vertex -70.06353524136672 61.144296425824216 0
      vertex 70.06353524136672 61.144296425824216 0
      vertex 70.23031595011393 61.111121680214055 0
    endloop
  endfacet
  facet normal 0 0 -1
    outer loop
      vertex -69.90251153792539 61.19895660773533 0
      vertex 69.90251153792539 61.19895660773533 0
      vertex 70.06353524136672 61.144296425824216 0
    endloop
  endfacet
  facet normal 0 0 -1
    outer loop
      vertex -69.75 61.274166975080234 0
      vertex 69.75 61.274166975080234 0
      vertex 69.90251153792539 61.19895660773533 0
    endloop
  endfacet
  facet normal 0 0 -1
    outer loop
      vertex -70.23031595011393 61.111121680214055 0
      vertex 70.23031595011393 61.111121680214055 0
      vertex 70.4 61.10000000000001 0
    endloop
  endfacet
  facet normal 0 0 -1
    outer loop
      vertex -69.19895660773533 61.90251153792539 0
      vertex 69.19895660773533 61.90251153792539 0
      vertex 69.27416697508023 61.75000000000001 0
    endloop
  endfacet
  facet normal 0 0 -1
    outer loop
      vertex -69.27416697508023 61.75000000000001 0
      vertex 69.27416697508023 61.75000000000001 0
      vertex 69.3686406576214 61.60861014228867 0
    endloop
  endfacet
  facet normal 0 0 -1
    outer loop
      vertex -69.14429642582422 62.06353524136673 0
      vertex 69.14429642582422 62.06353524136673 0
      vertex 69.19895660773533 61.90251153792539 0
    endloop
  endfacet
  facet normal 0 0 -1
    outer loop
      vertex -69.11112168021405 62.23031595011394 0
      vertex 69.11112168021405 62.23031595011394 0
      vertex 69.14429642582422 62.06353524136673 0
    endloop
  endfacet
  facet normal 0 0 -1
    outer loop
      vertex -69.10000000000001 62.400000000000006 0
      vertex 69.10000000000001 62.400000000000006 0
      vertex 69.11112168021405 62.23031595011394 0
    endloop
  endfacet
  facet normal 0 0 -1
    outer loop
      vertex -69.11112168021405 62.56968404988607 0
      vertex 69.11112168021405 62.56968404988607 0
      vertex 69.10000000000001 62.400000000000006 0
    endloop
  endfacet
  facet normal 0 0 -1
    outer loop
      vertex -69.14429642582422 62.73646475863328 0
      vertex 69.14429642582422 62.73646475863328 0
      vertex 69.11112168021405 62.56968404988607 0
    endloop
  endfacet
  facet normal 0 0 -1
    outer loop
      vertex -69.19895660773533 62.89748846207462 0
      vertex 69.19895660773533 62.89748846207462 0
      vertex 69.14429642582422 62.73646475863328 0
    endloop
  endfacet
  facet normal 0 0 -1
    outer loop
      vertex -69.27416697508023 63.050000000000004 0
      vertex 69.27416697508023 63.050000000000004 0
      vertex 69.19895660773533 62.89748846207462 0
    endloop
  endfacet
  facet normal 0 0 -1
    outer loop
      vertex -69.3686406576214 63.19138985771134 0
      vertex 69.3686406576214 63.19138985771134 0
      vertex 69.27416697508023 63.050000000000004 0
    endloop
  endfacet
  facet normal 0 0 -1
    outer loop
      vertex -75.39999999850988 64.39999999850988 0
      vertex 70.23031595011393 63.68887831978596 0
      vertex 70.06353524136672 63.655703574175796 0
    endloop
  endfacet
  facet normal 0 0 -1
    outer loop
      vertex -75.39999999850988 64.39999999850988 0
      vertex 70.06353524136672 63.655703574175796 0
      vertex 69.90251153792539 63.60104339226468 0
    endloop
  endfacet
  facet normal 0 0 -1
    outer loop
      vertex -75.39999999850988 64.39999999850988 0
      vertex 70.4 63.7 0
      vertex 70.23031595011393 63.68887831978596 0
    endloop
  endfacet
  facet normal 0 0 -1
    outer loop
      vertex -69.48076118445749 63.31923881554252 0
      vertex 69.48076118445749 63.31923881554252 0
      vertex 69.3686406576214 63.19138985771134 0
    endloop
  endfacet
  facet normal 0 0 -1
    outer loop
      vertex -69.60861014228867 63.43135934237861 0
      vertex 69.60861014228867 63.43135934237861 0
      vertex 69.48076118445749 63.31923881554252 0
    endloop
  endfacet
  facet normal 0 0 -1
    outer loop
      vertex -69.75 63.52583302491978 0
      vertex 69.75 63.52583302491978 0
      vertex 69.60861014228867 63.43135934237861 0
    endloop
  endfacet
  facet normal 0 0 -1
    outer loop
      vertex -69.90251153792539 63.60104339226468 0
      vertex 69.90251153792539 63.60104339226468 0
      vertex 69.75 63.52583302491978 0
    endloop
  endfacet
  facet normal 0 0 -1
    outer loop
      vertex -75.39999999850988 64.39999999850988 0
      vertex 75.29777747392654 65.17645713686943 0
      vertex 70.4 63.7 0
    endloop
  endfacet
  facet normal 0 0 -1
    outer loop
      vertex -75.39999999850988 64.39999999850988 0
      vertex 75.17163859307766 65.54805029928684 0
      vertex 75.29777747392654 65.17645713686943 0
    endloop
  endfacet
  facet normal 0 0 -1
    outer loop
      vertex -75.17163859307766 65.54805029928684 0
      vertex 74.52132034301758 66.52132034301758 0
      vertex 74.78006002306938 66.22628428786993 0
    endloop
  endfacet
  facet normal 0 0 -1
    outer loop
      vertex -73.54805029928684 67.17163859307766 0
      vertex 72.39999999850988 67.39999999850988 0
      vertex 72.79157857596874 67.37433458119631 0
    endloop
  endfacet
  facet normal 0 0 -1
    outer loop
      vertex -73.89999999850988 66.99807620793581 0
      vertex 72.79157857596874 67.37433458119631 0
      vertex 73.17645713686943 67.29777747392654 0
    endloop
  endfacet
  facet normal 0 0 -1
    outer loop
      vertex -74.99807620793581 65.89999999850988 0
      vertex 74.22628428786993 66.78006002306938 0
      vertex 74.52132034301758 66.52132034301758 0
    endloop
  endfacet
  facet normal 0 0 -1
    outer loop
      vertex -74.78006002306938 66.22628428786993 0
      vertex 73.89999999850988 66.99807620793581 0
      vertex 74.22628428786993 66.78006002306938 0
    endloop
  endfacet
  facet normal 0 0 -1
    outer loop
      vertex -74.22628428786993 66.78006002306938 0
      vertex 73.17645713686943 67.29777747392654 0
      vertex 73.54805029928684 67.17163859307766 0
    endloop
  endfacet
  facet normal 0 0 -1
    outer loop
      vertex -74.52132034301758 66.52132034301758 0
      vertex 73.54805029928684 67.17163859307766 0
      vertex 73.89999999850988 66.99807620793581 0
    endloop
  endfacet
  facet normal 0 0 -1
    outer loop
      vertex -75.37433458119631 64.79157857596874 0
      vertex 74.99807620793581 65.89999999850988 0
      vertex 75.17163859307766 65.54805029928684 0
    endloop
  endfacet
  facet normal 0 0 -1
    outer loop
      vertex -75.29777747392654 65.17645713686943 0
      vertex 74.78006002306938 66.22628428786993 0
      vertex 74.99807620793581 65.89999999850988 0
    endloop
  endfacet
  facet normal 0 1 0
    outer loop
      vertex -72.39999999850988 67.39999999850988 0
      vertex 72.39999999850988 67.39999999850988 2.4
      vertex 72.39999999850988 67.39999999850988 0
    endloop
  endfacet
  facet normal 0 0 -1
    outer loop
      vertex 75.37433458119631 64.79157857596874 0
      vertex 71.31923881554252 61.48076118445749 0
      vertex 71.43135934237861 61.60861014228867 0
    endloop
  endfacet
  facet normal 0 0 -1
    outer loop
      vertex 75.37433458119631 64.79157857596874 0
      vertex 71.19138985771134 61.3686406576214 0
      vertex 71.31923881554252 61.48076118445749 0
    endloop
  endfacet
  facet normal 0 0 -1
    outer loop
      vertex 75.37433458119631 64.79157857596874 0
      vertex 71.43135934237861 61.60861014228867 0
      vertex 71.52583302491978 61.75000000000001 0
    endloop
  endfacet
  facet normal 0 0 -1
    outer loop
      vertex 75.37433458119631 64.79157857596874 0
      vertex 71.60104339226469 61.90251153792539 0
      vertex 71.65570357417579 62.06353524136673 0
    endloop
  endfacet
  facet normal 0 0 -1
    outer loop
      vertex 75.37433458119631 64.79157857596874 0
      vertex 71.52583302491978 61.75000000000001 0
      vertex 71.60104339226469 61.90251153792539 0
    endloop
  endfacet
  facet normal 0 0 -1
    outer loop
      vertex 75.29777747392654 65.17645713686943 0
      vertex 71.65570357417579 62.06353524136673 0
      vertex 71.68887831978596 62.23031595011394 0
    endloop
  endfacet
  facet normal 0 0 -1
    outer loop
      vertex 75.29777747392654 65.17645713686943 0
      vertex 70.56968404988608 63.68887831978596 0
      vertex 70.4 63.7 0
    endloop
  endfacet
  facet normal 0 0 -1
    outer loop
      vertex 75.29777747392654 65.17645713686943 0
      vertex 70.73646475863329 63.655703574175796 0
      vertex 70.56968404988608 63.68887831978596 0
    endloop
  endfacet
  facet normal 0 0 -1
    outer loop
      vertex 75.29777747392654 65.17645713686943 0
      vertex 71.05000000000001 63.52583302491978 0
      vertex 70.89748846207462 63.60104339226468 0
    endloop
  endfacet
  facet normal 0 0 -1
    outer loop
      vertex 75.29777747392654 65.17645713686943 0
      vertex 70.89748846207462 63.60104339226468 0
      vertex 70.73646475863329 63.655703574175796 0
    endloop
  endfacet
  facet normal 0 0 -1
    outer loop
      vertex 75.29777747392654 65.17645713686943 0
      vertex 71.68887831978596 62.23031595011394 0
      vertex 71.7 62.400000000000006 0
    endloop
  endfacet
  facet normal 0 0 -1
    outer loop
      vertex 75.29777747392654 65.17645713686943 0
      vertex 71.7 62.400000000000006 0
      vertex 71.68887831978596 62.56968404988607 0
    endloop
  endfacet
  facet normal 0 0 -1
    outer loop
      vertex 75.29777747392654 65.17645713686943 0
      vertex 71.68887831978596 62.56968404988607 0
      vertex 71.65570357417579 62.73646475863328 0
    endloop
  endfacet
  facet normal 0 0 -1
    outer loop
      vertex 75.29777747392654 65.17645713686943 0
      vertex 71.65570357417579 62.73646475863328 0
      vertex 71.60104339226469 62.89748846207462 0
    endloop
  endfacet
  facet normal 0 0 -1
    outer loop
      vertex 75.29777747392654 65.17645713686943 0
      vertex 71.60104339226469 62.89748846207462 0
      vertex 71.52583302491978 63.050000000000004 0
    endloop
  endfacet
  facet normal 0 0 -1
    outer loop
      vertex 75.29777747392654 65.17645713686943 0
      vertex 71.43135934237861 63.19138985771134 0
      vertex 71.31923881554252 63.31923881554252 0
    endloop
  endfacet
  facet normal 0 0 -1
    outer loop
      vertex 75.29777747392654 65.17645713686943 0
      vertex 71.31923881554252 63.31923881554252 0
      vertex 71.19138985771134 63.43135934237861 0
    endloop
  endfacet
  facet normal 0 0 -1
    outer loop
      vertex 75.29777747392654 65.17645713686943 0
      vertex 71.19138985771134 63.43135934237861 0
      vertex 71.05000000000001 63.52583302491978 0
    endloop
  endfacet
  facet normal 0 0 -1
    outer loop
      vertex 75.29777747392654 65.17645713686943 0
      vertex 71.52583302491978 63.050000000000004 0
      vertex 71.43135934237861 63.19138985771134 0
    endloop
  endfacet
  facet normal 0 0 -1
    outer loop
      vertex 75.37433458119631 64.79157857596874 0
      vertex 71.65570357417579 62.06353524136673 0
      vertex 75.29777747392654 65.17645713686943 0
    endloop
  endfacet
  facet normal 0.06540313273849395 0.9978589230086541 0
    outer loop
      vertex 72.39999999850988 67.39999999850988 0
      vertex 72.79157857596874 67.37433458119631 2.4
      vertex 72.79157857596874 67.37433458119631 0
    endloop
  endfacet
  facet normal 0.9978589230086541 0.06540313273849395 0
    outer loop
      vertex 75.39999999850988 64.39999999850988 0
      vertex 75.37433458119631 64.79157857596874 0
      vertex 75.39999999850988 64.39999999850988 2.4
    endloop
  endfacet
  facet normal 0.980785279639006 0.1950903258581441 0
    outer loop
      vertex 75.37433458119631 64.79157857596874 0
      vertex 75.29777747392654 65.17645713686943 0
      vertex 75.37433458119631 64.79157857596874 2.4
    endloop
  endfacet
  facet normal 0.1950903258581441 0.980785279639006 0
    outer loop
      vertex 72.79157857596874 67.37433458119631 0
      vertex 73.17645713686943 67.29777747392654 2.4
      vertex 73.17645713686943 67.29777747392654 0
    endloop
  endfacet
  facet normal 0.32143946370773846 0.9469301300366788 0
    outer loop
      vertex 73.17645713686943 67.29777747392654 0
      vertex 73.54805029928684 67.17163859307766 2.4
      vertex 73.54805029928684 67.17163859307766 0
    endloop
  endfacet
  facet normal 0.5555702203832522 0.8314696207458843 0
    outer loop
      vertex 73.89999999850988 66.99807620793581 0
      vertex 74.22628428786993 66.78006002306938 2.4
      vertex 74.22628428786993 66.78006002306938 0
    endloop
  endfacet
  facet normal 0.4422886918115197 0.8968727407473451 0
    outer loop
      vertex 73.54805029928684 67.17163859307766 0
      vertex 73.89999999850988 66.99807620793581 2.4
      vertex 73.89999999850988 66.99807620793581 0
    endloop
  endfacet
  facet normal 0.7518398024852507 0.6593458207943228 0
    outer loop
      vertex 74.78006002306938 66.22628428786993 0
      vertex 74.52132034301758 66.52132034301758 0
      vertex 74.78006002306938 66.22628428786993 2.4
    endloop
  endfacet
  facet normal 0.9469301300366788 0.32143946370773846 0
    outer loop
      vertex 75.29777747392654 65.17645713686943 0
      vertex 75.17163859307766 65.54805029928684 0
      vertex 75.29777747392654 65.17645713686943 2.4
    endloop
  endfacet
  facet normal 0.8968727407473451 0.4422886918115197 0
    outer loop
      vertex 75.17163859307766 65.54805029928684 0
      vertex 74.99807620793581 65.89999999850988 0
      vertex 75.17163859307766 65.54805029928684 2.4
    endloop
  endfacet
  facet normal 0.8314696207458843 0.5555702203832522 0
    outer loop
      vertex 74.78006002306938 66.22628428786993 0
      vertex 74.99807620793581 65.89999999850988 2.4
      vertex 74.99807620793581 65.89999999850988 0
    endloop
  endfacet
  facet normal 0.6593458207943228 0.7518398024852507 0
    outer loop
      vertex 74.22628428786993 66.78006002306938 0
      vertex 74.52132034301758 66.52132034301758 2.4
      vertex 74.52132034301758 66.52132034301758 0
    endloop
  endfacet
  facet normal 0 0 1
    outer loop
      vertex -75.39999999850988 -64.39999999850988 2.4
      vertex 69.48076118445749 61.48076118445749 2.4
      vertex 69.3686406576214 61.60861014228867 2.4
    endloop
  endfacet
  facet normal 0 0 1
    outer loop
      vertex -75.39999999850988 -64.39999999850988 2.4
      vertex 69.3686406576214 61.60861014228867 2.4
      vertex 69.27416697508023 61.75000000000001 2.4
    endloop
  endfacet
  facet normal 0 0 1
    outer loop
      vertex -75.39999999850988 -64.39999999850988 2.4
      vertex 69.27416697508023 61.75000000000001 2.4
      vertex 69.19895660773533 61.90251153792539 2.4
    endloop
  endfacet
  facet normal 0 0 1
    outer loop
      vertex -75.39999999850988 -64.39999999850988 2.4
      vertex 69.75 61.274166975080234 2.4
      vertex 69.60861014228867 61.3686406576214 2.4
    endloop
  endfacet
  facet normal 0 0 1
    outer loop
      vertex -75.39999999850988 -64.39999999850988 2.4
      vertex 69.90251153792539 61.19895660773533 2.4
      vertex 69.75 61.274166975080234 2.4
    endloop
  endfacet
  facet normal 0 0 1
    outer loop
      vertex -75.39999999850988 -64.39999999850988 2.4
      vertex 70.23031595011393 61.111121680214055 2.4
      vertex 70.06353524136672 61.144296425824216 2.4
    endloop
  endfacet
  facet normal 0 0 1
    outer loop
      vertex -75.39999999850988 -64.39999999850988 2.4
      vertex 70.06353524136672 61.144296425824216 2.4
      vertex 69.90251153792539 61.19895660773533 2.4
    endloop
  endfacet
  facet normal 0 0 1
    outer loop
      vertex -75.39999999850988 -64.39999999850988 2.4
      vertex 70.4 61.10000000000001 2.4
      vertex 70.23031595011393 61.111121680214055 2.4
    endloop
  endfacet
  facet normal 0 0 1
    outer loop
      vertex -75.39999999850988 -64.39999999850988 2.4
      vertex 69.60861014228867 61.3686406576214 2.4
      vertex 69.48076118445749 61.48076118445749 2.4
    endloop
  endfacet
  facet normal 0 0 1
    outer loop
      vertex -75.39999999850988 -64.39999999850988 2.4
      vertex 70.56968404988608 61.111121680214055 2.4
      vertex 70.4 61.10000000000001 2.4
    endloop
  endfacet
  facet normal 0 0 1
    outer loop
      vertex -75.39999999850988 -64.39999999850988 2.4
      vertex 70.73646475863329 61.144296425824216 2.4
      vertex 70.56968404988608 61.111121680214055 2.4
    endloop
  endfacet
  facet normal 0 0 1
    outer loop
      vertex -75.39999999850988 -64.39999999850988 2.4
      vertex 70.89748846207462 61.19895660773533 2.4
      vertex 70.73646475863329 61.144296425824216 2.4
    endloop
  endfacet
  facet normal 0 0 1
    outer loop
      vertex -75.39999999850988 -64.39999999850988 2.4
      vertex 71.05000000000001 61.274166975080234 2.4
      vertex 70.89748846207462 61.19895660773533 2.4
    endloop
  endfacet
  facet normal 0 0 1
    outer loop
      vertex -75.39999999850988 -64.39999999850988 2.4
      vertex 71.19138985771134 61.3686406576214 2.4
      vertex 71.05000000000001 61.274166975080234 2.4
    endloop
  endfacet
  facet normal 0 0 1
    outer loop
      vertex -75.39999999850988 -64.39999999850988 2.4
      vertex 75.37433458119631 64.79157857596874 2.4
      vertex 71.19138985771134 61.3686406576214 2.4
    endloop
  endfacet
  facet normal 0 0 1
    outer loop
      vertex -75.37433458119631 -64.79157857596874 2.4
      vertex 75.39999999850988 64.39999999850988 2.4
      vertex 75.37433458119631 64.79157857596874 2.4
    endloop
  endfacet
  facet normal 0 0 1
    outer loop
      vertex -69.19895660773533 61.90251153792539 2.4
      vertex 69.19895660773533 61.90251153792539 2.4
      vertex 69.14429642582422 62.06353524136673 2.4
    endloop
  endfacet
  facet normal 0 0 1
    outer loop
      vertex -69.14429642582422 62.06353524136673 2.4
      vertex 69.14429642582422 62.06353524136673 2.4
      vertex 69.11112168021405 62.23031595011394 2.4
    endloop
  endfacet
  facet normal 0 0 1
    outer loop
      vertex -69.11112168021405 62.23031595011394 2.4
      vertex 69.11112168021405 62.23031595011394 2.4
      vertex 69.10000000000001 62.400000000000006 2.4
    endloop
  endfacet
  facet normal 0 0 1
    outer loop
      vertex -69.10000000000001 62.400000000000006 2.4
      vertex 69.10000000000001 62.400000000000006 2.4
      vertex 69.11112168021405 62.56968404988607 2.4
    endloop
  endfacet
  facet normal 0 0 1
    outer loop
      vertex -69.11112168021405 62.56968404988607 2.4
      vertex 69.11112168021405 62.56968404988607 2.4
      vertex 69.14429642582422 62.73646475863328 2.4
    endloop
  endfacet
  facet normal 0 0 1
    outer loop
      vertex -69.14429642582422 62.73646475863328 2.4
      vertex 69.14429642582422 62.73646475863328 2.4
      vertex 69.19895660773533 62.89748846207462 2.4
    endloop
  endfacet
  facet normal 0 0 1
    outer loop
      vertex -69.19895660773533 62.89748846207462 2.4
      vertex 69.19895660773533 62.89748846207462 2.4
      vertex 69.27416697508023 63.050000000000004 2.4
    endloop
  endfacet
  facet normal 0 0 1
    outer loop
      vertex -69.27416697508023 63.050000000000004 2.4
      vertex 69.27416697508023 63.050000000000004 2.4
      vertex 69.3686406576214 63.19138985771134 2.4
    endloop
  endfacet
  facet normal 0 0 1
    outer loop
      vertex -75.39999999850988 64.39999999850988 2.4
      vertex 70.06353524136672 63.655703574175796 2.4
      vertex 70.23031595011393 63.68887831978596 2.4
    endloop
  endfacet
  facet normal 0 0 1
    outer loop
      vertex -75.39999999850988 64.39999999850988 2.4
      vertex 69.90251153792539 63.60104339226468 2.4
      vertex 70.06353524136672 63.655703574175796 2.4
    endloop
  endfacet
  facet normal 0 0 1
    outer loop
      vertex -75.39999999850988 64.39999999850988 2.4
      vertex 70.23031595011393 63.68887831978596 2.4
      vertex 70.4 63.7 2.4
    endloop
  endfacet
  facet normal 0 0 1
    outer loop
      vertex -69.3686406576214 63.19138985771134 2.4
      vertex 69.3686406576214 63.19138985771134 2.4
      vertex 69.48076118445749 63.31923881554252 2.4
    endloop
  endfacet
  facet normal 0 0 1
    outer loop
      vertex -69.48076118445749 63.31923881554252 2.4
      vertex 69.48076118445749 63.31923881554252 2.4
      vertex 69.60861014228867 63.43135934237861 2.4
    endloop
  endfacet
  facet normal 0 0 1
    outer loop
      vertex -69.60861014228867 63.43135934237861 2.4
      vertex 69.60861014228867 63.43135934237861 2.4
      vertex 69.75 63.52583302491978 2.4
    endloop
  endfacet
  facet normal 0 0 1
    outer loop
      vertex -69.75 63.52583302491978 2.4
      vertex 69.75 63.52583302491978 2.4
      vertex 69.90251153792539 63.60104339226468 2.4
    endloop
  endfacet
  facet normal 0 0 1
    outer loop
      vertex -75.39999999850988 64.39999999850988 2.4
      vertex 70.4 63.7 2.4
      vertex 75.29777747392654 65.17645713686943 2.4
    endloop
  endfacet
  facet normal 0 0 1
    outer loop
      vertex -75.39999999850988 64.39999999850988 2.4
      vertex 75.29777747392654 65.17645713686943 2.4
      vertex 75.17163859307766 65.54805029928684 2.4
    endloop
  endfacet
  facet normal 0 0 1
    outer loop
      vertex -75.17163859307766 65.54805029928684 2.4
      vertex 74.78006002306938 66.22628428786993 2.4
      vertex 74.52132034301758 66.52132034301758 2.4
    endloop
  endfacet
  facet normal 0 0 1
    outer loop
      vertex -73.54805029928684 67.17163859307766 2.4
      vertex 72.79157857596874 67.37433458119631 2.4
      vertex 72.39999999850988 67.39999999850988 2.4
    endloop
  endfacet
  facet normal 0 0 1
    outer loop
      vertex -73.89999999850988 66.99807620793581 2.4
      vertex 73.17645713686943 67.29777747392654 2.4
      vertex 72.79157857596874 67.37433458119631 2.4
    endloop
  endfacet
  facet normal 0 0 1
    outer loop
      vertex -74.99807620793581 65.89999999850988 2.4
      vertex 74.52132034301758 66.52132034301758 2.4
      vertex 74.22628428786993 66.78006002306938 2.4
    endloop
  endfacet
  facet normal 0 0 1
    outer loop
      vertex -74.78006002306938 66.22628428786993 2.4
      vertex 74.22628428786993 66.78006002306938 2.4
      vertex 73.89999999850988 66.99807620793581 2.4
    endloop
  endfacet
  facet normal 0 0 1
    outer loop
      vertex -74.22628428786993 66.78006002306938 2.4
      vertex 73.54805029928684 67.17163859307766 2.4
      vertex 73.17645713686943 67.29777747392654 2.4
    endloop
  endfacet
  facet normal 0 0 1
    outer loop
      vertex -74.52132034301758 66.52132034301758 2.4
      vertex 73.89999999850988 66.99807620793581 2.4
      vertex 73.54805029928684 67.17163859307766 2.4
    endloop
  endfacet
  facet normal 0 0 1
    outer loop
      vertex -75.37433458119631 64.79157857596874 2.4
      vertex 75.17163859307766 65.54805029928684 2.4
      vertex 74.99807620793581 65.89999999850988 2.4
    endloop
  endfacet
  facet normal 0 0 1
    outer loop
      vertex -75.29777747392654 65.17645713686943 2.4
      vertex 74.99807620793581 65.89999999850988 2.4
      vertex 74.78006002306938 66.22628428786993 2.4
    endloop
  endfacet
  facet normal 1 0 0
    outer loop
      vertex 75.39999999850988 -64.39999999850988 2.4
      vertex 75.39999999850988 64.39999999850988 0
      vertex 75.39999999850988 64.39999999850988 2.4
    endloop
  endfacet
  facet normal 0.06540313273849395 0.9978589230086541 0
    outer loop
      vertex 72.39999999850988 67.39999999850988 0
      vertex 72.39999999850988 67.39999999850988 2.4
      vertex 72.79157857596874 67.37433458119631 2.4
    endloop
  endfacet
  facet normal 0.1950903258581441 0.980785279639006 0
    outer loop
      vertex 72.79157857596874 67.37433458119631 0
      vertex 72.79157857596874 67.37433458119631 2.4
      vertex 73.17645713686943 67.29777747392654 2.4
    endloop
  endfacet
  facet normal 0.9978589230086541 0.06540313273849395 0
    outer loop
      vertex 75.37433458119631 64.79157857596874 0
      vertex 75.37433458119631 64.79157857596874 2.4
      vertex 75.39999999850988 64.39999999850988 2.4
    endloop
  endfacet
  facet normal 0.980785279639006 0.1950903258581441 0
    outer loop
      vertex 75.29777747392654 65.17645713686943 0
      vertex 75.29777747392654 65.17645713686943 2.4
      vertex 75.37433458119631 64.79157857596874 2.4
    endloop
  endfacet
  facet normal 0.32143946370773846 0.9469301300366788 0
    outer loop
      vertex 73.17645713686943 67.29777747392654 0
      vertex 73.17645713686943 67.29777747392654 2.4
      vertex 73.54805029928684 67.17163859307766 2.4
    endloop
  endfacet
  facet normal 0.4422886918115197 0.8968727407473451 0
    outer loop
      vertex 73.54805029928684 67.17163859307766 0
      vertex 73.54805029928684 67.17163859307766 2.4
      vertex 73.89999999850988 66.99807620793581 2.4
    endloop
  endfacet
  facet normal 0.5555702203832522 0.8314696207458843 0
    outer loop
      vertex 73.89999999850988 66.99807620793581 0
      vertex 73.89999999850988 66.99807620793581 2.4
      vertex 74.22628428786993 66.78006002306938 2.4
    endloop
  endfacet
  facet normal 0.8968727407473451 0.4422886918115197 0
    outer loop
      vertex 74.99807620793581 65.89999999850988 0
      vertex 74.99807620793581 65.89999999850988 2.4
      vertex 75.17163859307766 65.54805029928684 2.4
    endloop
  endfacet
  facet normal 0.9469301300366788 0.32143946370773846 0
    outer loop
      vertex 75.17163859307766 65.54805029928684 0
      vertex 75.17163859307766 65.54805029928684 2.4
      vertex 75.29777747392654 65.17645713686943 2.4
    endloop
  endfacet
  facet normal 0.8314696207458843 0.5555702203832522 0
    outer loop
      vertex 74.78006002306938 66.22628428786993 0
      vertex 74.78006002306938 66.22628428786993 2.4
      vertex 74.99807620793581 65.89999999850988 2.4
    endloop
  endfacet
  facet normal 0.6593458207943228 0.7518398024852507 0
    outer loop
      vertex 74.22628428786993 66.78006002306938 0
      vertex 74.22628428786993 66.78006002306938 2.4
      vertex 74.52132034301758 66.52132034301758 2.4
    endloop
  endfacet
  facet normal 0.7518398024852507 0.6593458207943228 0
    outer loop
      vertex 74.52132034301758 66.52132034301758 0
      vertex 74.52132034301758 66.52132034301758 2.4
      vertex 74.78006002306938 66.22628428786993 2.4
    endloop
  endfacet
  facet normal 0 0 1
    outer loop
      vertex 75.37433458119631 64.79157857596874 2.4
      vertex 71.43135934237861 61.60861014228867 2.4
      vertex 71.31923881554252 61.48076118445749 2.4
    endloop
  endfacet
  facet normal 0 0 1
    outer loop
      vertex 75.37433458119631 64.79157857596874 2.4
      vertex 71.31923881554252 61.48076118445749 2.4
      vertex 71.19138985771134 61.3686406576214 2.4
    endloop
  endfacet
  facet normal 0 0 1
    outer loop
      vertex 75.37433458119631 64.79157857596874 2.4
      vertex 71.52583302491978 61.75000000000001 2.4
      vertex 71.43135934237861 61.60861014228867 2.4
    endloop
  endfacet
  facet normal 0 0 1
    outer loop
      vertex 75.37433458119631 64.79157857596874 2.4
      vertex 71.60104339226469 61.90251153792539 2.4
      vertex 71.52583302491978 61.75000000000001 2.4
    endloop
  endfacet
  facet normal 0 0 1
    outer loop
      vertex 75.29777747392654 65.17645713686943 2.4
      vertex 71.65570357417579 62.06353524136673 2.4
      vertex 71.60104339226469 61.90251153792539 2.4
    endloop
  endfacet
  facet normal 0 0 1
    outer loop
      vertex 75.29777747392654 65.17645713686943 2.4
      vertex 71.68887831978596 62.23031595011394 2.4
      vertex 71.65570357417579 62.06353524136673 2.4
    endloop
  endfacet
  facet normal 0 0 1
    outer loop
      vertex 75.29777747392654 65.17645713686943 2.4
      vertex 70.4 63.7 2.4
      vertex 70.56968404988608 63.68887831978596 2.4
    endloop
  endfacet
  facet normal 0 0 1
    outer loop
      vertex 75.29777747392654 65.17645713686943 2.4
      vertex 70.56968404988608 63.68887831978596 2.4
      vertex 70.73646475863329 63.655703574175796 2.4
    endloop
  endfacet
  facet normal 0 0 1
    outer loop
      vertex 75.29777747392654 65.17645713686943 2.4
      vertex 70.89748846207462 63.60104339226468 2.4
      vertex 71.05000000000001 63.52583302491978 2.4
    endloop
  endfacet
  facet normal 0 0 1
    outer loop
      vertex 75.29777747392654 65.17645713686943 2.4
      vertex 70.73646475863329 63.655703574175796 2.4
      vertex 70.89748846207462 63.60104339226468 2.4
    endloop
  endfacet
  facet normal 0 0 1
    outer loop
      vertex 75.29777747392654 65.17645713686943 2.4
      vertex 71.7 62.400000000000006 2.4
      vertex 71.68887831978596 62.23031595011394 2.4
    endloop
  endfacet
  facet normal 0 0 1
    outer loop
      vertex 75.29777747392654 65.17645713686943 2.4
      vertex 71.68887831978596 62.56968404988607 2.4
      vertex 71.7 62.400000000000006 2.4
    endloop
  endfacet
  facet normal 0 0 1
    outer loop
      vertex 75.29777747392654 65.17645713686943 2.4
      vertex 71.65570357417579 62.73646475863328 2.4
      vertex 71.68887831978596 62.56968404988607 2.4
    endloop
  endfacet
  facet normal 0 0 1
    outer loop
      vertex 75.29777747392654 65.17645713686943 2.4
      vertex 71.60104339226469 62.89748846207462 2.4
      vertex 71.65570357417579 62.73646475863328 2.4
    endloop
  endfacet
  facet normal 0 0 1
    outer loop
      vertex 75.29777747392654 65.17645713686943 2.4
      vertex 71.52583302491978 63.050000000000004 2.4
      vertex 71.60104339226469 62.89748846207462 2.4
    endloop
  endfacet
  facet normal 0 0 1
    outer loop
      vertex 75.29777747392654 65.17645713686943 2.4
      vertex 71.31923881554252 63.31923881554252 2.4
      vertex 71.43135934237861 63.19138985771134 2.4
    endloop
  endfacet
  facet normal 0 0 1
    outer loop
      vertex 75.29777747392654 65.17645713686943 2.4
      vertex 71.19138985771134 63.43135934237861 2.4
      vertex 71.31923881554252 63.31923881554252 2.4
    endloop
  endfacet
  facet normal 0 0 1
    outer loop
      vertex 75.29777747392654 65.17645713686943 2.4
      vertex 71.05000000000001 63.52583302491978 2.4
      vertex 71.19138985771134 63.43135934237861 2.4
    endloop
  endfacet
  facet normal 0 0 1
    outer loop
      vertex 75.29777747392654 65.17645713686943 2.4
      vertex 71.43135934237861 63.19138985771134 2.4
      vertex 71.52583302491978 63.050000000000004 2.4
    endloop
  endfacet
  facet normal 0 0 1
    outer loop
      vertex 75.37433458119631 64.79157857596874 2.4
      vertex 75.29777747392654 65.17645713686943 2.4
      vertex 71.60104339226469 61.90251153792539 2.4
    endloop
  endfacet
endsolid OpenSCAD_Model
